clean_file,enhanced_file,sampling_rate,PESQ_Noisy,SI_SDR_Noisy,STOI_Noisy,DNSMOS_p808_mos_Noisy,DNSMOS_mos_sig_Noisy,DNSMOS_mos_bak_Noisy,DNSMOS_mos_ovr_Noisy,source_file,enhanced_file_specsub,sampling_rate_specsub,PESQ_specsub,SI_SDR_specsub,STOI_specsub,DNSMOS_p808_mos_specsub,DNSMOS_mos_sig_specsub,DNSMOS_mos_bak_specsub,DNSMOS_mos_ovr_specsub,source_file_specsub,enhanced_file_ss_rdc,sampling_rate_ss_rdc,PESQ_ss_rdc,SI_SDR_ss_rdc,STOI_ss_rdc,DNSMOS_p808_mos_ss_rdc,DNSMOS_mos_sig_ss_rdc,DNSMOS_mos_bak_ss_rdc,DNSMOS_mos_ovr_ss_rdc,source_file_ss_rdc,enhanced_file_mband_lin_avr1,sampling_rate_mband_lin_avr1,PESQ_mband_lin_avr1,SI_SDR_mband_lin_avr1,STOI_mband_lin_avr1,DNSMOS_p808_mos_mband_lin_avr1,DNSMOS_mos_sig_mband_lin_avr1,DNSMOS_mos_bak_mband_lin_avr1,DNSMOS_mos_ovr_mband_lin_avr1,source_file_mband_lin_avr1,enhanced_file_mband_log_avr1,sampling_rate_mband_log_avr1,PESQ_mband_log_avr1,SI_SDR_mband_log_avr1,STOI_mband_log_avr1,DNSMOS_p808_mos_mband_log_avr1,DNSMOS_mos_sig_mband_log_avr1,DNSMOS_mos_bak_mband_log_avr1,DNSMOS_mos_ovr_mband_log_avr1,source_file_mband_log_avr1,enhanced_file_mband_mel_avr1,sampling_rate_mband_mel_avr1,PESQ_mband_mel_avr1,SI_SDR_mband_mel_avr1,STOI_mband_mel_avr1,DNSMOS_p808_mos_mband_mel_avr1,DNSMOS_mos_sig_mband_mel_avr1,DNSMOS_mos_bak_mband_mel_avr1,DNSMOS_mos_ovr_mband_mel_avr1,source_file_mband_mel_avr1,noise_category
p092_emo_adoration_freeform,BASELINE_p092_emo_adoration_freeform_NOIZEUS_NOISE_DATASET_cafeteria_babble_SNR[0]dB,16000,1.0672342777252195,-0.0616480335593223,0.6657214164733887,2.339170495669047,4.153013232777118,2.080801474717147,2.5163650343384623,BASELINE_NOIZEUS_EARS_metrics.csv_ENH-BASELINE_p092_emo_adoration_freeform_NOIZEUS_NOISE_DATASET_cafeteria_babble_SNR[0]dB_CLN-p092_emo_adoration_freeform.csv,specsub_p092_emo_adoration_freeform_NOIZEUS_NOISE_DATASET_cafeteria_babble_SNR[0]dB,16000,1.1030720472335815,1.7445380687713623,0.5448437929153442,2.407208840052286,1.3221861215293167,2.727315807643889,1.3492142281605324,specsub_metrics.csv_ENH-specsub_p092_emo_adoration_freeform_NOIZEUS_NOISE_DATASET_cafeteria_babble_SNR[0]dB_CLN-p092_emo_adoration_freeform.csv,ss_rdc_p092_emo_adoration_freeform_NOIZEUS_NOISE_DATASET_cafeteria_babble_SNR[0]dB,16000,1.0871412754058838,1.5801575183868408,0.6689884066581726,2.489126125971476,2.7092094033689667,2.3650069576622386,1.9026736603890613,ss_rdc_metrics.csv_ENH-ss_rdc_p092_emo_adoration_freeform_NOIZEUS_NOISE_DATASET_cafeteria_babble_SNR[0]dB_CLN-p092_emo_adoration_freeform.csv,mband_N6_lin_AVR1_p092_emo_adoration_freeform_NOIZEUS_NOISE_DATASET_cafeteria_babble_SNR[0]dB,16000,1.1580207347869873,2.947621583938598,0.6619603633880615,2.496506333351136,2.828014591118811,2.1597093990888308,1.882752209746656,mband_N6_lin_AVR1_metrics.csv_ENH-mband_N6_lin_AVR1_p092_emo_adoration_freeform_NOIZEUS_NOISE_DATASET_cafeteria_babble_SNR[0]dB_CLN-p092_emo_adoration_freeform.csv,mband_N6_log_AVR1_p092_emo_adoration_freeform_NOIZEUS_NOISE_DATASET_cafeteria_babble_SNR[0]dB,16000,1.2499077320098877,2.3079171180725098,0.6667759418487549,2.587838729222616,3.652765291866256,2.349832601166348,2.3901563504067527,mband_N6_log_AVR1_metrics.csv_ENH-mband_N6_log_AVR1_p092_emo_adoration_freeform_NOIZEUS_NOISE_DATASET_cafeteria_babble_SNR[0]dB_CLN-p092_emo_adoration_freeform.csv,mband_N6_mel_AVR1_p092_emo_adoration_freeform_NOIZEUS_NOISE_DATASET_cafeteria_babble_SNR[0]dB,16000,1.1603150367736816,2.327486991882324,0.6605383157730103,2.3907553354899087,3.694508428742752,2.1565692090737407,2.4010791701406253,mband_N6_mel_AVR1_metrics.csv_ENH-mband_N6_mel_AVR1_p092_emo_adoration_freeform_NOIZEUS_NOISE_DATASET_cafeteria_babble_SNR[0]dB_CLN-p092_emo_adoration_freeform.csv,Babble
p092_emo_adoration_sentences,BASELINE_p092_emo_adoration_sentences_NOIZEUS_NOISE_DATASET_Car Noise_60mph_SNR[0]dB,16000,1.0904881954193115,0.0255754683166742,0.6831189393997192,3.291677815573556,3.982278203567337,2.3249485526839133,2.6397158640076546,BASELINE_NOIZEUS_EARS_metrics.csv_ENH-BASELINE_p092_emo_adoration_sentences_NOIZEUS_NOISE_DATASET_Car Noise_60mph_SNR[0]dB_CLN-p092_emo_adoration_sentences.csv,specsub_p092_emo_adoration_sentences_NOIZEUS_NOISE_DATASET_Car Noise_60mph_SNR[0]dB,16000,1.145534873008728,3.1259779930114746,0.581935703754425,2.8058343955448697,1.5376150327065372,3.3826644382022617,1.4848817557899514,specsub_metrics.csv_ENH-specsub_p092_emo_adoration_sentences_NOIZEUS_NOISE_DATASET_Car Noise_60mph_SNR[0]dB_CLN-p092_emo_adoration_sentences.csv,ss_rdc_p092_emo_adoration_sentences_NOIZEUS_NOISE_DATASET_Car Noise_60mph_SNR[0]dB,16000,1.1373934745788574,3.1472182273864746,0.6709699630737305,3.150104352406093,3.0923653811236043,2.7304005737936983,2.347057228455921,ss_rdc_metrics.csv_ENH-ss_rdc_p092_emo_adoration_sentences_NOIZEUS_NOISE_DATASET_Car Noise_60mph_SNR[0]dB_CLN-p092_emo_adoration_sentences.csv,mband_N6_lin_AVR1_p092_emo_adoration_sentences_NOIZEUS_NOISE_DATASET_Car Noise_60mph_SNR[0]dB,16000,1.2618621587753296,5.76737117767334,0.688723087310791,3.2610322407313754,3.4760171258580863,2.593619570920052,2.504718995703379,mband_N6_lin_AVR1_metrics.csv_ENH-mband_N6_lin_AVR1_p092_emo_adoration_sentences_NOIZEUS_NOISE_DATASET_Car Noise_60mph_SNR[0]dB_CLN-p092_emo_adoration_sentences.csv,mband_N6_log_AVR1_p092_emo_adoration_sentences_NOIZEUS_NOISE_DATASET_Car Noise_60mph_SNR[0]dB,16000,1.2907425165176392,5.949854850769043,0.6850420236587524,3.326050656182425,3.8402134618346255,2.762080062977929,2.785330747951515,mband_N6_log_AVR1_metrics.csv_ENH-mband_N6_log_AVR1_p092_emo_adoration_sentences_NOIZEUS_NOISE_DATASET_Car Noise_60mph_SNR[0]dB_CLN-p092_emo_adoration_sentences.csv,mband_N6_mel_AVR1_p092_emo_adoration_sentences_NOIZEUS_NOISE_DATASET_Car Noise_60mph_SNR[0]dB,16000,1.2566025257110596,5.522025108337402,0.6797884106636047,3.3006196362631663,3.5034273623166525,2.585589685944502,2.474276513906649,mband_N6_mel_AVR1_metrics.csv_ENH-mband_N6_mel_AVR1_p092_emo_adoration_sentences_NOIZEUS_NOISE_DATASET_Car Noise_60mph_SNR[0]dB_CLN-p092_emo_adoration_sentences.csv,Car
p092_emo_amazement_freeform,BASELINE_p092_emo_amazement_freeform_NOIZEUS_NOISE_DATASET_Car Noise_Idle Noise_40mph_SNR[0]dB,16000,1.046845555305481,-0.0022661311086267,0.736253023147583,2.7483157430376326,4.077721650315152,1.8823738212561207,2.376026342813176,BASELINE_NOIZEUS_EARS_metrics.csv_ENH-BASELINE_p092_emo_amazement_freeform_NOIZEUS_NOISE_DATASET_Car Noise_Idle Noise_40mph_SNR[0]dB_CLN-p092_emo_amazement_freeform.csv,specsub_p092_emo_amazement_freeform_NOIZEUS_NOISE_DATASET_Car Noise_Idle Noise_40mph_SNR[0]dB,16000,1.1292996406555176,5.415557861328125,0.6489570140838623,2.64488536970956,1.7345334326910682,2.723322911879223,1.5307600524834737,specsub_metrics.csv_ENH-specsub_p092_emo_amazement_freeform_NOIZEUS_NOISE_DATASET_Car Noise_Idle Noise_40mph_SNR[0]dB_CLN-p092_emo_amazement_freeform.csv,ss_rdc_p092_emo_amazement_freeform_NOIZEUS_NOISE_DATASET_Car Noise_Idle Noise_40mph_SNR[0]dB,16000,1.069238781929016,4.008232116699219,0.7079126238822937,2.7693980761936734,3.0505123590388905,2.0863147438251177,2.048904718262384,ss_rdc_metrics.csv_ENH-ss_rdc_p092_emo_amazement_freeform_NOIZEUS_NOISE_DATASET_Car Noise_Idle Noise_40mph_SNR[0]dB_CLN-p092_emo_amazement_freeform.csv,mband_N6_lin_AVR1_p092_emo_amazement_freeform_NOIZEUS_NOISE_DATASET_Car Noise_Idle Noise_40mph_SNR[0]dB,16000,1.2025655508041382,7.6930832862854,0.7374711036682129,2.9012074129922047,3.0120211765641463,2.139054951691476,2.090385943177897,mband_N6_lin_AVR1_metrics.csv_ENH-mband_N6_lin_AVR1_p092_emo_amazement_freeform_NOIZEUS_NOISE_DATASET_Car Noise_Idle Noise_40mph_SNR[0]dB_CLN-p092_emo_amazement_freeform.csv,mband_N6_log_AVR1_p092_emo_amazement_freeform_NOIZEUS_NOISE_DATASET_Car Noise_Idle Noise_40mph_SNR[0]dB,16000,1.1981645822525024,7.247797966003418,0.7381333708763123,2.865283182689122,3.683274795017368,2.355089604796882,2.556868901114961,mband_N6_log_AVR1_metrics.csv_ENH-mband_N6_log_AVR1_p092_emo_amazement_freeform_NOIZEUS_NOISE_DATASET_Car Noise_Idle Noise_40mph_SNR[0]dB_CLN-p092_emo_amazement_freeform.csv,mband_N6_mel_AVR1_p092_emo_amazement_freeform_NOIZEUS_NOISE_DATASET_Car Noise_Idle Noise_40mph_SNR[0]dB,16000,1.20524263381958,7.743744850158691,0.754043459892273,2.923615796225412,3.653082233774308,2.2815252632097485,2.5236468191423898,mband_N6_mel_AVR1_metrics.csv_ENH-mband_N6_mel_AVR1_p092_emo_amazement_freeform_NOIZEUS_NOISE_DATASET_Car Noise_Idle Noise_40mph_SNR[0]dB_CLN-p092_emo_amazement_freeform.csv,Car
p092_emo_amazement_sentences,BASELINE_p092_emo_amazement_sentences_NOIZEUS_NOISE_DATASET_Car Noise_Idle Noise_60mph_SNR[0]dB,16000,1.0949115753173828,0.0157875958830118,0.6954527497291565,3.091194868087769,4.021723695920817,2.1745096029849966,2.5055831200872976,BASELINE_NOIZEUS_EARS_metrics.csv_ENH-BASELINE_p092_emo_amazement_sentences_NOIZEUS_NOISE_DATASET_Car Noise_Idle Noise_60mph_SNR[0]dB_CLN-p092_emo_amazement_sentences.csv,specsub_p092_emo_amazement_sentences_NOIZEUS_NOISE_DATASET_Car Noise_Idle Noise_60mph_SNR[0]dB,16000,1.1401721239089966,5.311217308044434,0.6076627373695374,2.705225944519043,1.546761655813379,2.800459559119811,1.412868297453183,specsub_metrics.csv_ENH-specsub_p092_emo_amazement_sentences_NOIZEUS_NOISE_DATASET_Car Noise_Idle Noise_60mph_SNR[0]dB_CLN-p092_emo_amazement_sentences.csv,ss_rdc_p092_emo_amazement_sentences_NOIZEUS_NOISE_DATASET_Car Noise_Idle Noise_60mph_SNR[0]dB,16000,1.1279033422470093,3.919622421264648,0.6943851709365845,2.816196918487549,2.785405501253257,1.8373901944625977,1.8171479669879167,ss_rdc_metrics.csv_ENH-ss_rdc_p092_emo_amazement_sentences_NOIZEUS_NOISE_DATASET_Car Noise_Idle Noise_60mph_SNR[0]dB_CLN-p092_emo_amazement_sentences.csv,mband_N6_lin_AVR1_p092_emo_amazement_sentences_NOIZEUS_NOISE_DATASET_Car Noise_Idle Noise_60mph_SNR[0]dB,16000,1.2587285041809082,7.037081241607666,0.6937344074249268,2.873975276947021,3.713644754442304,2.624185856295254,2.6511166277840554,mband_N6_lin_AVR1_metrics.csv_ENH-mband_N6_lin_AVR1_p092_emo_amazement_sentences_NOIZEUS_NOISE_DATASET_Car Noise_Idle Noise_60mph_SNR[0]dB_CLN-p092_emo_amazement_sentences.csv,mband_N6_log_AVR1_p092_emo_amazement_sentences_NOIZEUS_NOISE_DATASET_Car Noise_Idle Noise_60mph_SNR[0]dB,16000,1.3144910335540771,7.256080627441406,0.6983261108398438,2.815171003341675,3.702871766237668,2.37254832258,2.535834861729683,mband_N6_log_AVR1_metrics.csv_ENH-mband_N6_log_AVR1_p092_emo_amazement_sentences_NOIZEUS_NOISE_DATASET_Car Noise_Idle Noise_60mph_SNR[0]dB_CLN-p092_emo_amazement_sentences.csv,mband_N6_mel_AVR1_p092_emo_amazement_sentences_NOIZEUS_NOISE_DATASET_Car Noise_Idle Noise_60mph_SNR[0]dB,16000,1.2712346315383911,7.081987857818604,0.6935041546821594,2.7660346031188965,3.410298126685737,2.365402178066073,2.3268145487822807,mband_N6_mel_AVR1_metrics.csv_ENH-mband_N6_mel_AVR1_p092_emo_amazement_sentences_NOIZEUS_NOISE_DATASET_Car Noise_Idle Noise_60mph_SNR[0]dB_CLN-p092_emo_amazement_sentences.csv,Car
p092_emo_amusement_freeform,BASELINE_p092_emo_amusement_freeform_NOIZEUS_NOISE_DATASET_Construction_Crane_Moving_SNR[0]dB,16000,1.031414270401001,-0.0358588807284832,0.6414271593093872,2.2904826402664185,3.5712718763632827,1.4094170508500428,1.6665326785880443,BASELINE_NOIZEUS_EARS_metrics.csv_ENH-BASELINE_p092_emo_amusement_freeform_NOIZEUS_NOISE_DATASET_Construction_Crane_Moving_SNR[0]dB_CLN-p092_emo_amusement_freeform.csv,specsub_p092_emo_amusement_freeform_NOIZEUS_NOISE_DATASET_Construction_Crane_Moving_SNR[0]dB,16000,1.044741988182068,2.187352418899536,0.5997840166091919,2.154378056526184,2.6579978138896605,1.7317096643634475,1.5922516159710731,specsub_metrics.csv_ENH-specsub_p092_emo_amusement_freeform_NOIZEUS_NOISE_DATASET_Construction_Crane_Moving_SNR[0]dB_CLN-p092_emo_amusement_freeform.csv,ss_rdc_p092_emo_amusement_freeform_NOIZEUS_NOISE_DATASET_Construction_Crane_Moving_SNR[0]dB,16000,1.0340763330459597,0.1032116115093231,0.5996296405792236,2.2534929513931274,3.5459995669968345,1.5965032632535574,1.805510422604554,ss_rdc_metrics.csv_ENH-ss_rdc_p092_emo_amusement_freeform_NOIZEUS_NOISE_DATASET_Construction_Crane_Moving_SNR[0]dB_CLN-p092_emo_amusement_freeform.csv,mband_N6_lin_AVR1_p092_emo_amusement_freeform_NOIZEUS_NOISE_DATASET_Construction_Crane_Moving_SNR[0]dB,16000,1.043659806251526,1.78007972240448,0.663396418094635,2.33388614654541,3.48270897105754,1.5180968905335772,1.7844595353373482,mband_N6_lin_AVR1_metrics.csv_ENH-mband_N6_lin_AVR1_p092_emo_amusement_freeform_NOIZEUS_NOISE_DATASET_Construction_Crane_Moving_SNR[0]dB_CLN-p092_emo_amusement_freeform.csv,mband_N6_log_AVR1_p092_emo_amusement_freeform_NOIZEUS_NOISE_DATASET_Construction_Crane_Moving_SNR[0]dB,16000,1.0519105195999146,0.8505305647850037,0.6366996765136719,2.337538003921509,3.2515443284217005,1.5354505083342456,1.84311215164489,mband_N6_log_AVR1_metrics.csv_ENH-mband_N6_log_AVR1_p092_emo_amusement_freeform_NOIZEUS_NOISE_DATASET_Construction_Crane_Moving_SNR[0]dB_CLN-p092_emo_amusement_freeform.csv,mband_N6_mel_AVR1_p092_emo_amusement_freeform_NOIZEUS_NOISE_DATASET_Construction_Crane_Moving_SNR[0]dB,16000,1.0559674501419067,0.5843926072120667,0.6496667861938477,2.3315237760543823,3.8421244930540586,1.668972224902575,2.038440125589357,mband_N6_mel_AVR1_metrics.csv_ENH-mband_N6_mel_AVR1_p092_emo_amusement_freeform_NOIZEUS_NOISE_DATASET_Construction_Crane_Moving_SNR[0]dB_CLN-p092_emo_amusement_freeform.csv,Construction
p092_emo_amusement_sentences,BASELINE_p092_emo_amusement_sentences_NOIZEUS_NOISE_DATASET_Construction_Drilling_SNR[0]dB,16000,1.0514533519744873,-0.0219533685594797,0.6786617636680603,2.6263198852539062,3.6337719950285288,1.6504708068332006,1.865346168585879,BASELINE_NOIZEUS_EARS_metrics.csv_ENH-BASELINE_p092_emo_amusement_sentences_NOIZEUS_NOISE_DATASET_Construction_Drilling_SNR[0]dB_CLN-p092_emo_amusement_sentences.csv,specsub_p092_emo_amusement_sentences_NOIZEUS_NOISE_DATASET_Construction_Drilling_SNR[0]dB,16000,1.0869359970092771,3.3811073303222656,0.5876994132995605,2.261355956395468,1.3934684870900702,2.3020267046755465,1.3535963993836972,specsub_metrics.csv_ENH-specsub_p092_emo_amusement_sentences_NOIZEUS_NOISE_DATASET_Construction_Drilling_SNR[0]dB_CLN-p092_emo_amusement_sentences.csv,ss_rdc_p092_emo_amusement_sentences_NOIZEUS_NOISE_DATASET_Construction_Drilling_SNR[0]dB,16000,1.0581724643707275,1.9137282371521,0.6521865129470825,2.5479539235432944,2.492118938061628,1.8853084594384009,1.5981760566375218,ss_rdc_metrics.csv_ENH-ss_rdc_p092_emo_amusement_sentences_NOIZEUS_NOISE_DATASET_Construction_Drilling_SNR[0]dB_CLN-p092_emo_amusement_sentences.csv,mband_N6_lin_AVR1_p092_emo_amusement_sentences_NOIZEUS_NOISE_DATASET_Construction_Drilling_SNR[0]dB,16000,1.1333893537521362,4.687500476837158,0.7013538479804993,2.692636330922445,3.474892978143109,1.984124522305341,2.152703485143228,mband_N6_lin_AVR1_metrics.csv_ENH-mband_N6_lin_AVR1_p092_emo_amusement_sentences_NOIZEUS_NOISE_DATASET_Construction_Drilling_SNR[0]dB_CLN-p092_emo_amusement_sentences.csv,mband_N6_log_AVR1_p092_emo_amusement_sentences_NOIZEUS_NOISE_DATASET_Construction_Drilling_SNR[0]dB,16000,1.1171791553497314,3.972197771072388,0.6966012716293335,2.677908182144165,3.300578433029953,2.106892960226084,2.065454050799592,mband_N6_log_AVR1_metrics.csv_ENH-mband_N6_log_AVR1_p092_emo_amusement_sentences_NOIZEUS_NOISE_DATASET_Construction_Drilling_SNR[0]dB_CLN-p092_emo_amusement_sentences.csv,mband_N6_mel_AVR1_p092_emo_amusement_sentences_NOIZEUS_NOISE_DATASET_Construction_Drilling_SNR[0]dB,16000,1.1198744773864746,4.479000091552734,0.7052403688430786,2.687971512476603,3.1230193083089213,2.1120265479717206,2.0118961406780858,mband_N6_mel_AVR1_metrics.csv_ENH-mband_N6_mel_AVR1_p092_emo_amusement_sentences_NOIZEUS_NOISE_DATASET_Construction_Drilling_SNR[0]dB_CLN-p092_emo_amusement_sentences.csv,Construction
p092_emo_anger_freeform,BASELINE_p092_emo_anger_freeform_NOIZEUS_NOISE_DATASET_Construction_Jackhammer1_SNR[0]dB,16000,1.0795637369155884,-0.0186902247369289,0.6950518488883972,2.215935502733504,3.967556965941901,1.3496612515425508,1.7340406732599705,BASELINE_NOIZEUS_EARS_metrics.csv_ENH-BASELINE_p092_emo_anger_freeform_NOIZEUS_NOISE_DATASET_Construction_Jackhammer1_SNR[0]dB_CLN-p092_emo_anger_freeform.csv,specsub_p092_emo_anger_freeform_NOIZEUS_NOISE_DATASET_Construction_Jackhammer1_SNR[0]dB,16000,1.093210220336914,1.503761887550354,0.6571320295333862,2.1164711713790894,2.452299638662536,1.590066263682678,1.4355490553953751,specsub_metrics.csv_ENH-specsub_p092_emo_anger_freeform_NOIZEUS_NOISE_DATASET_Construction_Jackhammer1_SNR[0]dB_CLN-p092_emo_anger_freeform.csv,ss_rdc_p092_emo_anger_freeform_NOIZEUS_NOISE_DATASET_Construction_Jackhammer1_SNR[0]dB,16000,1.0673521757125854,-0.9739981889724731,0.6268248558044434,2.135197741644723,2.8246709849599223,1.5722031369699505,1.539482073830459,ss_rdc_metrics.csv_ENH-ss_rdc_p092_emo_anger_freeform_NOIZEUS_NOISE_DATASET_Construction_Jackhammer1_SNR[0]dB_CLN-p092_emo_anger_freeform.csv,mband_N6_lin_AVR1_p092_emo_anger_freeform_NOIZEUS_NOISE_DATASET_Construction_Jackhammer1_SNR[0]dB,16000,1.1292041540145874,1.0117652416229248,0.7116686701774597,2.577641010284424,3.48763245558231,1.456010284859559,1.674969363800184,mband_N6_lin_AVR1_metrics.csv_ENH-mband_N6_lin_AVR1_p092_emo_anger_freeform_NOIZEUS_NOISE_DATASET_Construction_Jackhammer1_SNR[0]dB_CLN-p092_emo_anger_freeform.csv,mband_N6_log_AVR1_p092_emo_anger_freeform_NOIZEUS_NOISE_DATASET_Construction_Jackhammer1_SNR[0]dB,16000,1.1445879936218262,1.739689588546753,0.7030777335166931,2.65935492515564,3.3494475806332944,1.5869367328218058,1.713220642759543,mband_N6_log_AVR1_metrics.csv_ENH-mband_N6_log_AVR1_p092_emo_anger_freeform_NOIZEUS_NOISE_DATASET_Construction_Jackhammer1_SNR[0]dB_CLN-p092_emo_anger_freeform.csv,mband_N6_mel_AVR1_p092_emo_anger_freeform_NOIZEUS_NOISE_DATASET_Construction_Jackhammer1_SNR[0]dB,16000,1.1450501680374146,1.3967390060424805,0.7047258019447327,2.534264768872942,3.117071770639149,1.4237096009614318,1.6164559053102967,mband_N6_mel_AVR1_metrics.csv_ENH-mband_N6_mel_AVR1_p092_emo_anger_freeform_NOIZEUS_NOISE_DATASET_Construction_Jackhammer1_SNR[0]dB_CLN-p092_emo_anger_freeform.csv,Construction
p092_emo_anger_sentences,BASELINE_p092_emo_anger_sentences_NOIZEUS_NOISE_DATASET_Construction_Jackhammer2_SNR[0]dB,16000,1.0799018144607544,-0.0100509766489267,0.6121392846107483,2.4460514272962297,3.250561075130048,1.526948585882361,1.7481148841577556,BASELINE_NOIZEUS_EARS_metrics.csv_ENH-BASELINE_p092_emo_anger_sentences_NOIZEUS_NOISE_DATASET_Construction_Jackhammer2_SNR[0]dB_CLN-p092_emo_anger_sentences.csv,specsub_p092_emo_anger_sentences_NOIZEUS_NOISE_DATASET_Construction_Jackhammer2_SNR[0]dB,16000,1.075231432914734,1.845284938812256,0.562824010848999,2.106184652873448,1.966378615517636,1.975225084793204,1.5061809432386906,specsub_metrics.csv_ENH-specsub_p092_emo_anger_sentences_NOIZEUS_NOISE_DATASET_Construction_Jackhammer2_SNR[0]dB_CLN-p092_emo_anger_sentences.csv,ss_rdc_p092_emo_anger_sentences_NOIZEUS_NOISE_DATASET_Construction_Jackhammer2_SNR[0]dB,16000,1.076746940612793,0.5497291088104248,0.5708780884742737,2.2274110998426164,2.54279797905058,1.8073678420479533,1.5549166063182531,ss_rdc_metrics.csv_ENH-ss_rdc_p092_emo_anger_sentences_NOIZEUS_NOISE_DATASET_Construction_Jackhammer2_SNR[0]dB_CLN-p092_emo_anger_sentences.csv,mband_N6_lin_AVR1_p092_emo_anger_sentences_NOIZEUS_NOISE_DATASET_Construction_Jackhammer2_SNR[0]dB,16000,1.1422356367111206,3.2377796173095703,0.6129779815673828,2.484140464237758,2.958888361149719,1.7807169801107343,1.6748957288439716,mband_N6_lin_AVR1_metrics.csv_ENH-mband_N6_lin_AVR1_p092_emo_anger_sentences_NOIZEUS_NOISE_DATASET_Construction_Jackhammer2_SNR[0]dB_CLN-p092_emo_anger_sentences.csv,mband_N6_log_AVR1_p092_emo_anger_sentences_NOIZEUS_NOISE_DATASET_Construction_Jackhammer2_SNR[0]dB,16000,1.1429157257080078,4.1697845458984375,0.6283915042877197,2.567061798913138,3.075542573255397,1.7144658587534798,1.7078960884819918,mband_N6_log_AVR1_metrics.csv_ENH-mband_N6_log_AVR1_p092_emo_anger_sentences_NOIZEUS_NOISE_DATASET_Construction_Jackhammer2_SNR[0]dB_CLN-p092_emo_anger_sentences.csv,mband_N6_mel_AVR1_p092_emo_anger_sentences_NOIZEUS_NOISE_DATASET_Construction_Jackhammer2_SNR[0]dB,16000,1.1158900260925293,2.4654695987701416,0.6265245079994202,2.5345000539507185,3.837857173482992,1.7332717571769805,2.0602509027988622,mband_N6_mel_AVR1_metrics.csv_ENH-mband_N6_mel_AVR1_p092_emo_anger_sentences_NOIZEUS_NOISE_DATASET_Construction_Jackhammer2_SNR[0]dB_CLN-p092_emo_anger_sentences.csv,Construction
p092_emo_confusion_freeform,BASELINE_p092_emo_confusion_freeform_NOIZEUS_NOISE_DATASET_Construction_Trucks_Unloading_SNR[0]dB,16000,1.0653318166732788,-0.0294066499918699,0.5996916890144348,2.10508063861302,3.5185175291529207,1.6680967000642646,1.9837911049820407,BASELINE_NOIZEUS_EARS_metrics.csv_ENH-BASELINE_p092_emo_confusion_freeform_NOIZEUS_NOISE_DATASET_Construction_Trucks_Unloading_SNR[0]dB_CLN-p092_emo_confusion_freeform.csv,specsub_p092_emo_confusion_freeform_NOIZEUS_NOISE_DATASET_Construction_Trucks_Unloading_SNR[0]dB,16000,1.124442458152771,3.0521914958953857,0.4808220267295837,2.177957228251866,1.602889469978562,2.209351074505361,1.319026021107492,specsub_metrics.csv_ENH-specsub_p092_emo_confusion_freeform_NOIZEUS_NOISE_DATASET_Construction_Trucks_Unloading_SNR[0]dB_CLN-p092_emo_confusion_freeform.csv,ss_rdc_p092_emo_confusion_freeform_NOIZEUS_NOISE_DATASET_Construction_Trucks_Unloading_SNR[0]dB,16000,1.0673247575759888,2.324536800384521,0.5508342385292053,2.489536762237549,3.4500462643591185,1.9900585885422244,2.1396556109064537,ss_rdc_metrics.csv_ENH-ss_rdc_p092_emo_confusion_freeform_NOIZEUS_NOISE_DATASET_Construction_Trucks_Unloading_SNR[0]dB_CLN-p092_emo_confusion_freeform.csv,mband_N6_lin_AVR1_p092_emo_confusion_freeform_NOIZEUS_NOISE_DATASET_Construction_Trucks_Unloading_SNR[0]dB,16000,1.1577742099761963,3.843927383422852,0.6173633337020874,2.429740803582328,4.199080331642106,2.1650120235014865,2.6499297321308126,mband_N6_lin_AVR1_metrics.csv_ENH-mband_N6_lin_AVR1_p092_emo_confusion_freeform_NOIZEUS_NOISE_DATASET_Construction_Trucks_Unloading_SNR[0]dB_CLN-p092_emo_confusion_freeform.csv,mband_N6_log_AVR1_p092_emo_confusion_freeform_NOIZEUS_NOISE_DATASET_Construction_Trucks_Unloading_SNR[0]dB,16000,1.1218128204345703,2.563093662261963,0.6007003784179688,2.48405385017395,4.065189071040085,2.2258972279950315,2.646488582400277,mband_N6_log_AVR1_metrics.csv_ENH-mband_N6_log_AVR1_p092_emo_confusion_freeform_NOIZEUS_NOISE_DATASET_Construction_Trucks_Unloading_SNR[0]dB_CLN-p092_emo_confusion_freeform.csv,mband_N6_mel_AVR1_p092_emo_confusion_freeform_NOIZEUS_NOISE_DATASET_Construction_Trucks_Unloading_SNR[0]dB,16000,1.165069580078125,4.070577144622803,0.6107471585273743,2.4916259220668246,4.10804870757814,2.151721907395712,2.56597598930894,mband_N6_mel_AVR1_metrics.csv_ENH-mband_N6_mel_AVR1_p092_emo_confusion_freeform_NOIZEUS_NOISE_DATASET_Construction_Trucks_Unloading_SNR[0]dB_CLN-p092_emo_confusion_freeform.csv,Construction
p092_emo_confusion_sentences,BASELINE_p092_emo_confusion_sentences_NOIZEUS_NOISE_DATASET_Inside Flight_SNR[0]dB,16000,1.26453959941864,-0.0184003598988056,0.4649150669574737,2.576535940170288,3.884979279231613,2.066306258257333,2.325490793186937,BASELINE_NOIZEUS_EARS_metrics.csv_ENH-BASELINE_p092_emo_confusion_sentences_NOIZEUS_NOISE_DATASET_Inside Flight_SNR[0]dB_CLN-p092_emo_confusion_sentences.csv,specsub_p092_emo_confusion_sentences_NOIZEUS_NOISE_DATASET_Inside Flight_SNR[0]dB,16000,1.2690675258636477,2.128084897994995,0.4159128665924072,2.2338266372680664,1.768250765088854,2.4884585355084656,1.475558196801675,specsub_metrics.csv_ENH-specsub_p092_emo_confusion_sentences_NOIZEUS_NOISE_DATASET_Inside Flight_SNR[0]dB_CLN-p092_emo_confusion_sentences.csv,ss_rdc_p092_emo_confusion_sentences_NOIZEUS_NOISE_DATASET_Inside Flight_SNR[0]dB,16000,1.2530192136764526,0.7190049886703491,0.4254246950149536,2.437680721282959,3.2133386507716506,2.77212173599856,2.4876287173983096,ss_rdc_metrics.csv_ENH-ss_rdc_p092_emo_confusion_sentences_NOIZEUS_NOISE_DATASET_Inside Flight_SNR[0]dB_CLN-p092_emo_confusion_sentences.csv,mband_N6_lin_AVR1_p092_emo_confusion_sentences_NOIZEUS_NOISE_DATASET_Inside Flight_SNR[0]dB,16000,1.3868772983551023,5.889272212982178,0.482459157705307,2.7595982551574707,4.030097571349021,2.6225038303603334,2.803651083120774,mband_N6_lin_AVR1_metrics.csv_ENH-mband_N6_lin_AVR1_p092_emo_confusion_sentences_NOIZEUS_NOISE_DATASET_Inside Flight_SNR[0]dB_CLN-p092_emo_confusion_sentences.csv,mband_N6_log_AVR1_p092_emo_confusion_sentences_NOIZEUS_NOISE_DATASET_Inside Flight_SNR[0]dB,16000,1.4740571975708008,6.756290912628174,0.4762672185897827,2.690938711166382,3.747800613413953,2.764234707204059,2.7602783330678187,mband_N6_log_AVR1_metrics.csv_ENH-mband_N6_log_AVR1_p092_emo_confusion_sentences_NOIZEUS_NOISE_DATASET_Inside Flight_SNR[0]dB_CLN-p092_emo_confusion_sentences.csv,mband_N6_mel_AVR1_p092_emo_confusion_sentences_NOIZEUS_NOISE_DATASET_Inside Flight_SNR[0]dB,16000,1.324599266052246,6.184990882873535,0.4654420614242553,2.698362350463867,3.923818621681973,2.509115269213149,2.713294737420989,mband_N6_mel_AVR1_metrics.csv_ENH-mband_N6_mel_AVR1_p092_emo_confusion_sentences_NOIZEUS_NOISE_DATASET_Inside Flight_SNR[0]dB_CLN-p092_emo_confusion_sentences.csv,Flight
p092_emo_contentment_freeform,BASELINE_p092_emo_contentment_freeform_NOIZEUS_NOISE_DATASET_Inside Train_1_SNR[0]dB,16000,1.083949327468872,-0.0416160449385643,0.6818225979804993,2.519503286906651,4.020534196579666,2.239842060822542,2.6254075973701885,BASELINE_NOIZEUS_EARS_metrics.csv_ENH-BASELINE_p092_emo_contentment_freeform_NOIZEUS_NOISE_DATASET_Inside Train_1_SNR[0]dB_CLN-p092_emo_contentment_freeform.csv,specsub_p092_emo_contentment_freeform_NOIZEUS_NOISE_DATASET_Inside Train_1_SNR[0]dB,16000,1.119433879852295,1.700724959373474,0.6071977019309998,2.2905464512961253,1.908701982615415,2.7449766456823923,1.5564652647968873,specsub_metrics.csv_ENH-specsub_p092_emo_contentment_freeform_NOIZEUS_NOISE_DATASET_Inside Train_1_SNR[0]dB_CLN-p092_emo_contentment_freeform.csv,ss_rdc_p092_emo_contentment_freeform_NOIZEUS_NOISE_DATASET_Inside Train_1_SNR[0]dB,16000,1.0846354961395264,-0.0478747114539146,0.6726068258285522,2.6672122478485107,2.9507160321615777,1.976771191840741,1.9312203579559275,ss_rdc_metrics.csv_ENH-ss_rdc_p092_emo_contentment_freeform_NOIZEUS_NOISE_DATASET_Inside Train_1_SNR[0]dB_CLN-p092_emo_contentment_freeform.csv,mband_N6_lin_AVR1_p092_emo_contentment_freeform_NOIZEUS_NOISE_DATASET_Inside Train_1_SNR[0]dB,16000,1.1125199794769287,0.9924591779708862,0.6914960741996765,2.725634608949934,3.893166430037081,2.078090996669322,2.4898341702099605,mband_N6_lin_AVR1_metrics.csv_ENH-mband_N6_lin_AVR1_p092_emo_contentment_freeform_NOIZEUS_NOISE_DATASET_Inside Train_1_SNR[0]dB_CLN-p092_emo_contentment_freeform.csv,mband_N6_log_AVR1_p092_emo_contentment_freeform_NOIZEUS_NOISE_DATASET_Inside Train_1_SNR[0]dB,16000,1.097956657409668,1.0599465370178225,0.6917333006858826,2.800254685538156,3.603520460070648,2.024301452325505,2.335492752105495,mband_N6_log_AVR1_metrics.csv_ENH-mband_N6_log_AVR1_p092_emo_contentment_freeform_NOIZEUS_NOISE_DATASET_Inside Train_1_SNR[0]dB_CLN-p092_emo_contentment_freeform.csv,mband_N6_mel_AVR1_p092_emo_contentment_freeform_NOIZEUS_NOISE_DATASET_Inside Train_1_SNR[0]dB,16000,1.0988154411315918,0.4263668656349182,0.6794455647468567,2.8647427558898926,3.502000655767237,1.926145716694004,2.14728187219722,mband_N6_mel_AVR1_metrics.csv_ENH-mband_N6_mel_AVR1_p092_emo_contentment_freeform_NOIZEUS_NOISE_DATASET_Inside Train_1_SNR[0]dB_CLN-p092_emo_contentment_freeform.csv,Train
p092_emo_contentment_sentences,BASELINE_p092_emo_contentment_sentences_NOIZEUS_NOISE_DATASET_Inside Train_2_SNR[0]dB,16000,1.1317602396011353,-0.0816923975944519,0.6974455118179321,2.8097381591796875,3.714573842708342,2.05258896800956,2.35759690814615,BASELINE_NOIZEUS_EARS_metrics.csv_ENH-BASELINE_p092_emo_contentment_sentences_NOIZEUS_NOISE_DATASET_Inside Train_2_SNR[0]dB_CLN-p092_emo_contentment_sentences.csv,specsub_p092_emo_contentment_sentences_NOIZEUS_NOISE_DATASET_Inside Train_2_SNR[0]dB,16000,1.236974835395813,4.507333755493164,0.6241506338119507,2.5735669136047363,2.0909195522088733,2.839790702543185,1.773893965832248,specsub_metrics.csv_ENH-specsub_p092_emo_contentment_sentences_NOIZEUS_NOISE_DATASET_Inside Train_2_SNR[0]dB_CLN-p092_emo_contentment_sentences.csv,ss_rdc_p092_emo_contentment_sentences_NOIZEUS_NOISE_DATASET_Inside Train_2_SNR[0]dB,16000,1.1620464324951172,1.51165771484375,0.639676570892334,2.676574230194092,2.1278557169116805,2.665021809999544,1.8101119062441289,ss_rdc_metrics.csv_ENH-ss_rdc_p092_emo_contentment_sentences_NOIZEUS_NOISE_DATASET_Inside Train_2_SNR[0]dB_CLN-p092_emo_contentment_sentences.csv,mband_N6_lin_AVR1_p092_emo_contentment_sentences_NOIZEUS_NOISE_DATASET_Inside Train_2_SNR[0]dB,16000,1.3376466035842896,5.830341339111328,0.7008071541786194,2.7910637855529785,3.146861760979748,2.4885830140047807,2.1759257899881965,mband_N6_lin_AVR1_metrics.csv_ENH-mband_N6_lin_AVR1_p092_emo_contentment_sentences_NOIZEUS_NOISE_DATASET_Inside Train_2_SNR[0]dB_CLN-p092_emo_contentment_sentences.csv,mband_N6_log_AVR1_p092_emo_contentment_sentences_NOIZEUS_NOISE_DATASET_Inside Train_2_SNR[0]dB,16000,1.2641464471817017,3.946456909179688,0.6855414509773254,2.8836870193481445,3.342290625029749,2.2362420593510586,2.1867557726320177,mband_N6_log_AVR1_metrics.csv_ENH-mband_N6_log_AVR1_p092_emo_contentment_sentences_NOIZEUS_NOISE_DATASET_Inside Train_2_SNR[0]dB_CLN-p092_emo_contentment_sentences.csv,mband_N6_mel_AVR1_p092_emo_contentment_sentences_NOIZEUS_NOISE_DATASET_Inside Train_2_SNR[0]dB,16000,1.3145811557769775,5.694740295410156,0.7045596241950989,2.827571392059326,3.6380603825978928,2.734106019519589,2.701282552454163,mband_N6_mel_AVR1_metrics.csv_ENH-mband_N6_mel_AVR1_p092_emo_contentment_sentences_NOIZEUS_NOISE_DATASET_Inside Train_2_SNR[0]dB_CLN-p092_emo_contentment_sentences.csv,Train
p092_emo_cuteness_freeform,BASELINE_p092_emo_cuteness_freeform_NOIZEUS_NOISE_DATASET_Inside Train_3_SNR[0]dB,16000,1.0543919801712036,-0.0065979063510894,0.6098783016204834,2.4675365447998048,4.035038257002379,1.824938917516616,2.2104295847633675,BASELINE_NOIZEUS_EARS_metrics.csv_ENH-BASELINE_p092_emo_cuteness_freeform_NOIZEUS_NOISE_DATASET_Inside Train_3_SNR[0]dB_CLN-p092_emo_cuteness_freeform.csv,specsub_p092_emo_cuteness_freeform_NOIZEUS_NOISE_DATASET_Inside Train_3_SNR[0]dB,16000,1.0779320001602173,2.0129148960113525,0.5050479769706726,2.371545600891113,2.1246859282733075,1.8278050240237649,1.4477578578855308,specsub_metrics.csv_ENH-specsub_p092_emo_cuteness_freeform_NOIZEUS_NOISE_DATASET_Inside Train_3_SNR[0]dB_CLN-p092_emo_cuteness_freeform.csv,ss_rdc_p092_emo_cuteness_freeform_NOIZEUS_NOISE_DATASET_Inside Train_3_SNR[0]dB,16000,1.0645697116851809,0.7621210813522339,0.5430460572242737,2.3372332096099853,2.707824801389709,2.268071421913812,2.0297049443947364,ss_rdc_metrics.csv_ENH-ss_rdc_p092_emo_cuteness_freeform_NOIZEUS_NOISE_DATASET_Inside Train_3_SNR[0]dB_CLN-p092_emo_cuteness_freeform.csv,mband_N6_lin_AVR1_p092_emo_cuteness_freeform_NOIZEUS_NOISE_DATASET_Inside Train_3_SNR[0]dB,16000,1.1273000240325928,3.696603775024414,0.5909411907196045,2.4861212253570555,2.9314494438638774,1.8155768591057573,1.7448479927884766,mband_N6_lin_AVR1_metrics.csv_ENH-mband_N6_lin_AVR1_p092_emo_cuteness_freeform_NOIZEUS_NOISE_DATASET_Inside Train_3_SNR[0]dB_CLN-p092_emo_cuteness_freeform.csv,mband_N6_log_AVR1_p092_emo_cuteness_freeform_NOIZEUS_NOISE_DATASET_Inside Train_3_SNR[0]dB,16000,1.1602329015731812,6.206727981567383,0.6043391823768616,2.4925286769866943,4.062899735440002,2.06937682419577,2.567006822275563,mband_N6_log_AVR1_metrics.csv_ENH-mband_N6_log_AVR1_p092_emo_cuteness_freeform_NOIZEUS_NOISE_DATASET_Inside Train_3_SNR[0]dB_CLN-p092_emo_cuteness_freeform.csv,mband_N6_mel_AVR1_p092_emo_cuteness_freeform_NOIZEUS_NOISE_DATASET_Inside Train_3_SNR[0]dB,16000,1.1445043087005615,4.959292888641357,0.6003553867340088,2.467051792144775,3.615532187291072,1.9525741581210585,2.224972999912707,mband_N6_mel_AVR1_metrics.csv_ENH-mband_N6_mel_AVR1_p092_emo_cuteness_freeform_NOIZEUS_NOISE_DATASET_Inside Train_3_SNR[0]dB_CLN-p092_emo_cuteness_freeform.csv,Train
p092_emo_cuteness_sentences,BASELINE_p092_emo_cuteness_sentences_NOIZEUS_NOISE_DATASET_PC Fan Noise_SNR[0]dB,16000,1.0537874698638916,-0.0115127582103014,0.7150991559028625,2.63236927986145,4.207776179769511,2.126841317852291,2.6785633483590443,BASELINE_NOIZEUS_EARS_metrics.csv_ENH-BASELINE_p092_emo_cuteness_sentences_NOIZEUS_NOISE_DATASET_PC Fan Noise_SNR[0]dB_CLN-p092_emo_cuteness_sentences.csv,specsub_p092_emo_cuteness_sentences_NOIZEUS_NOISE_DATASET_PC Fan Noise_SNR[0]dB,16000,1.1326984167099,5.236705780029297,0.6141396760940552,2.558661818504333,2.183896321594453,2.6877502054456097,1.8779427955002688,specsub_metrics.csv_ENH-specsub_p092_emo_cuteness_sentences_NOIZEUS_NOISE_DATASET_PC Fan Noise_SNR[0]dB_CLN-p092_emo_cuteness_sentences.csv,ss_rdc_p092_emo_cuteness_sentences_NOIZEUS_NOISE_DATASET_PC Fan Noise_SNR[0]dB,16000,1.08628511428833,5.453563690185547,0.6685436367988586,2.4999834299087524,3.735431966070052,1.9853145385820763,2.2895162316094666,ss_rdc_metrics.csv_ENH-ss_rdc_p092_emo_cuteness_sentences_NOIZEUS_NOISE_DATASET_PC Fan Noise_SNR[0]dB_CLN-p092_emo_cuteness_sentences.csv,mband_N6_lin_AVR1_p092_emo_cuteness_sentences_NOIZEUS_NOISE_DATASET_PC Fan Noise_SNR[0]dB,16000,1.3185797929763794,10.185030937194824,0.7170427441596985,2.7018280029296875,4.212540156168871,2.477904896500028,2.822706129340072,mband_N6_lin_AVR1_metrics.csv_ENH-mband_N6_lin_AVR1_p092_emo_cuteness_sentences_NOIZEUS_NOISE_DATASET_PC Fan Noise_SNR[0]dB_CLN-p092_emo_cuteness_sentences.csv,mband_N6_log_AVR1_p092_emo_cuteness_sentences_NOIZEUS_NOISE_DATASET_PC Fan Noise_SNR[0]dB,16000,1.293778419494629,9.714162826538086,0.7226673364639282,2.6948792934417725,4.214917505722042,2.406878795743548,2.7395482482514923,mband_N6_log_AVR1_metrics.csv_ENH-mband_N6_log_AVR1_p092_emo_cuteness_sentences_NOIZEUS_NOISE_DATASET_PC Fan Noise_SNR[0]dB_CLN-p092_emo_cuteness_sentences.csv,mband_N6_mel_AVR1_p092_emo_cuteness_sentences_NOIZEUS_NOISE_DATASET_PC Fan Noise_SNR[0]dB,16000,1.3358134031295776,10.249777793884276,0.7253755927085876,2.717441439628601,4.188351413451793,2.580074058807715,2.864571692382933,mband_N6_mel_AVR1_metrics.csv_ENH-mband_N6_mel_AVR1_p092_emo_cuteness_sentences_NOIZEUS_NOISE_DATASET_PC Fan Noise_SNR[0]dB_CLN-p092_emo_cuteness_sentences.csv,Stationary
p092_emo_desire_freeform,BASELINE_p092_emo_desire_freeform_NOIZEUS_NOISE_DATASET_SSN_IEEE_SNR[0]dB,16000,1.0442122220993042,-0.0063995826058089,0.6147343516349792,2.349114775657654,3.39141755687088,1.649771856695522,1.9300757897076828,BASELINE_NOIZEUS_EARS_metrics.csv_ENH-BASELINE_p092_emo_desire_freeform_NOIZEUS_NOISE_DATASET_SSN_IEEE_SNR[0]dB_CLN-p092_emo_desire_freeform.csv,specsub_p092_emo_desire_freeform_NOIZEUS_NOISE_DATASET_SSN_IEEE_SNR[0]dB,16000,1.1585801839828491,3.848930358886719,0.5176671743392944,2.2166057427724204,1.1265855762195225,2.7886074846073696,1.1347690950856093,specsub_metrics.csv_ENH-specsub_p092_emo_desire_freeform_NOIZEUS_NOISE_DATASET_SSN_IEEE_SNR[0]dB_CLN-p092_emo_desire_freeform.csv,ss_rdc_p092_emo_desire_freeform_NOIZEUS_NOISE_DATASET_SSN_IEEE_SNR[0]dB,16000,1.0642073154449463,3.4273221492767334,0.6050587892532349,2.528076767921448,2.918493324542053,1.724211645831048,1.6849828819532826,ss_rdc_metrics.csv_ENH-ss_rdc_p092_emo_desire_freeform_NOIZEUS_NOISE_DATASET_SSN_IEEE_SNR[0]dB_CLN-p092_emo_desire_freeform.csv,mband_N6_lin_AVR1_p092_emo_desire_freeform_NOIZEUS_NOISE_DATASET_SSN_IEEE_SNR[0]dB,16000,1.1350619792938232,4.988595008850098,0.6324267983436584,2.5725716749827066,3.74462239282319,2.6350816234651084,2.6419334649164026,mband_N6_lin_AVR1_metrics.csv_ENH-mband_N6_lin_AVR1_p092_emo_desire_freeform_NOIZEUS_NOISE_DATASET_SSN_IEEE_SNR[0]dB_CLN-p092_emo_desire_freeform.csv,mband_N6_log_AVR1_p092_emo_desire_freeform_NOIZEUS_NOISE_DATASET_SSN_IEEE_SNR[0]dB,16000,1.1245754957199097,4.1138763427734375,0.6227644681930542,2.5679378509521484,3.955817887827069,2.8475602691853186,2.904928181171144,mband_N6_log_AVR1_metrics.csv_ENH-mband_N6_log_AVR1_p092_emo_desire_freeform_NOIZEUS_NOISE_DATASET_SSN_IEEE_SNR[0]dB_CLN-p092_emo_desire_freeform.csv,mband_N6_mel_AVR1_p092_emo_desire_freeform_NOIZEUS_NOISE_DATASET_SSN_IEEE_SNR[0]dB,16000,1.1428725719451904,5.059079170227051,0.6290988922119141,2.5491228898366294,3.6536921219996334,2.603916986101745,2.5931300170275624,mband_N6_mel_AVR1_metrics.csv_ENH-mband_N6_mel_AVR1_p092_emo_desire_freeform_NOIZEUS_NOISE_DATASET_SSN_IEEE_SNR[0]dB_CLN-p092_emo_desire_freeform.csv,Stationary
p092_emo_desire_sentences,BASELINE_p092_emo_desire_sentences_NOIZEUS_NOISE_DATASET_Street Noise_SNR[0]dB,16000,1.0998926162719729,-0.0665782988071441,0.6159903407096863,2.641629775365194,3.771779657406916,2.185449582215382,2.3812959672927456,BASELINE_NOIZEUS_EARS_metrics.csv_ENH-BASELINE_p092_emo_desire_sentences_NOIZEUS_NOISE_DATASET_Street Noise_SNR[0]dB_CLN-p092_emo_desire_sentences.csv,specsub_p092_emo_desire_sentences_NOIZEUS_NOISE_DATASET_Street Noise_SNR[0]dB,16000,1.185435771942139,3.736916542053223,0.5204315781593323,2.3526896635691323,1.366013838288181,3.011288295453882,1.3042048335104155,specsub_metrics.csv_ENH-specsub_p092_emo_desire_sentences_NOIZEUS_NOISE_DATASET_Street Noise_SNR[0]dB_CLN-p092_emo_desire_sentences.csv,ss_rdc_p092_emo_desire_sentences_NOIZEUS_NOISE_DATASET_Street Noise_SNR[0]dB,16000,1.1778007745742798,3.3966217041015625,0.6349275708198547,2.622917334238688,2.679936673323508,2.5346261815407507,1.8217062870614784,ss_rdc_metrics.csv_ENH-ss_rdc_p092_emo_desire_sentences_NOIZEUS_NOISE_DATASET_Street Noise_SNR[0]dB_CLN-p092_emo_desire_sentences.csv,mband_N6_lin_AVR1_p092_emo_desire_sentences_NOIZEUS_NOISE_DATASET_Street Noise_SNR[0]dB,16000,1.2953230142593384,5.702591896057129,0.6250843405723572,2.6278132597605386,3.6030264805180487,2.7505036164766743,2.562703954920544,mband_N6_lin_AVR1_metrics.csv_ENH-mband_N6_lin_AVR1_p092_emo_desire_sentences_NOIZEUS_NOISE_DATASET_Street Noise_SNR[0]dB_CLN-p092_emo_desire_sentences.csv,mband_N6_log_AVR1_p092_emo_desire_sentences_NOIZEUS_NOISE_DATASET_Street Noise_SNR[0]dB,16000,1.2468143701553345,4.631443023681641,0.6278070211410522,2.678054094314575,3.6260165870425727,2.8088430182295787,2.504786828222204,mband_N6_log_AVR1_metrics.csv_ENH-mband_N6_log_AVR1_p092_emo_desire_sentences_NOIZEUS_NOISE_DATASET_Street Noise_SNR[0]dB_CLN-p092_emo_desire_sentences.csv,mband_N6_mel_AVR1_p092_emo_desire_sentences_NOIZEUS_NOISE_DATASET_Street Noise_SNR[0]dB,16000,1.2790497541427612,5.646417617797852,0.6360719203948975,2.5413126150767007,3.527440960218229,2.7272850567240217,2.4354402213727995,mband_N6_mel_AVR1_metrics.csv_ENH-mband_N6_mel_AVR1_p092_emo_desire_sentences_NOIZEUS_NOISE_DATASET_Street Noise_SNR[0]dB_CLN-p092_emo_desire_sentences.csv,Street
p092_emo_disappointment_freeform,BASELINE_p092_emo_disappointment_freeform_NOIZEUS_NOISE_DATASET_Street Noise_downtown_SNR[0]dB,16000,1.131770372390747,-0.0159696452319622,0.6615259051322937,2.321887425013951,4.036687945890823,1.9342692632872296,2.403268490434048,BASELINE_NOIZEUS_EARS_metrics.csv_ENH-BASELINE_p092_emo_disappointment_freeform_NOIZEUS_NOISE_DATASET_Street Noise_downtown_SNR[0]dB_CLN-p092_emo_disappointment_freeform.csv,specsub_p092_emo_disappointment_freeform_NOIZEUS_NOISE_DATASET_Street Noise_downtown_SNR[0]dB,16000,1.1750493049621582,2.6602611541748047,0.5379644632339478,2.43184300831386,1.549299441656623,2.203944004838841,1.275581379138048,specsub_metrics.csv_ENH-specsub_p092_emo_disappointment_freeform_NOIZEUS_NOISE_DATASET_Street Noise_downtown_SNR[0]dB_CLN-p092_emo_disappointment_freeform.csv,ss_rdc_p092_emo_disappointment_freeform_NOIZEUS_NOISE_DATASET_Street Noise_downtown_SNR[0]dB,16000,1.132270336151123,1.613665223121643,0.6475171446800232,2.2811592987605502,3.587694806830576,1.9517011283337649,2.194919763325672,ss_rdc_metrics.csv_ENH-ss_rdc_p092_emo_disappointment_freeform_NOIZEUS_NOISE_DATASET_Street Noise_downtown_SNR[0]dB_CLN-p092_emo_disappointment_freeform.csv,mband_N6_lin_AVR1_p092_emo_disappointment_freeform_NOIZEUS_NOISE_DATASET_Street Noise_downtown_SNR[0]dB,16000,1.2461321353912354,4.019458770751953,0.6654489040374756,2.7439837796347484,3.893730849248385,2.115217152336488,2.4365029360657524,mband_N6_lin_AVR1_metrics.csv_ENH-mband_N6_lin_AVR1_p092_emo_disappointment_freeform_NOIZEUS_NOISE_DATASET_Street Noise_downtown_SNR[0]dB_CLN-p092_emo_disappointment_freeform.csv,mband_N6_log_AVR1_p092_emo_disappointment_freeform_NOIZEUS_NOISE_DATASET_Street Noise_downtown_SNR[0]dB,16000,1.239338755607605,4.404484748840332,0.66593337059021,2.628514051437378,4.027765056204351,2.407940567975704,2.650669940839864,mband_N6_log_AVR1_metrics.csv_ENH-mband_N6_log_AVR1_p092_emo_disappointment_freeform_NOIZEUS_NOISE_DATASET_Street Noise_downtown_SNR[0]dB_CLN-p092_emo_disappointment_freeform.csv,mband_N6_mel_AVR1_p092_emo_disappointment_freeform_NOIZEUS_NOISE_DATASET_Street Noise_downtown_SNR[0]dB,16000,1.2586771249771118,4.089556694030762,0.6668449640274048,2.426876102175032,4.028671284947581,2.051871787407209,2.468745015028764,mband_N6_mel_AVR1_metrics.csv_ENH-mband_N6_mel_AVR1_p092_emo_disappointment_freeform_NOIZEUS_NOISE_DATASET_Street Noise_downtown_SNR[0]dB_CLN-p092_emo_disappointment_freeform.csv,Street
p092_emo_disappointment_sentences,BASELINE_p092_emo_disappointment_sentences_NOIZEUS_NOISE_DATASET_Train1_SNR[0]dB,16000,1.0822149515151978,-0.0950387939810752,0.6358175873756409,2.4674671292305,4.2271621898282365,2.031043036595238,2.609186069936635,BASELINE_NOIZEUS_EARS_metrics.csv_ENH-BASELINE_p092_emo_disappointment_sentences_NOIZEUS_NOISE_DATASET_Train1_SNR[0]dB_CLN-p092_emo_disappointment_sentences.csv,specsub_p092_emo_disappointment_sentences_NOIZEUS_NOISE_DATASET_Train1_SNR[0]dB,16000,1.1113710403442385,0.3197101056575775,0.6093152165412903,2.23795485496521,3.5909710836992925,2.5774609701771407,2.562503256995665,specsub_metrics.csv_ENH-specsub_p092_emo_disappointment_sentences_NOIZEUS_NOISE_DATASET_Train1_SNR[0]dB_CLN-p092_emo_disappointment_sentences.csv,ss_rdc_p092_emo_disappointment_sentences_NOIZEUS_NOISE_DATASET_Train1_SNR[0]dB,16000,1.0864083766937256,1.5806828737258911,0.5988530516624451,2.5663775205612183,2.9747654308727567,2.2071808167640867,2.046647214322356,ss_rdc_metrics.csv_ENH-ss_rdc_p092_emo_disappointment_sentences_NOIZEUS_NOISE_DATASET_Train1_SNR[0]dB_CLN-p092_emo_disappointment_sentences.csv,mband_N6_lin_AVR1_p092_emo_disappointment_sentences_NOIZEUS_NOISE_DATASET_Train1_SNR[0]dB,16000,1.1785118579864502,2.32944393157959,0.6547535061836243,2.855027318000793,3.9375537257451705,2.414435673906521,2.670284570007497,mband_N6_lin_AVR1_metrics.csv_ENH-mband_N6_lin_AVR1_p092_emo_disappointment_sentences_NOIZEUS_NOISE_DATASET_Train1_SNR[0]dB_CLN-p092_emo_disappointment_sentences.csv,mband_N6_log_AVR1_p092_emo_disappointment_sentences_NOIZEUS_NOISE_DATASET_Train1_SNR[0]dB,16000,1.1950912475585938,3.209641218185425,0.6306182146072388,2.693234622478485,3.848738102844661,2.1189677281855266,2.3527655460955272,mband_N6_log_AVR1_metrics.csv_ENH-mband_N6_log_AVR1_p092_emo_disappointment_sentences_NOIZEUS_NOISE_DATASET_Train1_SNR[0]dB_CLN-p092_emo_disappointment_sentences.csv,mband_N6_mel_AVR1_p092_emo_disappointment_sentences_NOIZEUS_NOISE_DATASET_Train1_SNR[0]dB,16000,1.2497769594192505,-0.631513237953186,0.6367992758750916,2.9013885259628296,4.3237549273969,2.1613418305400534,2.6200515740063075,mband_N6_mel_AVR1_metrics.csv_ENH-mband_N6_mel_AVR1_p092_emo_disappointment_sentences_NOIZEUS_NOISE_DATASET_Train1_SNR[0]dB_CLN-p092_emo_disappointment_sentences.csv,Train
p092_emo_disgust_freeform,BASELINE_p092_emo_disgust_freeform_NOIZEUS_NOISE_DATASET_Train2_SNR[0]dB,16000,1.0775192975997925,-0.0093299988657236,0.7417424917221069,2.632834264210292,3.997656323192025,1.6531202744980045,2.0273809765911595,BASELINE_NOIZEUS_EARS_metrics.csv_ENH-BASELINE_p092_emo_disgust_freeform_NOIZEUS_NOISE_DATASET_Train2_SNR[0]dB_CLN-p092_emo_disgust_freeform.csv,specsub_p092_emo_disgust_freeform_NOIZEUS_NOISE_DATASET_Train2_SNR[0]dB,16000,1.1375583410263062,0.0672007799148559,0.7221302390098572,2.328110933303833,3.573203638087408,1.6145548309294249,1.8679805124607456,specsub_metrics.csv_ENH-specsub_p092_emo_disgust_freeform_NOIZEUS_NOISE_DATASET_Train2_SNR[0]dB_CLN-p092_emo_disgust_freeform.csv,ss_rdc_p092_emo_disgust_freeform_NOIZEUS_NOISE_DATASET_Train2_SNR[0]dB,16000,1.0896662473678589,2.8452706336975098,0.6821342706680298,2.72820622580392,3.635447099411096,2.0890041816416987,2.3186280584105696,ss_rdc_metrics.csv_ENH-ss_rdc_p092_emo_disgust_freeform_NOIZEUS_NOISE_DATASET_Train2_SNR[0]dB_CLN-p092_emo_disgust_freeform.csv,mband_N6_lin_AVR1_p092_emo_disgust_freeform_NOIZEUS_NOISE_DATASET_Train2_SNR[0]dB,16000,1.1548757553100586,0.4479701817035675,0.7084470987319946,2.5482778549194336,3.3587029011098246,1.5362030479881554,1.7754544944211368,mband_N6_lin_AVR1_metrics.csv_ENH-mband_N6_lin_AVR1_p092_emo_disgust_freeform_NOIZEUS_NOISE_DATASET_Train2_SNR[0]dB_CLN-p092_emo_disgust_freeform.csv,mband_N6_log_AVR1_p092_emo_disgust_freeform_NOIZEUS_NOISE_DATASET_Train2_SNR[0]dB,16000,1.148331642150879,4.395425796508789,0.7525838017463684,2.531735726765224,4.092146214566284,1.781560867219954,2.2714185537980103,mband_N6_log_AVR1_metrics.csv_ENH-mband_N6_log_AVR1_p092_emo_disgust_freeform_NOIZEUS_NOISE_DATASET_Train2_SNR[0]dB_CLN-p092_emo_disgust_freeform.csv,mband_N6_mel_AVR1_p092_emo_disgust_freeform_NOIZEUS_NOISE_DATASET_Train2_SNR[0]dB,16000,1.1646555662155151,0.4044602513313293,0.6838085651397705,2.6299000126974925,4.249220634008411,1.832408092533289,2.358169965041206,mband_N6_mel_AVR1_metrics.csv_ENH-mband_N6_mel_AVR1_p092_emo_disgust_freeform_NOIZEUS_NOISE_DATASET_Train2_SNR[0]dB_CLN-p092_emo_disgust_freeform.csv,Train
p092_emo_disgust_sentences,BASELINE_p092_emo_disgust_sentences_NOIZEUS_NOISE_DATASET_Water Cooler_SNR[0]dB,16000,1.2431144714355469,-0.0335355065762996,0.6518672704696655,2.814431953430176,4.289634901656337,2.228435639764488,2.676867625426216,BASELINE_NOIZEUS_EARS_metrics.csv_ENH-BASELINE_p092_emo_disgust_sentences_NOIZEUS_NOISE_DATASET_Water Cooler_SNR[0]dB_CLN-p092_emo_disgust_sentences.csv,specsub_p092_emo_disgust_sentences_NOIZEUS_NOISE_DATASET_Water Cooler_SNR[0]dB,16000,1.3414093255996704,5.683341503143311,0.5975928902626038,2.3984823703765867,2.347206817529321,2.8698940587932245,1.9434991369174868,specsub_metrics.csv_ENH-specsub_p092_emo_disgust_sentences_NOIZEUS_NOISE_DATASET_Water Cooler_SNR[0]dB_CLN-p092_emo_disgust_sentences.csv,ss_rdc_p092_emo_disgust_sentences_NOIZEUS_NOISE_DATASET_Water Cooler_SNR[0]dB,16000,1.305571436882019,2.0693633556365967,0.6451439261436462,2.6860556602478027,3.843631480516822,2.6118773166899145,2.7597392658404054,ss_rdc_metrics.csv_ENH-ss_rdc_p092_emo_disgust_sentences_NOIZEUS_NOISE_DATASET_Water Cooler_SNR[0]dB_CLN-p092_emo_disgust_sentences.csv,mband_N6_lin_AVR1_p092_emo_disgust_sentences_NOIZEUS_NOISE_DATASET_Water Cooler_SNR[0]dB,16000,1.498686909675598,6.298336029052734,0.6769247055053711,2.8864668369293214,4.279420597756042,2.554209495200246,2.9598398304069256,mband_N6_lin_AVR1_metrics.csv_ENH-mband_N6_lin_AVR1_p092_emo_disgust_sentences_NOIZEUS_NOISE_DATASET_Water Cooler_SNR[0]dB_CLN-p092_emo_disgust_sentences.csv,mband_N6_log_AVR1_p092_emo_disgust_sentences_NOIZEUS_NOISE_DATASET_Water Cooler_SNR[0]dB,16000,1.5382788181304932,6.4007768630981445,0.6594157814979553,2.8364394664764405,4.3266496760773006,2.605904544326012,3.0346352102587097,mband_N6_log_AVR1_metrics.csv_ENH-mband_N6_log_AVR1_p092_emo_disgust_sentences_NOIZEUS_NOISE_DATASET_Water Cooler_SNR[0]dB_CLN-p092_emo_disgust_sentences.csv,mband_N6_mel_AVR1_p092_emo_disgust_sentences_NOIZEUS_NOISE_DATASET_Water Cooler_SNR[0]dB,16000,1.5822535753250122,6.3272552490234375,0.6737793684005737,2.860035276412964,4.113095848619348,2.597531089394989,2.895656037469041,mband_N6_mel_AVR1_metrics.csv_ENH-mband_N6_mel_AVR1_p092_emo_disgust_sentences_NOIZEUS_NOISE_DATASET_Water Cooler_SNR[0]dB_CLN-p092_emo_disgust_sentences.csv,Stationary
