clean_file,enhanced_file,sampling_rate,PESQ_Noisy,SI_SDR_Noisy,STOI_Noisy,DNSMOS_p808_mos_Noisy,DNSMOS_mos_sig_Noisy,DNSMOS_mos_bak_Noisy,DNSMOS_mos_ovr_Noisy,source_file,enhanced_file_GTCRN,sampling_rate_GTCRN,PESQ_GTCRN,SI_SDR_GTCRN,STOI_GTCRN,DNSMOS_p808_mos_GTCRN,DNSMOS_mos_sig_GTCRN,DNSMOS_mos_bak_GTCRN,DNSMOS_mos_ovr_GTCRN,source_file_GTCRN,enhanced_file_GTCRN_WF,sampling_rate_GTCRN_WF,PESQ_GTCRN_WF,SI_SDR_GTCRN_WF,STOI_GTCRN_WF,DNSMOS_p808_mos_GTCRN_WF,DNSMOS_mos_sig_GTCRN_WF,DNSMOS_mos_bak_GTCRN_WF,DNSMOS_mos_ovr_GTCRN_WF,source_file_GTCRN_WF,enhanced_file_mband_py_log_avr1_future_frames,sampling_rate_mband_py_log_avr1_future_frames,PESQ_mband_py_log_avr1_future_frames,SI_SDR_mband_py_log_avr1_future_frames,STOI_mband_py_log_avr1_future_frames,DNSMOS_p808_mos_mband_py_log_avr1_future_frames,DNSMOS_mos_sig_mband_py_log_avr1_future_frames,DNSMOS_mos_bak_mband_py_log_avr1_future_frames,DNSMOS_mos_ovr_mband_py_log_avr1_future_frames,source_file_mband_py_log_avr1_future_frames,enhanced_file_mband_py_log_optimized_N8_20ms_ov50_fl0p001_noisefr1,sampling_rate_mband_py_log_optimized_N8_20ms_ov50_fl0p001_noisefr1,PESQ_mband_py_log_optimized_N8_20ms_ov50_fl0p001_noisefr1,SI_SDR_mband_py_log_optimized_N8_20ms_ov50_fl0p001_noisefr1,STOI_mband_py_log_optimized_N8_20ms_ov50_fl0p001_noisefr1,DNSMOS_p808_mos_mband_py_log_optimized_N8_20ms_ov50_fl0p001_noisefr1,DNSMOS_mos_sig_mband_py_log_optimized_N8_20ms_ov50_fl0p001_noisefr1,DNSMOS_mos_bak_mband_py_log_optimized_N8_20ms_ov50_fl0p001_noisefr1,DNSMOS_mos_ovr_mband_py_log_optimized_N8_20ms_ov50_fl0p001_noisefr1,source_file_mband_py_log_optimized_N8_20ms_ov50_fl0p001_noisefr1,enhanced_file_mband_py_lin_optimized_N8_20ms_ov50_fl0p001_noisefr1,sampling_rate_mband_py_lin_optimized_N8_20ms_ov50_fl0p001_noisefr1,PESQ_mband_py_lin_optimized_N8_20ms_ov50_fl0p001_noisefr1,SI_SDR_mband_py_lin_optimized_N8_20ms_ov50_fl0p001_noisefr1,STOI_mband_py_lin_optimized_N8_20ms_ov50_fl0p001_noisefr1,DNSMOS_p808_mos_mband_py_lin_optimized_N8_20ms_ov50_fl0p001_noisefr1,DNSMOS_mos_sig_mband_py_lin_optimized_N8_20ms_ov50_fl0p001_noisefr1,DNSMOS_mos_bak_mband_py_lin_optimized_N8_20ms_ov50_fl0p001_noisefr1,DNSMOS_mos_ovr_mband_py_lin_optimized_N8_20ms_ov50_fl0p001_noisefr1,source_file_mband_py_lin_optimized_N8_20ms_ov50_fl0p001_noisefr1,noise_category
p092_emo_anger_sentences,BASELINE_p092_emo_anger_sentences_NOIZEUS_NOISE_DATASET_Construction_Jackhammer2_SNR[-5]dB,16000,1.058164358139038,-4.993277072906494,0.5195652842521667,2.2886007853916714,3.44150198304578,1.5203498737416632,1.7658142353520745,BASELINE_NOIZEUS_EARS_metrics.csv_ENH-BASELINE_p092_emo_anger_sentences_NOIZEUS_NOISE_DATASET_Construction_Jackhammer2_SNR[-5]dB_CLN-p092_emo_anger_sentences.csv,GTCRN_p092_emo_anger_sentences_Noise Recordings_Construction_Trucks_Unloading_SNR[-5]dB,16000,1.1245898008346558,-0.225787729024887,0.5402969121932983,2.216491562979562,1.299546605688396,3.4652061739517173,1.364639051146211,GTCRN_NOIZEUS_EARS_metrics.csv_ENH-GTCRN_p092_emo_anger_sentences_Noise Recordings_Construction_Trucks_Unloading_SNR[-5]dB_CLN-p092_emo_anger_sentences.csv,GTCRNWF_25ms_quality_p092_emo_anger_sentences_NOIZEUS_NOISE_DATASET_Construction_Jackhammer2_SNR[-5]dB.wav,16000,1.1600250005722046,2.996833086013794,0.5847936868667603,2.64294821875436,1.6184576266215729,3.1286266822825013,1.5032944037532765,GTCRNWF_EXP3p2a_25ms_quality_data_ENH-GTCRNWF_25ms_quality_p092_emo_anger_sentences_NOIZEUS_NOISE_DATASET_Construction_Jackhammer2_SNR[-5]dB_CLN-p092_emo_anger_sentences.csv,mband_py_N6_log_AVR1_8_p092_emo_anger_sentences_NOIZEUS_NOISE_DATASET_Construction_Jackhammer2_SNR[-5]dB,16000,1.1149728298187256,-1.947959423065185,0.5440409779548645,2.4090635435921803,2.9692605968162336,1.5916933132885378,1.7045910433410585,mband_py_N6_log_AVR1_8_metrics.csv_ENH-mband_py_N6_log_AVR1_8_p092_emo_anger_sentences_NOIZEUS_NOISE_DATASET_Construction_Jackhammer2_SNR[-5]dB_CLN-p092_emo_anger_sentences.csv,mband_py_N8_log_AVR1_p092_emo_anger_sentences_NOIZEUS_NOISE_DATASET_Construction_Jackhammer2_SNR[-5]dB,16000,1.0593372583389282,-3.5213093757629395,0.5087995529174805,2.2544850621904646,2.906683246532843,1.7626119030826857,1.5652242142786588,mband_py_N8_log_AVR1_metrics.csv_ENH-mband_py_N8_log_AVR1_p092_emo_anger_sentences_NOIZEUS_NOISE_DATASET_Construction_Jackhammer2_SNR[-5]dB_CLN-p092_emo_anger_sentences.csv,mband_py_N8_lin_AVR1_p092_emo_anger_sentences_NOIZEUS_NOISE_DATASET_Construction_Jackhammer2_SNR[-5]dB,16000,1.0609183311462402,-3.7517786026000977,0.5139892101287842,2.31342567716326,3.157225545432562,1.640375924436428,1.601933007412471,mband_py_N8_lin_AVR1_metrics.csv_ENH-mband_py_N8_lin_AVR1_p092_emo_anger_sentences_NOIZEUS_NOISE_DATASET_Construction_Jackhammer2_SNR[-5]dB_CLN-p092_emo_anger_sentences.csv,Construction
p092_emo_confusion_freeform,BASELINE_p092_emo_confusion_freeform_NOIZEUS_NOISE_DATASET_Construction_Trucks_Unloading_SNR[-5]dB,16000,1.0413227081298828,-5.083518505096436,0.5150018930435181,2.000926562717982,3.0502047576176983,1.4847319379981234,1.6757311607552168,BASELINE_NOIZEUS_EARS_metrics.csv_ENH-BASELINE_p092_emo_confusion_freeform_NOIZEUS_NOISE_DATASET_Construction_Trucks_Unloading_SNR[-5]dB_CLN-p092_emo_confusion_freeform.csv,GTCRN_p092_emo_confusion_freeform_Noise Recordings_Inside Flight_SNR[-5]dB,16000,1.2791759967803955,5.621870994567871,0.5772238969802856,2.8871685777391707,2.7763539390054808,3.0683286781400514,2.272886340206554,GTCRN_NOIZEUS_EARS_metrics.csv_ENH-GTCRN_p092_emo_confusion_freeform_Noise Recordings_Inside Flight_SNR[-5]dB_CLN-p092_emo_confusion_freeform.csv,GTCRNWF_25ms_quality_p092_emo_confusion_freeform_NOIZEUS_NOISE_DATASET_Construction_Trucks_Unloading_SNR[-5]dB.wav,16000,1.1467809677124023,1.7404705286026,0.4981736540794372,2.461629595075334,1.871048476093103,3.4329331193712527,1.8150374348539933,GTCRNWF_EXP3p2a_25ms_quality_data_ENH-GTCRNWF_25ms_quality_p092_emo_confusion_freeform_NOIZEUS_NOISE_DATASET_Construction_Trucks_Unloading_SNR[-5]dB_CLN-p092_emo_confusion_freeform.csv,mband_py_N6_log_AVR1_8_p092_emo_confusion_freeform_NOIZEUS_NOISE_DATASET_Construction_Trucks_Unloading_SNR[-5]dB,16000,1.0495179891586304,-1.6734020709991455,0.4965804517269134,2.170084306171962,3.504945072937989,2.088953382636471,2.365691807020442,mband_py_N6_log_AVR1_8_metrics.csv_ENH-mband_py_N6_log_AVR1_8_p092_emo_confusion_freeform_NOIZEUS_NOISE_DATASET_Construction_Trucks_Unloading_SNR[-5]dB_CLN-p092_emo_confusion_freeform.csv,mband_py_N8_log_AVR1_p092_emo_confusion_freeform_NOIZEUS_NOISE_DATASET_Construction_Trucks_Unloading_SNR[-5]dB,16000,1.054640769958496,-1.3700984716415403,0.5100638270378113,2.309474059513637,3.266688302280566,1.857410394489478,2.014096852309954,mband_py_N8_log_AVR1_metrics.csv_ENH-mband_py_N8_log_AVR1_p092_emo_confusion_freeform_NOIZEUS_NOISE_DATASET_Construction_Trucks_Unloading_SNR[-5]dB_CLN-p092_emo_confusion_freeform.csv,mband_py_N8_lin_AVR1_p092_emo_confusion_freeform_NOIZEUS_NOISE_DATASET_Construction_Trucks_Unloading_SNR[-5]dB,16000,1.059816598892212,-1.001610279083252,0.5149789452552795,2.2121104512895857,3.373980860627414,1.7698358804285883,2.0461017448742056,mband_py_N8_lin_AVR1_metrics.csv_ENH-mband_py_N8_lin_AVR1_p092_emo_confusion_freeform_NOIZEUS_NOISE_DATASET_Construction_Trucks_Unloading_SNR[-5]dB_CLN-p092_emo_confusion_freeform.csv,Construction
p092_emo_confusion_sentences,BASELINE_p092_emo_confusion_sentences_NOIZEUS_NOISE_DATASET_Inside Flight_SNR[-5]dB,16000,1.139370679855347,-5.046665191650391,0.4294307231903076,2.581122398376465,3.9408412302732128,1.939269093356793,2.353870253075136,BASELINE_NOIZEUS_EARS_metrics.csv_ENH-BASELINE_p092_emo_confusion_sentences_NOIZEUS_NOISE_DATASET_Inside Flight_SNR[-5]dB_CLN-p092_emo_confusion_sentences.csv,GTCRN_p092_emo_confusion_sentences_Noise Recordings_Inside Train_1_SNR[-5]dB,16000,1.4789221286773682,4.869771480560303,0.4262981712818146,2.608661651611328,2.463733138126816,3.229836824709886,2.096906235472074,GTCRN_NOIZEUS_EARS_metrics.csv_ENH-GTCRN_p092_emo_confusion_sentences_Noise Recordings_Inside Train_1_SNR[-5]dB_CLN-p092_emo_confusion_sentences.csv,GTCRNWF_25ms_quality_p092_emo_confusion_sentences_NOIZEUS_NOISE_DATASET_Inside Flight_SNR[-5]dB.wav,16000,1.6371043920516968,7.676703453063965,0.4970419406890869,2.9370484352111816,2.8523896714436336,3.06224326307607,2.3011714516603594,GTCRNWF_EXP3p2a_25ms_quality_data_ENH-GTCRNWF_25ms_quality_p092_emo_confusion_sentences_NOIZEUS_NOISE_DATASET_Inside Flight_SNR[-5]dB_CLN-p092_emo_confusion_sentences.csv,mband_py_N6_log_AVR1_8_p092_emo_confusion_sentences_NOIZEUS_NOISE_DATASET_Inside Flight_SNR[-5]dB,16000,1.2607215642929075,-0.1035536006093025,0.4611558616161346,2.68581771850586,4.125004110835281,2.6843647746019457,2.883754892905529,mband_py_N6_log_AVR1_8_metrics.csv_ENH-mband_py_N6_log_AVR1_8_p092_emo_confusion_sentences_NOIZEUS_NOISE_DATASET_Inside Flight_SNR[-5]dB_CLN-p092_emo_confusion_sentences.csv,mband_py_N8_log_AVR1_p092_emo_confusion_sentences_NOIZEUS_NOISE_DATASET_Inside Flight_SNR[-5]dB,16000,1.1810086965560913,0.6439593434333801,0.4318252503871918,2.6162986755371094,3.877460150593441,2.299169131899528,2.5518002668023976,mband_py_N8_log_AVR1_metrics.csv_ENH-mband_py_N8_log_AVR1_p092_emo_confusion_sentences_NOIZEUS_NOISE_DATASET_Inside Flight_SNR[-5]dB_CLN-p092_emo_confusion_sentences.csv,mband_py_N8_lin_AVR1_p092_emo_confusion_sentences_NOIZEUS_NOISE_DATASET_Inside Flight_SNR[-5]dB,16000,1.15352463722229,-0.8781338334083557,0.4376435875892639,2.7560901641845703,3.9975016717355487,2.331418309272375,2.656160537110458,mband_py_N8_lin_AVR1_metrics.csv_ENH-mband_py_N8_lin_AVR1_p092_emo_confusion_sentences_NOIZEUS_NOISE_DATASET_Inside Flight_SNR[-5]dB_CLN-p092_emo_confusion_sentences.csv,Flight
p092_emo_contentment_freeform,BASELINE_p092_emo_contentment_freeform_NOIZEUS_NOISE_DATASET_Inside Train_1_SNR[-5]dB,16000,1.0586082935333252,-5.005409240722656,0.5978156924247742,2.417461803981236,3.2830568839388485,1.7328021306694106,1.983821499559656,BASELINE_NOIZEUS_EARS_metrics.csv_ENH-BASELINE_p092_emo_contentment_freeform_NOIZEUS_NOISE_DATASET_Inside Train_1_SNR[-5]dB_CLN-p092_emo_contentment_freeform.csv,GTCRN_p092_emo_contentment_freeform_Noise Recordings_Inside Train_2_SNR[-5]dB,16000,1.201784372329712,2.194370985031128,0.6902126669883728,3.2668473379952565,2.338296742106972,3.739198425018082,2.1756313902478497,GTCRN_NOIZEUS_EARS_metrics.csv_ENH-GTCRN_p092_emo_contentment_freeform_Noise Recordings_Inside Train_2_SNR[-5]dB_CLN-p092_emo_contentment_freeform.csv,GTCRNWF_25ms_quality_p092_emo_contentment_freeform_NOIZEUS_NOISE_DATASET_Inside Train_1_SNR[-5]dB.wav,16000,1.1803377866744995,3.5730342864990234,0.6600236892700195,3.0620778628758023,2.5591393135458147,3.268092319419087,2.0647375560131205,GTCRNWF_EXP3p2a_25ms_quality_data_ENH-GTCRNWF_25ms_quality_p092_emo_contentment_freeform_NOIZEUS_NOISE_DATASET_Inside Train_1_SNR[-5]dB_CLN-p092_emo_contentment_freeform.csv,mband_py_N6_log_AVR1_8_p092_emo_contentment_freeform_NOIZEUS_NOISE_DATASET_Inside Train_1_SNR[-5]dB,16000,1.0618479251861572,-5.88869047164917,0.5944699645042419,2.5487289428710938,3.522323222733776,2.133372161261105,2.399574403846409,mband_py_N6_log_AVR1_8_metrics.csv_ENH-mband_py_N6_log_AVR1_8_p092_emo_contentment_freeform_NOIZEUS_NOISE_DATASET_Inside Train_1_SNR[-5]dB_CLN-p092_emo_contentment_freeform.csv,mband_py_N8_log_AVR1_p092_emo_contentment_freeform_NOIZEUS_NOISE_DATASET_Inside Train_1_SNR[-5]dB,16000,1.0523899793624878,-4.812351703643799,0.5947763323783875,2.5798215866088867,2.8494421788117523,1.797348221784801,1.7644525775073734,mband_py_N8_log_AVR1_metrics.csv_ENH-mband_py_N8_log_AVR1_p092_emo_contentment_freeform_NOIZEUS_NOISE_DATASET_Inside Train_1_SNR[-5]dB_CLN-p092_emo_contentment_freeform.csv,mband_py_N8_lin_AVR1_p092_emo_contentment_freeform_NOIZEUS_NOISE_DATASET_Inside Train_1_SNR[-5]dB,16000,1.0613338947296145,-4.524538040161133,0.6007510423660278,2.710674319948469,2.814682190559137,1.8055743871741423,1.7493125529120026,mband_py_N8_lin_AVR1_metrics.csv_ENH-mband_py_N8_lin_AVR1_p092_emo_contentment_freeform_NOIZEUS_NOISE_DATASET_Inside Train_1_SNR[-5]dB_CLN-p092_emo_contentment_freeform.csv,Train
p092_emo_contentment_sentences,BASELINE_p092_emo_contentment_sentences_NOIZEUS_NOISE_DATASET_Inside Train_2_SNR[-5]dB,16000,1.072021484375,-4.999782085418701,0.6383947134017944,2.5140182971954346,3.826870800036484,1.839287459586284,2.1334227944143245,BASELINE_NOIZEUS_EARS_metrics.csv_ENH-BASELINE_p092_emo_contentment_sentences_NOIZEUS_NOISE_DATASET_Inside Train_2_SNR[-5]dB_CLN-p092_emo_contentment_sentences.csv,GTCRN_p092_emo_contentment_sentences_Noise Recordings_Inside Train_3_SNR[-5]dB,16000,1.221895456314087,3.497002363204956,0.6647897958755493,2.9887514114379883,1.938255710383284,3.30656582899127,1.7794348747372126,GTCRN_NOIZEUS_EARS_metrics.csv_ENH-GTCRN_p092_emo_contentment_sentences_Noise Recordings_Inside Train_3_SNR[-5]dB_CLN-p092_emo_contentment_sentences.csv,GTCRNWF_25ms_quality_p092_emo_contentment_sentences_NOIZEUS_NOISE_DATASET_Inside Train_2_SNR[-5]dB.wav,16000,1.1677577495574951,2.7593817710876465,0.6332271695137024,3.0474746227264404,2.811687250037301,3.668947787984993,2.501371102200983,GTCRNWF_EXP3p2a_25ms_quality_data_ENH-GTCRNWF_25ms_quality_p092_emo_contentment_sentences_NOIZEUS_NOISE_DATASET_Inside Train_2_SNR[-5]dB_CLN-p092_emo_contentment_sentences.csv,mband_py_N6_log_AVR1_8_p092_emo_contentment_sentences_NOIZEUS_NOISE_DATASET_Inside Train_2_SNR[-5]dB,16000,1.113296627998352,-0.353681743144989,0.6342875361442566,2.8698296546936035,2.643455186004872,2.224224099953514,1.805462171829728,mband_py_N6_log_AVR1_8_metrics.csv_ENH-mband_py_N6_log_AVR1_8_p092_emo_contentment_sentences_NOIZEUS_NOISE_DATASET_Inside Train_2_SNR[-5]dB_CLN-p092_emo_contentment_sentences.csv,mband_py_N8_log_AVR1_p092_emo_contentment_sentences_NOIZEUS_NOISE_DATASET_Inside Train_2_SNR[-5]dB,16000,1.1553741693496704,0.1974035650491714,0.6338447332382202,2.585277795791626,3.309502765215217,1.9240879207298045,2.059302313048298,mband_py_N8_log_AVR1_metrics.csv_ENH-mband_py_N8_log_AVR1_p092_emo_contentment_sentences_NOIZEUS_NOISE_DATASET_Inside Train_2_SNR[-5]dB_CLN-p092_emo_contentment_sentences.csv,mband_py_N8_lin_AVR1_p092_emo_contentment_sentences_NOIZEUS_NOISE_DATASET_Inside Train_2_SNR[-5]dB,16000,1.1396299600601196,-0.949912428855896,0.6303658485412598,2.8146872520446777,3.1963952600388588,1.803401957481784,1.909021891464312,mband_py_N8_lin_AVR1_metrics.csv_ENH-mband_py_N8_lin_AVR1_p092_emo_contentment_sentences_NOIZEUS_NOISE_DATASET_Inside Train_2_SNR[-5]dB_CLN-p092_emo_contentment_sentences.csv,Train
p092_emo_cuteness_freeform,BASELINE_p092_emo_cuteness_freeform_NOIZEUS_NOISE_DATASET_Inside Train_3_SNR[-5]dB,16000,1.0412366390228271,-4.928764820098877,0.5612435340881348,2.385851240158081,3.9840556295460607,1.806545962717685,2.1325948896506346,BASELINE_NOIZEUS_EARS_metrics.csv_ENH-BASELINE_p092_emo_cuteness_freeform_NOIZEUS_NOISE_DATASET_Inside Train_3_SNR[-5]dB_CLN-p092_emo_cuteness_freeform.csv,GTCRN_p092_emo_cuteness_freeform_Noise Recordings_PC Fan Noise_SNR[-5]dB,16000,1.2702373266220093,7.922144412994385,0.5708139538764954,2.628398132324219,2.873617070824426,3.4056428351579604,2.4683070373455696,GTCRN_NOIZEUS_EARS_metrics.csv_ENH-GTCRN_p092_emo_cuteness_freeform_Noise Recordings_PC Fan Noise_SNR[-5]dB_CLN-p092_emo_cuteness_freeform.csv,GTCRNWF_25ms_quality_p092_emo_cuteness_freeform_NOIZEUS_NOISE_DATASET_Inside Train_3_SNR[-5]dB.wav,16000,1.083544373512268,-0.2480112165212631,0.3791132271289825,2.418566465377808,1.5707298042405842,3.051064880761173,1.4779240839320216,GTCRNWF_EXP3p2a_25ms_quality_data_ENH-GTCRNWF_25ms_quality_p092_emo_cuteness_freeform_NOIZEUS_NOISE_DATASET_Inside Train_3_SNR[-5]dB_CLN-p092_emo_cuteness_freeform.csv,mband_py_N6_log_AVR1_8_p092_emo_cuteness_freeform_NOIZEUS_NOISE_DATASET_Inside Train_3_SNR[-5]dB,16000,1.0829720497131348,0.1119686812162399,0.5488481521606445,2.4304128170013426,3.617438125183753,1.858260984044092,2.0712164907816355,mband_py_N6_log_AVR1_8_metrics.csv_ENH-mband_py_N6_log_AVR1_8_p092_emo_cuteness_freeform_NOIZEUS_NOISE_DATASET_Inside Train_3_SNR[-5]dB_CLN-p092_emo_cuteness_freeform.csv,mband_py_N8_log_AVR1_p092_emo_cuteness_freeform_NOIZEUS_NOISE_DATASET_Inside Train_3_SNR[-5]dB,16000,1.0671132802963257,0.7598029971122742,0.5559839010238647,2.4650112628936767,3.618949648446564,2.239957340398649,2.464351235148221,mband_py_N8_log_AVR1_metrics.csv_ENH-mband_py_N8_log_AVR1_p092_emo_cuteness_freeform_NOIZEUS_NOISE_DATASET_Inside Train_3_SNR[-5]dB_CLN-p092_emo_cuteness_freeform.csv,mband_py_N8_lin_AVR1_p092_emo_cuteness_freeform_NOIZEUS_NOISE_DATASET_Inside Train_3_SNR[-5]dB,16000,1.0695421695709229,-0.5582860112190247,0.5498200058937073,2.435566759109497,3.457659324873917,1.9974526789608027,2.2125502842941978,mband_py_N8_lin_AVR1_metrics.csv_ENH-mband_py_N8_lin_AVR1_p092_emo_cuteness_freeform_NOIZEUS_NOISE_DATASET_Inside Train_3_SNR[-5]dB_CLN-p092_emo_cuteness_freeform.csv,Train
p092_emo_cuteness_sentences,BASELINE_p092_emo_cuteness_sentences_NOIZEUS_NOISE_DATASET_PC Fan Noise_SNR[-5]dB,16000,1.0414434671401978,-4.987016677856445,0.6675800681114197,2.6568793058395386,3.386691183360388,1.538085224333285,1.8233944935353263,BASELINE_NOIZEUS_EARS_metrics.csv_ENH-BASELINE_p092_emo_cuteness_sentences_NOIZEUS_NOISE_DATASET_PC Fan Noise_SNR[-5]dB_CLN-p092_emo_cuteness_sentences.csv,GTCRN_p092_emo_cuteness_sentences_Noise Recordings_SSN_IEEE_SNR[-5]dB,16000,1.1221981048583984,3.4023940563201904,0.5104374289512634,2.7462507486343384,2.1130254325735285,2.991741777787723,1.8746394391551435,GTCRN_NOIZEUS_EARS_metrics.csv_ENH-GTCRN_p092_emo_cuteness_sentences_Noise Recordings_SSN_IEEE_SNR[-5]dB_CLN-p092_emo_cuteness_sentences.csv,GTCRNWF_25ms_quality_p092_emo_cuteness_sentences_NOIZEUS_NOISE_DATASET_PC Fan Noise_SNR[-5]dB.wav,16000,1.3247876167297363,11.176666259765623,0.6573671102523804,2.570321083068848,3.2171829743050324,3.5110547012888538,2.750606956003688,GTCRNWF_EXP3p2a_25ms_quality_data_ENH-GTCRNWF_25ms_quality_p092_emo_cuteness_sentences_NOIZEUS_NOISE_DATASET_PC Fan Noise_SNR[-5]dB_CLN-p092_emo_cuteness_sentences.csv,mband_py_N6_log_AVR1_8_p092_emo_cuteness_sentences_NOIZEUS_NOISE_DATASET_PC Fan Noise_SNR[-5]dB,16000,1.1136903762817385,5.127457618713379,0.6769881248474121,2.615968346595764,4.3078788371983965,2.2887121691067724,2.763373631369853,mband_py_N6_log_AVR1_8_metrics.csv_ENH-mband_py_N6_log_AVR1_8_p092_emo_cuteness_sentences_NOIZEUS_NOISE_DATASET_PC Fan Noise_SNR[-5]dB_CLN-p092_emo_cuteness_sentences.csv,mband_py_N8_log_AVR1_p092_emo_cuteness_sentences_NOIZEUS_NOISE_DATASET_PC Fan Noise_SNR[-5]dB,16000,1.091257095336914,4.192778587341309,0.6819002032279968,2.6256273984909058,3.9694757644884007,2.023330437645022,2.454040012042011,mband_py_N8_log_AVR1_metrics.csv_ENH-mband_py_N8_log_AVR1_p092_emo_cuteness_sentences_NOIZEUS_NOISE_DATASET_PC Fan Noise_SNR[-5]dB_CLN-p092_emo_cuteness_sentences.csv,mband_py_N8_lin_AVR1_p092_emo_cuteness_sentences_NOIZEUS_NOISE_DATASET_PC Fan Noise_SNR[-5]dB,16000,1.0753090381622314,2.475826501846313,0.6822863221168518,2.624356150627136,4.034171378626088,2.008669339734525,2.4483681099140986,mband_py_N8_lin_AVR1_metrics.csv_ENH-mband_py_N8_lin_AVR1_p092_emo_cuteness_sentences_NOIZEUS_NOISE_DATASET_PC Fan Noise_SNR[-5]dB_CLN-p092_emo_cuteness_sentences.csv,Stationary
p092_emo_desire_freeform,BASELINE_p092_emo_desire_freeform_NOIZEUS_NOISE_DATASET_SSN_IEEE_SNR[-5]dB,16000,1.031769037246704,-5.012791633605957,0.5301612615585327,2.277958631515503,3.1462325645271583,1.5187696509860773,1.7773297062516111,BASELINE_NOIZEUS_EARS_metrics.csv_ENH-BASELINE_p092_emo_desire_freeform_NOIZEUS_NOISE_DATASET_SSN_IEEE_SNR[-5]dB_CLN-p092_emo_desire_freeform.csv,GTCRN_p092_emo_desire_freeform_Noise Recordings_Street Noise_SNR[-5]dB,16000,1.1753675937652588,4.921195030212402,0.5891059637069702,2.7519701719284058,1.814364318245251,3.3740263340062806,1.668725982410267,GTCRN_NOIZEUS_EARS_metrics.csv_ENH-GTCRN_p092_emo_desire_freeform_Noise Recordings_Street Noise_SNR[-5]dB_CLN-p092_emo_desire_freeform.csv,GTCRNWF_25ms_quality_p092_emo_desire_freeform_NOIZEUS_NOISE_DATASET_SSN_IEEE_SNR[-5]dB.wav,16000,1.1299948692321775,4.594363212585449,0.523770272731781,2.5590017636617026,2.0508581644997976,3.63335489874977,1.9140468615089044,GTCRNWF_EXP3p2a_25ms_quality_data_ENH-GTCRNWF_25ms_quality_p092_emo_desire_freeform_NOIZEUS_NOISE_DATASET_SSN_IEEE_SNR[-5]dB_CLN-p092_emo_desire_freeform.csv,mband_py_N6_log_AVR1_8_p092_emo_desire_freeform_NOIZEUS_NOISE_DATASET_SSN_IEEE_SNR[-5]dB,16000,1.043042778968811,-2.362550735473633,0.5502927303314209,2.361449718475342,3.4859858264559347,2.326683704335538,2.3367115147661868,mband_py_N6_log_AVR1_8_metrics.csv_ENH-mband_py_N6_log_AVR1_8_p092_emo_desire_freeform_NOIZEUS_NOISE_DATASET_SSN_IEEE_SNR[-5]dB_CLN-p092_emo_desire_freeform.csv,mband_py_N8_log_AVR1_p092_emo_desire_freeform_NOIZEUS_NOISE_DATASET_SSN_IEEE_SNR[-5]dB,16000,1.0549349784851074,0.1443402618169784,0.5237221121788025,2.3352951606114707,3.224510607047001,1.9664228919766789,2.024077670752356,mband_py_N8_log_AVR1_metrics.csv_ENH-mband_py_N8_log_AVR1_p092_emo_desire_freeform_NOIZEUS_NOISE_DATASET_SSN_IEEE_SNR[-5]dB_CLN-p092_emo_desire_freeform.csv,mband_py_N8_lin_AVR1_p092_emo_desire_freeform_NOIZEUS_NOISE_DATASET_SSN_IEEE_SNR[-5]dB,16000,1.050329327583313,-0.8421630859375,0.5307495594024658,2.440813660621643,3.2853172132466604,1.7856597038257729,1.898110879440423,mband_py_N8_lin_AVR1_metrics.csv_ENH-mband_py_N8_lin_AVR1_p092_emo_desire_freeform_NOIZEUS_NOISE_DATASET_SSN_IEEE_SNR[-5]dB_CLN-p092_emo_desire_freeform.csv,Stationary
p092_emo_desire_sentences,BASELINE_p092_emo_desire_sentences_NOIZEUS_NOISE_DATASET_Street Noise_SNR[-5]dB,16000,1.0716552734375,-5.073538303375244,0.5519740581512451,2.6172146002451577,3.689643721582028,1.9516982958760192,2.199015411846409,BASELINE_NOIZEUS_EARS_metrics.csv_ENH-BASELINE_p092_emo_desire_sentences_NOIZEUS_NOISE_DATASET_Street Noise_SNR[-5]dB_CLN-p092_emo_desire_sentences.csv,GTCRN_p092_emo_desire_sentences_Noise Recordings_Street Noise_downtown_SNR[-5]dB,16000,1.2290053367614746,4.919653415679932,0.5977275967597961,3.079742113749186,2.748779124281973,3.1234672188473738,2.1541186858426618,GTCRN_NOIZEUS_EARS_metrics.csv_ENH-GTCRN_p092_emo_desire_sentences_Noise Recordings_Street Noise_downtown_SNR[-5]dB_CLN-p092_emo_desire_sentences.csv,GTCRNWF_25ms_quality_p092_emo_desire_sentences_NOIZEUS_NOISE_DATASET_Street Noise_SNR[-5]dB.wav,16000,1.17937171459198,4.429482936859131,0.5676635503768921,2.7727564175923667,2.0362831674360704,3.406202958655479,1.8108585873508305,GTCRNWF_EXP3p2a_25ms_quality_data_ENH-GTCRNWF_25ms_quality_p092_emo_desire_sentences_NOIZEUS_NOISE_DATASET_Street Noise_SNR[-5]dB_CLN-p092_emo_desire_sentences.csv,mband_py_N6_log_AVR1_8_p092_emo_desire_sentences_NOIZEUS_NOISE_DATASET_Street Noise_SNR[-5]dB,16000,1.1289926767349243,0.6201107501983643,0.5513765215873718,2.38471261660258,3.686851655045588,2.636265576895641,2.52404508827786,mband_py_N6_log_AVR1_8_metrics.csv_ENH-mband_py_N6_log_AVR1_8_p092_emo_desire_sentences_NOIZEUS_NOISE_DATASET_Street Noise_SNR[-5]dB_CLN-p092_emo_desire_sentences.csv,mband_py_N8_log_AVR1_p092_emo_desire_sentences_NOIZEUS_NOISE_DATASET_Street Noise_SNR[-5]dB,16000,1.108265995979309,0.2107896655797958,0.5438735485076904,2.465515613555908,3.156708775441196,2.4364824879795823,2.2064357499593537,mband_py_N8_log_AVR1_metrics.csv_ENH-mband_py_N8_log_AVR1_p092_emo_desire_sentences_NOIZEUS_NOISE_DATASET_Street Noise_SNR[-5]dB_CLN-p092_emo_desire_sentences.csv,mband_py_N8_lin_AVR1_p092_emo_desire_sentences_NOIZEUS_NOISE_DATASET_Street Noise_SNR[-5]dB,16000,1.102861762046814,-0.9080427289009094,0.5441213250160217,2.6071685949961343,3.017183571061638,1.9753797234767232,1.875977580283796,mband_py_N8_lin_AVR1_metrics.csv_ENH-mband_py_N8_lin_AVR1_p092_emo_desire_sentences_NOIZEUS_NOISE_DATASET_Street Noise_SNR[-5]dB_CLN-p092_emo_desire_sentences.csv,Street
p092_emo_disappointment_freeform,BASELINE_p092_emo_disappointment_freeform_NOIZEUS_NOISE_DATASET_Street Noise_downtown_SNR[-5]dB,16000,1.1387814283370972,-5.014179229736328,0.5528799891471863,2.0869597366877963,3.087569308124193,1.4660888327173045,1.7222439955916482,BASELINE_NOIZEUS_EARS_metrics.csv_ENH-BASELINE_p092_emo_disappointment_freeform_NOIZEUS_NOISE_DATASET_Street Noise_downtown_SNR[-5]dB_CLN-p092_emo_disappointment_freeform.csv,GTCRN_p092_emo_disappointment_freeform_Noise Recordings_Train1_SNR[-5]dB,16000,1.188691020011902,2.7908473014831543,0.595608115196228,2.606845889772688,1.9456281686661328,3.054913889426308,1.6887771339700235,GTCRN_NOIZEUS_EARS_metrics.csv_ENH-GTCRN_p092_emo_disappointment_freeform_Noise Recordings_Train1_SNR[-5]dB_CLN-p092_emo_disappointment_freeform.csv,GTCRNWF_25ms_quality_p092_emo_disappointment_freeform_NOIZEUS_NOISE_DATASET_Street Noise_downtown_SNR[-5]dB.wav,16000,1.1768832206726074,3.576552391052246,0.5635031461715698,3.0348068305424283,2.653204057192469,2.900710687995543,2.1255166339264138,GTCRNWF_EXP3p2a_25ms_quality_data_ENH-GTCRNWF_25ms_quality_p092_emo_disappointment_freeform_NOIZEUS_NOISE_DATASET_Street Noise_downtown_SNR[-5]dB_CLN-p092_emo_disappointment_freeform.csv,mband_py_N6_log_AVR1_8_p092_emo_disappointment_freeform_NOIZEUS_NOISE_DATASET_Street Noise_downtown_SNR[-5]dB,16000,1.0976603031158447,-0.942351460456848,0.5663352012634277,2.4988910470690047,3.925391110923696,2.3511600960964936,2.591338394001088,mband_py_N6_log_AVR1_8_metrics.csv_ENH-mband_py_N6_log_AVR1_8_p092_emo_disappointment_freeform_NOIZEUS_NOISE_DATASET_Street Noise_downtown_SNR[-5]dB_CLN-p092_emo_disappointment_freeform.csv,mband_py_N8_log_AVR1_p092_emo_disappointment_freeform_NOIZEUS_NOISE_DATASET_Street Noise_downtown_SNR[-5]dB,16000,1.144614815711975,-1.252685785293579,0.5424495339393616,2.381326300757272,3.6338249437931087,1.840916657931125,2.186024049298384,mband_py_N8_log_AVR1_metrics.csv_ENH-mband_py_N8_log_AVR1_p092_emo_disappointment_freeform_NOIZEUS_NOISE_DATASET_Street Noise_downtown_SNR[-5]dB_CLN-p092_emo_disappointment_freeform.csv,mband_py_N8_lin_AVR1_p092_emo_disappointment_freeform_NOIZEUS_NOISE_DATASET_Street Noise_downtown_SNR[-5]dB,16000,1.1342586278915403,-1.3223634958267212,0.550995945930481,2.369821207863944,3.6006300306645014,1.743680370646573,2.11278962192464,mband_py_N8_lin_AVR1_metrics.csv_ENH-mband_py_N8_lin_AVR1_p092_emo_disappointment_freeform_NOIZEUS_NOISE_DATASET_Street Noise_downtown_SNR[-5]dB_CLN-p092_emo_disappointment_freeform.csv,Street
p092_emo_disappointment_sentences,BASELINE_p092_emo_disappointment_sentences_NOIZEUS_NOISE_DATASET_Train1_SNR[-5]dB,16000,1.08449387550354,-4.998906135559082,0.5826579332351685,2.378511905670166,4.238711265629794,1.731173360020247,2.2354913633313034,BASELINE_NOIZEUS_EARS_metrics.csv_ENH-BASELINE_p092_emo_disappointment_sentences_NOIZEUS_NOISE_DATASET_Train1_SNR[-5]dB_CLN-p092_emo_disappointment_sentences.csv,GTCRN_p092_emo_disappointment_sentences_Noise Recordings_Train2_SNR[-5]dB,16000,1.2074904441833496,4.193592548370361,0.6357022523880005,2.8643649220466614,2.830586686631334,3.345243753373301,2.350493124852877,GTCRN_NOIZEUS_EARS_metrics.csv_ENH-GTCRN_p092_emo_disappointment_sentences_Noise Recordings_Train2_SNR[-5]dB_CLN-p092_emo_disappointment_sentences.csv,GTCRNWF_25ms_quality_p092_emo_disappointment_sentences_NOIZEUS_NOISE_DATASET_Train1_SNR[-5]dB.wav,16000,1.2157992124557495,5.903360843658447,0.6297517418861389,3.031968653202057,3.900987700534726,4.019955241867654,3.4135606942872383,GTCRNWF_EXP3p2a_25ms_quality_data_ENH-GTCRNWF_25ms_quality_p092_emo_disappointment_sentences_NOIZEUS_NOISE_DATASET_Train1_SNR[-5]dB_CLN-p092_emo_disappointment_sentences.csv,mband_py_N6_log_AVR1_8_p092_emo_disappointment_sentences_NOIZEUS_NOISE_DATASET_Train1_SNR[-5]dB,16000,1.0892373323440552,-5.038217544555664,0.5609939694404602,2.670185685157776,4.4301990405095655,1.900007813394654,2.375463933875285,mband_py_N6_log_AVR1_8_metrics.csv_ENH-mband_py_N6_log_AVR1_8_p092_emo_disappointment_sentences_NOIZEUS_NOISE_DATASET_Train1_SNR[-5]dB_CLN-p092_emo_disappointment_sentences.csv,mband_py_N8_log_AVR1_p092_emo_disappointment_sentences_NOIZEUS_NOISE_DATASET_Train1_SNR[-5]dB,16000,1.118232488632202,1.9993793964385984,0.5747563242912292,2.3581977486610413,3.8452359510273904,2.162374340419418,2.4897484547484368,mband_py_N8_log_AVR1_metrics.csv_ENH-mband_py_N8_log_AVR1_p092_emo_disappointment_sentences_NOIZEUS_NOISE_DATASET_Train1_SNR[-5]dB_CLN-p092_emo_disappointment_sentences.csv,mband_py_N8_lin_AVR1_p092_emo_disappointment_sentences_NOIZEUS_NOISE_DATASET_Train1_SNR[-5]dB,16000,1.1109782457351685,2.158087730407715,0.5820289254188538,2.4737451672554016,3.8764955325069743,2.1799151120842963,2.548526628028553,mband_py_N8_lin_AVR1_metrics.csv_ENH-mband_py_N8_lin_AVR1_p092_emo_disappointment_sentences_NOIZEUS_NOISE_DATASET_Train1_SNR[-5]dB_CLN-p092_emo_disappointment_sentences.csv,Train
p092_emo_disgust_freeform,BASELINE_p092_emo_disgust_freeform_NOIZEUS_NOISE_DATASET_Train2_SNR[-5]dB,16000,1.0536330938339231,-4.978754997253418,0.6441189050674438,2.5158767018999373,3.078630467854222,1.410537933081761,1.6345429157767573,BASELINE_NOIZEUS_EARS_metrics.csv_ENH-BASELINE_p092_emo_disgust_freeform_NOIZEUS_NOISE_DATASET_Train2_SNR[-5]dB_CLN-p092_emo_disgust_freeform.csv,GTCRN_p092_emo_disgust_freeform_Noise Recordings_Water Cooler_SNR[-5]dB,16000,1.39644193649292,6.3451690673828125,0.7011688351631165,3.0213450704302107,2.633428441379763,3.2896761957136698,2.300102427474816,GTCRN_NOIZEUS_EARS_metrics.csv_ENH-GTCRN_p092_emo_disgust_freeform_Noise Recordings_Water Cooler_SNR[-5]dB_CLN-p092_emo_disgust_freeform.csv,GTCRNWF_25ms_quality_p092_emo_disgust_freeform_NOIZEUS_NOISE_DATASET_Train2_SNR[-5]dB.wav,16000,1.1638846397399902,4.959268093109131,0.6609228253364563,2.907216651099069,2.933249422777153,3.4718794000718303,2.479442334656605,GTCRNWF_EXP3p2a_25ms_quality_data_ENH-GTCRNWF_25ms_quality_p092_emo_disgust_freeform_NOIZEUS_NOISE_DATASET_Train2_SNR[-5]dB_CLN-p092_emo_disgust_freeform.csv,mband_py_N6_log_AVR1_8_p092_emo_disgust_freeform_NOIZEUS_NOISE_DATASET_Train2_SNR[-5]dB,16000,1.1256896257400513,-5.3316826820373535,0.6364532709121704,2.614207029342652,3.759259273408591,1.6070439919574284,1.9827147365881748,mband_py_N6_log_AVR1_8_metrics.csv_ENH-mband_py_N6_log_AVR1_8_p092_emo_disgust_freeform_NOIZEUS_NOISE_DATASET_Train2_SNR[-5]dB_CLN-p092_emo_disgust_freeform.csv,mband_py_N8_log_AVR1_p092_emo_disgust_freeform_NOIZEUS_NOISE_DATASET_Train2_SNR[-5]dB,16000,1.0629626512527466,-3.790181159973145,0.6266341209411621,2.4806507655552457,3.722087092233232,1.8170965939869568,2.317099156045136,mband_py_N8_log_AVR1_metrics.csv_ENH-mband_py_N8_log_AVR1_p092_emo_disgust_freeform_NOIZEUS_NOISE_DATASET_Train2_SNR[-5]dB_CLN-p092_emo_disgust_freeform.csv,mband_py_N8_lin_AVR1_p092_emo_disgust_freeform_NOIZEUS_NOISE_DATASET_Train2_SNR[-5]dB,16000,1.0635533332824707,-3.77549147605896,0.6270050406455994,2.479595354625157,3.819005577461975,1.851185969352937,2.3689931180321944,mband_py_N8_lin_AVR1_metrics.csv_ENH-mband_py_N8_lin_AVR1_p092_emo_disgust_freeform_NOIZEUS_NOISE_DATASET_Train2_SNR[-5]dB_CLN-p092_emo_disgust_freeform.csv,Train
p092_emo_disgust_sentences,BASELINE_p092_emo_disgust_sentences_NOIZEUS_NOISE_DATASET_Water Cooler_SNR[-5]dB,16000,1.144395112991333,-5.048757076263428,0.6084635257720947,2.548366594314575,4.056968065856824,1.8827338932625823,2.2717664041068346,BASELINE_NOIZEUS_EARS_metrics.csv_ENH-BASELINE_p092_emo_disgust_sentences_NOIZEUS_NOISE_DATASET_Water Cooler_SNR[-5]dB_CLN-p092_emo_disgust_sentences.csv,GTCRN_p092_emo_disgust_sentences_Noise Recordings_cafeteria_babble_SNR[-5]dB,16000,1.2157965898513794,-0.8250459432601929,0.491163045167923,2.7134007453918456,1.8922848851092664,2.937807210215562,1.6759504676615826,GTCRN_NOIZEUS_EARS_metrics.csv_ENH-GTCRN_p092_emo_disgust_sentences_Noise Recordings_cafeteria_babble_SNR[-5]dB_CLN-p092_emo_disgust_sentences.csv,GTCRNWF_25ms_quality_p092_emo_disgust_sentences_NOIZEUS_NOISE_DATASET_Water Cooler_SNR[-5]dB.wav,16000,1.4067232608795166,5.717713356018066,0.6389905214309692,3.183876895904541,3.1182551034214896,3.4601394866502453,2.636186963884648,GTCRNWF_EXP3p2a_25ms_quality_data_ENH-GTCRNWF_25ms_quality_p092_emo_disgust_sentences_NOIZEUS_NOISE_DATASET_Water Cooler_SNR[-5]dB_CLN-p092_emo_disgust_sentences.csv,mband_py_N6_log_AVR1_8_p092_emo_disgust_sentences_NOIZEUS_NOISE_DATASET_Water Cooler_SNR[-5]dB,16000,1.2822153568267822,2.823763847351074,0.6151325106620789,2.708682489395142,4.210724777838177,2.47704738314168,2.8875556370385747,mband_py_N6_log_AVR1_8_metrics.csv_ENH-mband_py_N6_log_AVR1_8_p092_emo_disgust_sentences_NOIZEUS_NOISE_DATASET_Water Cooler_SNR[-5]dB_CLN-p092_emo_disgust_sentences.csv,mband_py_N8_log_AVR1_p092_emo_disgust_sentences_NOIZEUS_NOISE_DATASET_Water Cooler_SNR[-5]dB,16000,1.28660249710083,2.977130174636841,0.6141270399093628,2.592919206619263,4.2173780378099135,2.325840318259728,2.798630411814701,mband_py_N8_log_AVR1_metrics.csv_ENH-mband_py_N8_log_AVR1_p092_emo_disgust_sentences_NOIZEUS_NOISE_DATASET_Water Cooler_SNR[-5]dB_CLN-p092_emo_disgust_sentences.csv,mband_py_N8_lin_AVR1_p092_emo_disgust_sentences_NOIZEUS_NOISE_DATASET_Water Cooler_SNR[-5]dB,16000,1.2783327102661133,3.209740161895752,0.6178644895553589,2.8843567848205565,4.083997783411128,2.1881659345348465,2.6342161752007422,mband_py_N8_lin_AVR1_metrics.csv_ENH-mband_py_N8_lin_AVR1_p092_emo_disgust_sentences_NOIZEUS_NOISE_DATASET_Water Cooler_SNR[-5]dB_CLN-p092_emo_disgust_sentences.csv,Stationary
