clean_file,enhanced_file,sampling_rate,PESQ_Noisy,SI_SDR_Noisy,STOI_Noisy,DNSMOS_p808_mos_Noisy,DNSMOS_mos_sig_Noisy,DNSMOS_mos_bak_Noisy,DNSMOS_mos_ovr_Noisy,source_file,enhanced_file_mband_py_lin_avr1,sampling_rate_mband_py_lin_avr1,PESQ_mband_py_lin_avr1,SI_SDR_mband_py_lin_avr1,STOI_mband_py_lin_avr1,DNSMOS_p808_mos_mband_py_lin_avr1,DNSMOS_mos_sig_mband_py_lin_avr1,DNSMOS_mos_bak_mband_py_lin_avr1,DNSMOS_mos_ovr_mband_py_lin_avr1,source_file_mband_py_lin_avr1,enhanced_file_mband_py_lin_conservative_wts_avr1,sampling_rate_mband_py_lin_conservative_wts_avr1,PESQ_mband_py_lin_conservative_wts_avr1,SI_SDR_mband_py_lin_conservative_wts_avr1,STOI_mband_py_lin_conservative_wts_avr1,DNSMOS_p808_mos_mband_py_lin_conservative_wts_avr1,DNSMOS_mos_sig_mband_py_lin_conservative_wts_avr1,DNSMOS_mos_bak_mband_py_lin_conservative_wts_avr1,DNSMOS_mos_ovr_mband_py_lin_conservative_wts_avr1,source_file_mband_py_lin_conservative_wts_avr1,enhanced_file_mband_py_lin_VAD_adpt_wts_avr1,sampling_rate_mband_py_lin_VAD_adpt_wts_avr1,PESQ_mband_py_lin_VAD_adpt_wts_avr1,SI_SDR_mband_py_lin_VAD_adpt_wts_avr1,STOI_mband_py_lin_VAD_adpt_wts_avr1,DNSMOS_p808_mos_mband_py_lin_VAD_adpt_wts_avr1,DNSMOS_mos_sig_mband_py_lin_VAD_adpt_wts_avr1,DNSMOS_mos_bak_mband_py_lin_VAD_adpt_wts_avr1,DNSMOS_mos_ovr_mband_py_lin_VAD_adpt_wts_avr1,source_file_mband_py_lin_VAD_adpt_wts_avr1,noise_category
p092_emo_adoration_freeform,BASELINE_p092_emo_adoration_freeform_NOIZEUS_NOISE_DATASET_cafeteria_babble_SNR[0]dB,16000,1.0672342777252195,-0.0616480335593223,0.6657214164733887,2.339170495669047,4.153013232777118,2.080801474717147,2.5163650343384623,BASELINE_NOIZEUS_EARS_metrics.csv_ENH-BASELINE_p092_emo_adoration_freeform_NOIZEUS_NOISE_DATASET_cafeteria_babble_SNR[0]dB_CLN-p092_emo_adoration_freeform.csv,mband_py_N6_lin_AVR1_8_p092_emo_adoration_freeform_NOIZEUS_NOISE_DATASET_cafeteria_babble_SNR[0]dB,16000,1.23534893989563,2.592714786529541,0.6671943664550781,2.505306919415792,3.788484601064425,2.5342756303709995,2.556076811491549,mband_py_N6_lin_AVR1_8_metrics.csv_ENH-mband_py_N6_lin_AVR1_8_p092_emo_adoration_freeform_NOIZEUS_NOISE_DATASET_cafeteria_babble_SNR[0]dB_CLN-p092_emo_adoration_freeform.csv,mband_py_N6_lin_AVR1_p092_emo_adoration_freeform_NOIZEUS_NOISE_DATASET_cafeteria_babble_SNR[0]dB,16000,1.1651965379714966,2.144259452819824,0.6502663493156433,2.46830153465271,3.0094653575725725,2.076134529293153,1.8986507525155945,mband_py_N6_lin_AVR1_metrics.csv_ENH-mband_py_N6_lin_AVR1_p092_emo_adoration_freeform_NOIZEUS_NOISE_DATASET_cafeteria_babble_SNR[0]dB_CLN-p092_emo_adoration_freeform.csv,mband_py_N6_lin_AVR1_p092_emo_adoration_freeform_NOIZEUS_NOISE_DATASET_cafeteria_babble_SNR[0]dB,16000,1.1638456583023071,2.329624652862549,0.6513257622718811,2.478636662165324,2.7738697428906565,2.066035219853911,1.809408727405084,mband_py_N6_lin_AVR1_metrics.csv_ENH-mband_py_N6_lin_AVR1_p092_emo_adoration_freeform_NOIZEUS_NOISE_DATASET_cafeteria_babble_SNR[0]dB_CLN-p092_emo_adoration_freeform.csv,Babble
p092_emo_adoration_sentences,BASELINE_p092_emo_adoration_sentences_NOIZEUS_NOISE_DATASET_Car Noise_60mph_SNR[0]dB,16000,1.0904881954193115,0.0255754683166742,0.6831189393997192,3.291677815573556,3.982278203567337,2.3249485526839133,2.6397158640076546,BASELINE_NOIZEUS_EARS_metrics.csv_ENH-BASELINE_p092_emo_adoration_sentences_NOIZEUS_NOISE_DATASET_Car Noise_60mph_SNR[0]dB_CLN-p092_emo_adoration_sentences.csv,mband_py_N6_lin_AVR1_8_p092_emo_adoration_sentences_NOIZEUS_NOISE_DATASET_Car Noise_60mph_SNR[0]dB,16000,1.2944825887680054,6.179986000061035,0.693667471408844,3.2820804119110107,3.738724734985096,2.695340534497732,2.6637740348355234,mband_py_N6_lin_AVR1_8_metrics.csv_ENH-mband_py_N6_lin_AVR1_8_p092_emo_adoration_sentences_NOIZEUS_NOISE_DATASET_Car Noise_60mph_SNR[0]dB_CLN-p092_emo_adoration_sentences.csv,mband_py_N6_lin_AVR1_p092_emo_adoration_sentences_NOIZEUS_NOISE_DATASET_Car Noise_60mph_SNR[0]dB,16000,1.2677676677703855,5.63442325592041,0.6841896176338196,3.292613812855312,3.229527488407132,2.81438004732834,2.433821060317208,mband_py_N6_lin_AVR1_metrics.csv_ENH-mband_py_N6_lin_AVR1_p092_emo_adoration_sentences_NOIZEUS_NOISE_DATASET_Car Noise_60mph_SNR[0]dB_CLN-p092_emo_adoration_sentences.csv,mband_py_N6_lin_AVR1_p092_emo_adoration_sentences_NOIZEUS_NOISE_DATASET_Car Noise_60mph_SNR[0]dB,16000,1.2652573585510254,5.709698677062988,0.6855011582374573,3.29561710357666,3.1433567639728794,2.902258542440617,2.428220915621123,mband_py_N6_lin_AVR1_metrics.csv_ENH-mband_py_N6_lin_AVR1_p092_emo_adoration_sentences_NOIZEUS_NOISE_DATASET_Car Noise_60mph_SNR[0]dB_CLN-p092_emo_adoration_sentences.csv,Car
p092_emo_amazement_freeform,BASELINE_p092_emo_amazement_freeform_NOIZEUS_NOISE_DATASET_Car Noise_Idle Noise_40mph_SNR[0]dB,16000,1.046845555305481,-0.0022661311086267,0.736253023147583,2.7483157430376326,4.077721650315152,1.8823738212561207,2.376026342813176,BASELINE_NOIZEUS_EARS_metrics.csv_ENH-BASELINE_p092_emo_amazement_freeform_NOIZEUS_NOISE_DATASET_Car Noise_Idle Noise_40mph_SNR[0]dB_CLN-p092_emo_amazement_freeform.csv,mband_py_N6_lin_AVR1_8_p092_emo_amazement_freeform_NOIZEUS_NOISE_DATASET_Car Noise_Idle Noise_40mph_SNR[0]dB,16000,1.2310370206832886,8.149885177612305,0.7479504346847534,2.827333552496774,3.673794752846273,2.2528307968776367,2.4463530198069825,mband_py_N6_lin_AVR1_8_metrics.csv_ENH-mband_py_N6_lin_AVR1_8_p092_emo_amazement_freeform_NOIZEUS_NOISE_DATASET_Car Noise_Idle Noise_40mph_SNR[0]dB_CLN-p092_emo_amazement_freeform.csv,mband_py_N6_lin_AVR1_p092_emo_amazement_freeform_NOIZEUS_NOISE_DATASET_Car Noise_Idle Noise_40mph_SNR[0]dB,16000,1.214348554611206,7.885744094848633,0.7371118068695068,2.973054953983852,3.4730124360573726,2.3443001475281595,2.472074226142079,mband_py_N6_lin_AVR1_metrics.csv_ENH-mband_py_N6_lin_AVR1_p092_emo_amazement_freeform_NOIZEUS_NOISE_DATASET_Car Noise_Idle Noise_40mph_SNR[0]dB_CLN-p092_emo_amazement_freeform.csv,mband_py_N6_lin_AVR1_p092_emo_amazement_freeform_NOIZEUS_NOISE_DATASET_Car Noise_Idle Noise_40mph_SNR[0]dB,16000,1.2109237909317017,7.972512245178223,0.737958550453186,2.983236380985805,3.2690309709232324,2.3256905440098423,2.3474652959722406,mband_py_N6_lin_AVR1_metrics.csv_ENH-mband_py_N6_lin_AVR1_p092_emo_amazement_freeform_NOIZEUS_NOISE_DATASET_Car Noise_Idle Noise_40mph_SNR[0]dB_CLN-p092_emo_amazement_freeform.csv,Car
p092_emo_amazement_sentences,BASELINE_p092_emo_amazement_sentences_NOIZEUS_NOISE_DATASET_Car Noise_Idle Noise_60mph_SNR[0]dB,16000,1.0949115753173828,0.0157875958830118,0.6954527497291565,3.091194868087769,4.021723695920817,2.1745096029849966,2.5055831200872976,BASELINE_NOIZEUS_EARS_metrics.csv_ENH-BASELINE_p092_emo_amazement_sentences_NOIZEUS_NOISE_DATASET_Car Noise_Idle Noise_60mph_SNR[0]dB_CLN-p092_emo_amazement_sentences.csv,mband_py_N6_lin_AVR1_8_p092_emo_amazement_sentences_NOIZEUS_NOISE_DATASET_Car Noise_Idle Noise_60mph_SNR[0]dB,16000,1.2801299095153809,7.472488880157471,0.7017719149589539,2.685680866241455,3.5445839684623617,2.687579429174836,2.612705514689705,mband_py_N6_lin_AVR1_8_metrics.csv_ENH-mband_py_N6_lin_AVR1_8_p092_emo_amazement_sentences_NOIZEUS_NOISE_DATASET_Car Noise_Idle Noise_60mph_SNR[0]dB_CLN-p092_emo_amazement_sentences.csv,mband_py_N6_lin_AVR1_p092_emo_amazement_sentences_NOIZEUS_NOISE_DATASET_Car Noise_Idle Noise_60mph_SNR[0]dB,16000,1.2424447536468506,6.828490257263184,0.6915348768234253,2.79184365272522,3.245172187394931,2.327032022433425,2.261681632164362,mband_py_N6_lin_AVR1_metrics.csv_ENH-mband_py_N6_lin_AVR1_p092_emo_amazement_sentences_NOIZEUS_NOISE_DATASET_Car Noise_Idle Noise_60mph_SNR[0]dB_CLN-p092_emo_amazement_sentences.csv,mband_py_N6_lin_AVR1_p092_emo_amazement_sentences_NOIZEUS_NOISE_DATASET_Car Noise_Idle Noise_60mph_SNR[0]dB,16000,1.2411699295043943,6.919626235961914,0.6923572421073914,2.82302188873291,3.0164648851960134,2.3458791945855864,2.1342573443172976,mband_py_N6_lin_AVR1_metrics.csv_ENH-mband_py_N6_lin_AVR1_p092_emo_amazement_sentences_NOIZEUS_NOISE_DATASET_Car Noise_Idle Noise_60mph_SNR[0]dB_CLN-p092_emo_amazement_sentences.csv,Car
p092_emo_amusement_freeform,BASELINE_p092_emo_amusement_freeform_NOIZEUS_NOISE_DATASET_Construction_Crane_Moving_SNR[0]dB,16000,1.031414270401001,-0.0358588807284832,0.6414271593093872,2.2904826402664185,3.5712718763632827,1.4094170508500428,1.6665326785880443,BASELINE_NOIZEUS_EARS_metrics.csv_ENH-BASELINE_p092_emo_amusement_freeform_NOIZEUS_NOISE_DATASET_Construction_Crane_Moving_SNR[0]dB_CLN-p092_emo_amusement_freeform.csv,mband_py_N6_lin_AVR1_8_p092_emo_amusement_freeform_NOIZEUS_NOISE_DATASET_Construction_Crane_Moving_SNR[0]dB,16000,1.052348017692566,1.1549797058105469,0.6441171765327454,2.3763484954833984,3.84109446383136,1.736191321283782,2.1470879057820897,mband_py_N6_lin_AVR1_8_metrics.csv_ENH-mband_py_N6_lin_AVR1_8_p092_emo_amusement_freeform_NOIZEUS_NOISE_DATASET_Construction_Crane_Moving_SNR[0]dB_CLN-p092_emo_amusement_freeform.csv,mband_py_N6_lin_AVR1_p092_emo_amusement_freeform_NOIZEUS_NOISE_DATASET_Construction_Crane_Moving_SNR[0]dB,16000,1.0537688732147217,1.0404574871063232,0.6369672417640686,2.417558550834656,3.31884364067921,1.7360457710579116,1.848322605590859,mband_py_N6_lin_AVR1_metrics.csv_ENH-mband_py_N6_lin_AVR1_p092_emo_amusement_freeform_NOIZEUS_NOISE_DATASET_Construction_Crane_Moving_SNR[0]dB_CLN-p092_emo_amusement_freeform.csv,mband_py_N6_lin_AVR1_p092_emo_amusement_freeform_NOIZEUS_NOISE_DATASET_Construction_Crane_Moving_SNR[0]dB,16000,1.0535799264907837,1.1110554933547974,0.6390045881271362,2.410308837890625,3.3244020781955514,1.7520299579554277,1.8804858501704989,mband_py_N6_lin_AVR1_metrics.csv_ENH-mband_py_N6_lin_AVR1_p092_emo_amusement_freeform_NOIZEUS_NOISE_DATASET_Construction_Crane_Moving_SNR[0]dB_CLN-p092_emo_amusement_freeform.csv,Construction
p092_emo_amusement_sentences,BASELINE_p092_emo_amusement_sentences_NOIZEUS_NOISE_DATASET_Construction_Drilling_SNR[0]dB,16000,1.0514533519744873,-0.0219533685594797,0.6786617636680603,2.6263198852539062,3.6337719950285288,1.6504708068332006,1.865346168585879,BASELINE_NOIZEUS_EARS_metrics.csv_ENH-BASELINE_p092_emo_amusement_sentences_NOIZEUS_NOISE_DATASET_Construction_Drilling_SNR[0]dB_CLN-p092_emo_amusement_sentences.csv,mband_py_N6_lin_AVR1_8_p092_emo_amusement_sentences_NOIZEUS_NOISE_DATASET_Construction_Drilling_SNR[0]dB,16000,1.1405175924301147,4.839828014373779,0.6977415680885315,2.7774675687154136,3.039585880149348,2.204313020536949,1.9774397400207555,mband_py_N6_lin_AVR1_8_metrics.csv_ENH-mband_py_N6_lin_AVR1_8_p092_emo_amusement_sentences_NOIZEUS_NOISE_DATASET_Construction_Drilling_SNR[0]dB_CLN-p092_emo_amusement_sentences.csv,mband_py_N6_lin_AVR1_p092_emo_amusement_sentences_NOIZEUS_NOISE_DATASET_Construction_Drilling_SNR[0]dB,16000,1.136673927307129,4.466603755950928,0.6727920174598694,2.678794542948405,1.921751333962298,2.053898112453421,1.344329063189562,mband_py_N6_lin_AVR1_metrics.csv_ENH-mband_py_N6_lin_AVR1_p092_emo_amusement_sentences_NOIZEUS_NOISE_DATASET_Construction_Drilling_SNR[0]dB_CLN-p092_emo_amusement_sentences.csv,mband_py_N6_lin_AVR1_p092_emo_amusement_sentences_NOIZEUS_NOISE_DATASET_Construction_Drilling_SNR[0]dB,16000,1.13345205783844,4.490356922149658,0.6690201759338379,2.688679297765096,1.5811378582610838,1.902659712128488,1.1043653922899308,mband_py_N6_lin_AVR1_metrics.csv_ENH-mband_py_N6_lin_AVR1_p092_emo_amusement_sentences_NOIZEUS_NOISE_DATASET_Construction_Drilling_SNR[0]dB_CLN-p092_emo_amusement_sentences.csv,Construction
p092_emo_anger_freeform,BASELINE_p092_emo_anger_freeform_NOIZEUS_NOISE_DATASET_Construction_Jackhammer1_SNR[0]dB,16000,1.0795637369155884,-0.0186902247369289,0.6950518488883972,2.215935502733504,3.967556965941901,1.3496612515425508,1.7340406732599705,BASELINE_NOIZEUS_EARS_metrics.csv_ENH-BASELINE_p092_emo_anger_freeform_NOIZEUS_NOISE_DATASET_Construction_Jackhammer1_SNR[0]dB_CLN-p092_emo_anger_freeform.csv,mband_py_N6_lin_AVR1_8_p092_emo_anger_freeform_NOIZEUS_NOISE_DATASET_Construction_Jackhammer1_SNR[0]dB,16000,1.135457158088684,1.9304050207138064,0.7104158401489258,2.5893010071345737,3.305544133533313,1.541775591291333,1.6691374870777334,mband_py_N6_lin_AVR1_8_metrics.csv_ENH-mband_py_N6_lin_AVR1_8_p092_emo_anger_freeform_NOIZEUS_NOISE_DATASET_Construction_Jackhammer1_SNR[0]dB_CLN-p092_emo_anger_freeform.csv,mband_py_N6_lin_AVR1_p092_emo_anger_freeform_NOIZEUS_NOISE_DATASET_Construction_Jackhammer1_SNR[0]dB,16000,1.118462085723877,1.3941420316696167,0.6941989064216614,2.57035163470677,3.691677714441487,1.5983533705986337,1.914520561755964,mband_py_N6_lin_AVR1_metrics.csv_ENH-mband_py_N6_lin_AVR1_p092_emo_anger_freeform_NOIZEUS_NOISE_DATASET_Construction_Jackhammer1_SNR[0]dB_CLN-p092_emo_anger_freeform.csv,mband_py_N6_lin_AVR1_p092_emo_anger_freeform_NOIZEUS_NOISE_DATASET_Construction_Jackhammer1_SNR[0]dB,16000,1.1151626110076904,1.382575511932373,0.6930716633796692,2.546286412647792,3.522963341997791,1.5713593175280656,1.8058419063075968,mband_py_N6_lin_AVR1_metrics.csv_ENH-mband_py_N6_lin_AVR1_p092_emo_anger_freeform_NOIZEUS_NOISE_DATASET_Construction_Jackhammer1_SNR[0]dB_CLN-p092_emo_anger_freeform.csv,Construction
p092_emo_anger_sentences,BASELINE_p092_emo_anger_sentences_NOIZEUS_NOISE_DATASET_Construction_Jackhammer2_SNR[0]dB,16000,1.0799018144607544,-0.0100509766489267,0.6121392846107483,2.4460514272962297,3.250561075130048,1.526948585882361,1.7481148841577556,BASELINE_NOIZEUS_EARS_metrics.csv_ENH-BASELINE_p092_emo_anger_sentences_NOIZEUS_NOISE_DATASET_Construction_Jackhammer2_SNR[0]dB_CLN-p092_emo_anger_sentences.csv,mband_py_N6_lin_AVR1_8_p092_emo_anger_sentences_NOIZEUS_NOISE_DATASET_Construction_Jackhammer2_SNR[0]dB,16000,1.1216450929641724,3.6587982177734375,0.6311649680137634,2.53376841545105,2.785539474278231,1.878482682476918,1.605988259224901,mband_py_N6_lin_AVR1_8_metrics.csv_ENH-mband_py_N6_lin_AVR1_8_p092_emo_anger_sentences_NOIZEUS_NOISE_DATASET_Construction_Jackhammer2_SNR[0]dB_CLN-p092_emo_anger_sentences.csv,mband_py_N6_lin_AVR1_p092_emo_anger_sentences_NOIZEUS_NOISE_DATASET_Construction_Jackhammer2_SNR[0]dB,16000,1.096492886543274,2.30394983291626,0.6022987365722656,2.31335643359593,2.9987568136747824,1.7744987155840284,1.6891616294724432,mband_py_N6_lin_AVR1_metrics.csv_ENH-mband_py_N6_lin_AVR1_p092_emo_anger_sentences_NOIZEUS_NOISE_DATASET_Construction_Jackhammer2_SNR[0]dB_CLN-p092_emo_anger_sentences.csv,mband_py_N6_lin_AVR1_p092_emo_anger_sentences_NOIZEUS_NOISE_DATASET_Construction_Jackhammer2_SNR[0]dB,16000,1.0942885875701904,2.1192147731781006,0.6056562662124634,2.3957760334014893,2.881611280336133,1.746327627493418,1.592876181250973,mband_py_N6_lin_AVR1_metrics.csv_ENH-mband_py_N6_lin_AVR1_p092_emo_anger_sentences_NOIZEUS_NOISE_DATASET_Construction_Jackhammer2_SNR[0]dB_CLN-p092_emo_anger_sentences.csv,Construction
p092_emo_confusion_freeform,BASELINE_p092_emo_confusion_freeform_NOIZEUS_NOISE_DATASET_Construction_Trucks_Unloading_SNR[0]dB,16000,1.0653318166732788,-0.0294066499918699,0.5996916890144348,2.10508063861302,3.5185175291529207,1.6680967000642646,1.9837911049820407,BASELINE_NOIZEUS_EARS_metrics.csv_ENH-BASELINE_p092_emo_confusion_freeform_NOIZEUS_NOISE_DATASET_Construction_Trucks_Unloading_SNR[0]dB_CLN-p092_emo_confusion_freeform.csv,mband_py_N6_lin_AVR1_8_p092_emo_confusion_freeform_NOIZEUS_NOISE_DATASET_Construction_Trucks_Unloading_SNR[0]dB,16000,1.136395812034607,2.987819194793701,0.5990445613861084,2.4808450085776195,3.9851479063886304,2.300460823018795,2.5876997063489315,mband_py_N6_lin_AVR1_8_metrics.csv_ENH-mband_py_N6_lin_AVR1_8_p092_emo_confusion_freeform_NOIZEUS_NOISE_DATASET_Construction_Trucks_Unloading_SNR[0]dB_CLN-p092_emo_confusion_freeform.csv,mband_py_N6_lin_AVR1_p092_emo_confusion_freeform_NOIZEUS_NOISE_DATASET_Construction_Trucks_Unloading_SNR[0]dB,16000,1.1869654655456543,5.999327659606934,0.5953881740570068,2.470200198037284,3.622820528216473,2.248334829900726,2.3835532592700224,mband_py_N6_lin_AVR1_metrics.csv_ENH-mband_py_N6_lin_AVR1_p092_emo_confusion_freeform_NOIZEUS_NOISE_DATASET_Construction_Trucks_Unloading_SNR[0]dB_CLN-p092_emo_confusion_freeform.csv,mband_py_N6_lin_AVR1_p092_emo_confusion_freeform_NOIZEUS_NOISE_DATASET_Construction_Trucks_Unloading_SNR[0]dB,16000,1.1845896244049072,6.099678039550781,0.5974212288856506,2.4745069231305803,3.4108414617623413,2.1815460481953264,2.221640048893115,mband_py_N6_lin_AVR1_metrics.csv_ENH-mband_py_N6_lin_AVR1_p092_emo_confusion_freeform_NOIZEUS_NOISE_DATASET_Construction_Trucks_Unloading_SNR[0]dB_CLN-p092_emo_confusion_freeform.csv,Construction
p092_emo_confusion_sentences,BASELINE_p092_emo_confusion_sentences_NOIZEUS_NOISE_DATASET_Inside Flight_SNR[0]dB,16000,1.26453959941864,-0.0184003598988056,0.4649150669574737,2.576535940170288,3.884979279231613,2.066306258257333,2.325490793186937,BASELINE_NOIZEUS_EARS_metrics.csv_ENH-BASELINE_p092_emo_confusion_sentences_NOIZEUS_NOISE_DATASET_Inside Flight_SNR[0]dB_CLN-p092_emo_confusion_sentences.csv,mband_py_N6_lin_AVR1_8_p092_emo_confusion_sentences_NOIZEUS_NOISE_DATASET_Inside Flight_SNR[0]dB,16000,1.4733006954193115,6.329298973083496,0.4833692610263824,2.7433648109436035,3.923295439714586,3.172039007074294,3.047646557032912,mband_py_N6_lin_AVR1_8_metrics.csv_ENH-mband_py_N6_lin_AVR1_8_p092_emo_confusion_sentences_NOIZEUS_NOISE_DATASET_Inside Flight_SNR[0]dB_CLN-p092_emo_confusion_sentences.csv,mband_py_N6_lin_AVR1_p092_emo_confusion_sentences_NOIZEUS_NOISE_DATASET_Inside Flight_SNR[0]dB,16000,1.4662678241729736,6.133523464202881,0.4815956056118011,2.590367317199707,3.866795316757373,2.897421552741672,2.8791769674355674,mband_py_N6_lin_AVR1_metrics.csv_ENH-mband_py_N6_lin_AVR1_p092_emo_confusion_sentences_NOIZEUS_NOISE_DATASET_Inside Flight_SNR[0]dB_CLN-p092_emo_confusion_sentences.csv,mband_py_N6_lin_AVR1_p092_emo_confusion_sentences_NOIZEUS_NOISE_DATASET_Inside Flight_SNR[0]dB,16000,1.4663801193237305,6.253630638122559,0.4814463257789612,2.613132953643799,3.721681052392682,2.775229860261381,2.7238523829369607,mband_py_N6_lin_AVR1_metrics.csv_ENH-mband_py_N6_lin_AVR1_p092_emo_confusion_sentences_NOIZEUS_NOISE_DATASET_Inside Flight_SNR[0]dB_CLN-p092_emo_confusion_sentences.csv,Flight
p092_emo_contentment_freeform,BASELINE_p092_emo_contentment_freeform_NOIZEUS_NOISE_DATASET_Inside Train_1_SNR[0]dB,16000,1.083949327468872,-0.0416160449385643,0.6818225979804993,2.519503286906651,4.020534196579666,2.239842060822542,2.6254075973701885,BASELINE_NOIZEUS_EARS_metrics.csv_ENH-BASELINE_p092_emo_contentment_freeform_NOIZEUS_NOISE_DATASET_Inside Train_1_SNR[0]dB_CLN-p092_emo_contentment_freeform.csv,mband_py_N6_lin_AVR1_8_p092_emo_contentment_freeform_NOIZEUS_NOISE_DATASET_Inside Train_1_SNR[0]dB,16000,1.1049686670303345,1.302294135093689,0.7001146078109741,2.7945219108036587,3.609097677728677,2.1368542384738665,2.22461726707544,mband_py_N6_lin_AVR1_8_metrics.csv_ENH-mband_py_N6_lin_AVR1_8_p092_emo_contentment_freeform_NOIZEUS_NOISE_DATASET_Inside Train_1_SNR[0]dB_CLN-p092_emo_contentment_freeform.csv,mband_py_N6_lin_AVR1_p092_emo_contentment_freeform_NOIZEUS_NOISE_DATASET_Inside Train_1_SNR[0]dB,16000,1.103250503540039,1.0340839624404907,0.6889016628265381,2.914698737008231,3.412701485839635,1.974523409015029,2.02560542289488,mband_py_N6_lin_AVR1_metrics.csv_ENH-mband_py_N6_lin_AVR1_p092_emo_contentment_freeform_NOIZEUS_NOISE_DATASET_Inside Train_1_SNR[0]dB_CLN-p092_emo_contentment_freeform.csv,mband_py_N6_lin_AVR1_p092_emo_contentment_freeform_NOIZEUS_NOISE_DATASET_Inside Train_1_SNR[0]dB,16000,1.102617621421814,1.0768535137176514,0.6906322836875916,2.9144880771636963,3.458669713542068,1.9392430971030064,2.027531330001995,mband_py_N6_lin_AVR1_metrics.csv_ENH-mband_py_N6_lin_AVR1_p092_emo_contentment_freeform_NOIZEUS_NOISE_DATASET_Inside Train_1_SNR[0]dB_CLN-p092_emo_contentment_freeform.csv,Train
p092_emo_contentment_sentences,BASELINE_p092_emo_contentment_sentences_NOIZEUS_NOISE_DATASET_Inside Train_2_SNR[0]dB,16000,1.1317602396011353,-0.0816923975944519,0.6974455118179321,2.8097381591796875,3.714573842708342,2.05258896800956,2.35759690814615,BASELINE_NOIZEUS_EARS_metrics.csv_ENH-BASELINE_p092_emo_contentment_sentences_NOIZEUS_NOISE_DATASET_Inside Train_2_SNR[0]dB_CLN-p092_emo_contentment_sentences.csv,mband_py_N6_lin_AVR1_8_p092_emo_contentment_sentences_NOIZEUS_NOISE_DATASET_Inside Train_2_SNR[0]dB,16000,1.2724920511245728,3.343357563018799,0.6830881237983704,2.9382412433624268,3.205159309361706,2.332908164903523,2.175712814744014,mband_py_N6_lin_AVR1_8_metrics.csv_ENH-mband_py_N6_lin_AVR1_8_p092_emo_contentment_sentences_NOIZEUS_NOISE_DATASET_Inside Train_2_SNR[0]dB_CLN-p092_emo_contentment_sentences.csv,mband_py_N6_lin_AVR1_p092_emo_contentment_sentences_NOIZEUS_NOISE_DATASET_Inside Train_2_SNR[0]dB,16000,1.256240725517273,2.9267752170562744,0.6737253665924072,2.87070631980896,2.9159082279680444,2.545990068704981,2.1718237937049243,mband_py_N6_lin_AVR1_metrics.csv_ENH-mband_py_N6_lin_AVR1_p092_emo_contentment_sentences_NOIZEUS_NOISE_DATASET_Inside Train_2_SNR[0]dB_CLN-p092_emo_contentment_sentences.csv,mband_py_N6_lin_AVR1_p092_emo_contentment_sentences_NOIZEUS_NOISE_DATASET_Inside Train_2_SNR[0]dB,16000,1.2524633407592771,2.8262507915496826,0.6723117828369141,2.911454439163208,2.605881806753805,2.6364368159569547,2.047229593467892,mband_py_N6_lin_AVR1_metrics.csv_ENH-mband_py_N6_lin_AVR1_p092_emo_contentment_sentences_NOIZEUS_NOISE_DATASET_Inside Train_2_SNR[0]dB_CLN-p092_emo_contentment_sentences.csv,Train
p092_emo_cuteness_freeform,BASELINE_p092_emo_cuteness_freeform_NOIZEUS_NOISE_DATASET_Inside Train_3_SNR[0]dB,16000,1.0543919801712036,-0.0065979063510894,0.6098783016204834,2.4675365447998048,4.035038257002379,1.824938917516616,2.2104295847633675,BASELINE_NOIZEUS_EARS_metrics.csv_ENH-BASELINE_p092_emo_cuteness_freeform_NOIZEUS_NOISE_DATASET_Inside Train_3_SNR[0]dB_CLN-p092_emo_cuteness_freeform.csv,mband_py_N6_lin_AVR1_8_p092_emo_cuteness_freeform_NOIZEUS_NOISE_DATASET_Inside Train_3_SNR[0]dB,16000,1.1339423656463623,4.7711381912231445,0.5953360199928284,2.4717479228973387,3.890698900739346,1.955462314384648,2.4014018924289235,mband_py_N6_lin_AVR1_8_metrics.csv_ENH-mband_py_N6_lin_AVR1_8_p092_emo_cuteness_freeform_NOIZEUS_NOISE_DATASET_Inside Train_3_SNR[0]dB_CLN-p092_emo_cuteness_freeform.csv,mband_py_N6_lin_AVR1_p092_emo_cuteness_freeform_NOIZEUS_NOISE_DATASET_Inside Train_3_SNR[0]dB,16000,1.1238698959350586,4.059371471405029,0.5912482142448425,2.473707723617553,3.557444314982324,2.0334351105000743,2.316985905873024,mband_py_N6_lin_AVR1_metrics.csv_ENH-mband_py_N6_lin_AVR1_p092_emo_cuteness_freeform_NOIZEUS_NOISE_DATASET_Inside Train_3_SNR[0]dB_CLN-p092_emo_cuteness_freeform.csv,mband_py_N6_lin_AVR1_p092_emo_cuteness_freeform_NOIZEUS_NOISE_DATASET_Inside Train_3_SNR[0]dB,16000,1.1177914142608645,3.9942455291748047,0.5928057432174683,2.4571242332458496,3.4252585627416776,2.036235717076518,2.26463457071064,mband_py_N6_lin_AVR1_metrics.csv_ENH-mband_py_N6_lin_AVR1_p092_emo_cuteness_freeform_NOIZEUS_NOISE_DATASET_Inside Train_3_SNR[0]dB_CLN-p092_emo_cuteness_freeform.csv,Train
p092_emo_cuteness_sentences,BASELINE_p092_emo_cuteness_sentences_NOIZEUS_NOISE_DATASET_PC Fan Noise_SNR[0]dB,16000,1.0537874698638916,-0.0115127582103014,0.7150991559028625,2.63236927986145,4.207776179769511,2.126841317852291,2.6785633483590443,BASELINE_NOIZEUS_EARS_metrics.csv_ENH-BASELINE_p092_emo_cuteness_sentences_NOIZEUS_NOISE_DATASET_PC Fan Noise_SNR[0]dB_CLN-p092_emo_cuteness_sentences.csv,mband_py_N6_lin_AVR1_8_p092_emo_cuteness_sentences_NOIZEUS_NOISE_DATASET_PC Fan Noise_SNR[0]dB,16000,1.3471237421035769,10.519109725952148,0.7324791550636292,2.654484510421753,4.120480865172757,2.6249134074724765,2.788800114884588,mband_py_N6_lin_AVR1_8_metrics.csv_ENH-mband_py_N6_lin_AVR1_8_p092_emo_cuteness_sentences_NOIZEUS_NOISE_DATASET_PC Fan Noise_SNR[0]dB_CLN-p092_emo_cuteness_sentences.csv,mband_py_N6_lin_AVR1_p092_emo_cuteness_sentences_NOIZEUS_NOISE_DATASET_PC Fan Noise_SNR[0]dB,16000,1.3189910650253296,10.10612678527832,0.73023521900177,2.589774489402771,4.1697963038339445,2.6201673373311385,2.852012190527564,mband_py_N6_lin_AVR1_metrics.csv_ENH-mband_py_N6_lin_AVR1_p092_emo_cuteness_sentences_NOIZEUS_NOISE_DATASET_PC Fan Noise_SNR[0]dB_CLN-p092_emo_cuteness_sentences.csv,mband_py_N6_lin_AVR1_p092_emo_cuteness_sentences_NOIZEUS_NOISE_DATASET_PC Fan Noise_SNR[0]dB,16000,1.3081897497177124,10.251359939575195,0.7320583462715149,2.572027802467346,4.141302914512356,2.578158930288052,2.817812093793391,mband_py_N6_lin_AVR1_metrics.csv_ENH-mband_py_N6_lin_AVR1_p092_emo_cuteness_sentences_NOIZEUS_NOISE_DATASET_PC Fan Noise_SNR[0]dB_CLN-p092_emo_cuteness_sentences.csv,Stationary
p092_emo_desire_freeform,BASELINE_p092_emo_desire_freeform_NOIZEUS_NOISE_DATASET_SSN_IEEE_SNR[0]dB,16000,1.0442122220993042,-0.0063995826058089,0.6147343516349792,2.349114775657654,3.39141755687088,1.649771856695522,1.9300757897076828,BASELINE_NOIZEUS_EARS_metrics.csv_ENH-BASELINE_p092_emo_desire_freeform_NOIZEUS_NOISE_DATASET_SSN_IEEE_SNR[0]dB_CLN-p092_emo_desire_freeform.csv,mband_py_N6_lin_AVR1_8_p092_emo_desire_freeform_NOIZEUS_NOISE_DATASET_SSN_IEEE_SNR[0]dB,16000,1.1371383666992188,5.056124210357666,0.6277199983596802,2.607324441274008,4.02413743747229,3.0105894023944515,3.017932858707805,mband_py_N6_lin_AVR1_8_metrics.csv_ENH-mband_py_N6_lin_AVR1_8_p092_emo_desire_freeform_NOIZEUS_NOISE_DATASET_SSN_IEEE_SNR[0]dB_CLN-p092_emo_desire_freeform.csv,mband_py_N6_lin_AVR1_p092_emo_desire_freeform_NOIZEUS_NOISE_DATASET_SSN_IEEE_SNR[0]dB,16000,1.1426386833190918,5.011496067047119,0.6232321262359619,2.607808351516724,3.858076392104131,2.855163318320568,2.820626384623288,mband_py_N6_lin_AVR1_metrics.csv_ENH-mband_py_N6_lin_AVR1_p092_emo_desire_freeform_NOIZEUS_NOISE_DATASET_SSN_IEEE_SNR[0]dB_CLN-p092_emo_desire_freeform.csv,mband_py_N6_lin_AVR1_p092_emo_desire_freeform_NOIZEUS_NOISE_DATASET_SSN_IEEE_SNR[0]dB,16000,1.1425073146820068,4.726234436035156,0.6200552582740784,2.6111491123835244,3.811005015754507,2.7597363795408647,2.7050094252955645,mband_py_N6_lin_AVR1_metrics.csv_ENH-mband_py_N6_lin_AVR1_p092_emo_desire_freeform_NOIZEUS_NOISE_DATASET_SSN_IEEE_SNR[0]dB_CLN-p092_emo_desire_freeform.csv,Stationary
p092_emo_desire_sentences,BASELINE_p092_emo_desire_sentences_NOIZEUS_NOISE_DATASET_Street Noise_SNR[0]dB,16000,1.0998926162719729,-0.0665782988071441,0.6159903407096863,2.641629775365194,3.771779657406916,2.185449582215382,2.3812959672927456,BASELINE_NOIZEUS_EARS_metrics.csv_ENH-BASELINE_p092_emo_desire_sentences_NOIZEUS_NOISE_DATASET_Street Noise_SNR[0]dB_CLN-p092_emo_desire_sentences.csv,mband_py_N6_lin_AVR1_8_p092_emo_desire_sentences_NOIZEUS_NOISE_DATASET_Street Noise_SNR[0]dB,16000,1.3259060382843018,5.79168701171875,0.6377468109130859,2.7165847619374595,3.605141338480464,2.803353560768906,2.4888610599653496,mband_py_N6_lin_AVR1_8_metrics.csv_ENH-mband_py_N6_lin_AVR1_8_p092_emo_desire_sentences_NOIZEUS_NOISE_DATASET_Street Noise_SNR[0]dB_CLN-p092_emo_desire_sentences.csv,mband_py_N6_lin_AVR1_p092_emo_desire_sentences_NOIZEUS_NOISE_DATASET_Street Noise_SNR[0]dB,16000,1.3295106887817385,5.5498762130737305,0.6310864686965942,2.750304698944092,3.041734363125076,2.5086048108104824,2.035624018287559,mband_py_N6_lin_AVR1_metrics.csv_ENH-mband_py_N6_lin_AVR1_p092_emo_desire_sentences_NOIZEUS_NOISE_DATASET_Street Noise_SNR[0]dB_CLN-p092_emo_desire_sentences.csv,mband_py_N6_lin_AVR1_p092_emo_desire_sentences_NOIZEUS_NOISE_DATASET_Street Noise_SNR[0]dB,16000,1.3295094966888428,5.549883365631104,0.631087064743042,2.750303268432617,3.041762478638961,2.5085983661605504,2.035637723687441,mband_py_N6_lin_AVR1_metrics.csv_ENH-mband_py_N6_lin_AVR1_p092_emo_desire_sentences_NOIZEUS_NOISE_DATASET_Street Noise_SNR[0]dB_CLN-p092_emo_desire_sentences.csv,Street
p092_emo_disappointment_freeform,BASELINE_p092_emo_disappointment_freeform_NOIZEUS_NOISE_DATASET_Street Noise_downtown_SNR[0]dB,16000,1.131770372390747,-0.0159696452319622,0.6615259051322937,2.321887425013951,4.036687945890823,1.9342692632872296,2.403268490434048,BASELINE_NOIZEUS_EARS_metrics.csv_ENH-BASELINE_p092_emo_disappointment_freeform_NOIZEUS_NOISE_DATASET_Street Noise_downtown_SNR[0]dB_CLN-p092_emo_disappointment_freeform.csv,mband_py_N6_lin_AVR1_8_p092_emo_disappointment_freeform_NOIZEUS_NOISE_DATASET_Street Noise_downtown_SNR[0]dB,16000,1.2513487339019775,5.125864028930664,0.6734681725502014,2.6458745343344554,3.8733271324426375,2.439614248385849,2.627803786061179,mband_py_N6_lin_AVR1_8_metrics.csv_ENH-mband_py_N6_lin_AVR1_8_p092_emo_disappointment_freeform_NOIZEUS_NOISE_DATASET_Street Noise_downtown_SNR[0]dB_CLN-p092_emo_disappointment_freeform.csv,mband_py_N6_lin_AVR1_p092_emo_disappointment_freeform_NOIZEUS_NOISE_DATASET_Street Noise_downtown_SNR[0]dB,16000,1.252127766609192,4.532117366790772,0.6642694473266602,2.476858752114432,3.90528940579854,1.9929591895681285,2.3847214070756766,mband_py_N6_lin_AVR1_metrics.csv_ENH-mband_py_N6_lin_AVR1_p092_emo_disappointment_freeform_NOIZEUS_NOISE_DATASET_Street Noise_downtown_SNR[0]dB_CLN-p092_emo_disappointment_freeform.csv,mband_py_N6_lin_AVR1_p092_emo_disappointment_freeform_NOIZEUS_NOISE_DATASET_Street Noise_downtown_SNR[0]dB,16000,1.2530686855316162,4.568058013916016,0.6645227670669556,2.4683487755911693,3.824781121029517,1.9716755819278915,2.313513128725197,mband_py_N6_lin_AVR1_metrics.csv_ENH-mband_py_N6_lin_AVR1_p092_emo_disappointment_freeform_NOIZEUS_NOISE_DATASET_Street Noise_downtown_SNR[0]dB_CLN-p092_emo_disappointment_freeform.csv,Street
p092_emo_disappointment_sentences,BASELINE_p092_emo_disappointment_sentences_NOIZEUS_NOISE_DATASET_Train1_SNR[0]dB,16000,1.0822149515151978,-0.0950387939810752,0.6358175873756409,2.4674671292305,4.2271621898282365,2.031043036595238,2.609186069936635,BASELINE_NOIZEUS_EARS_metrics.csv_ENH-BASELINE_p092_emo_disappointment_sentences_NOIZEUS_NOISE_DATASET_Train1_SNR[0]dB_CLN-p092_emo_disappointment_sentences.csv,mband_py_N6_lin_AVR1_8_p092_emo_disappointment_sentences_NOIZEUS_NOISE_DATASET_Train1_SNR[0]dB,16000,1.195683479309082,3.714680194854736,0.6320939660072327,2.5719741582870483,3.597637293211334,2.0206546163088803,2.13414702146996,mband_py_N6_lin_AVR1_8_metrics.csv_ENH-mband_py_N6_lin_AVR1_8_p092_emo_disappointment_sentences_NOIZEUS_NOISE_DATASET_Train1_SNR[0]dB_CLN-p092_emo_disappointment_sentences.csv,mband_py_N6_lin_AVR1_p092_emo_disappointment_sentences_NOIZEUS_NOISE_DATASET_Train1_SNR[0]dB,16000,1.159778118133545,3.7489171028137207,0.6272981762886047,2.6656986474990845,3.462537041048857,2.00309138826173,2.0571045895198328,mband_py_N6_lin_AVR1_metrics.csv_ENH-mband_py_N6_lin_AVR1_p092_emo_disappointment_sentences_NOIZEUS_NOISE_DATASET_Train1_SNR[0]dB_CLN-p092_emo_disappointment_sentences.csv,mband_py_N6_lin_AVR1_p092_emo_disappointment_sentences_NOIZEUS_NOISE_DATASET_Train1_SNR[0]dB,16000,1.1599949598312378,3.8173940181732178,0.6280084252357483,2.6935395002365112,3.3011673253719023,1.9888579813163776,1.9771998051313315,mband_py_N6_lin_AVR1_metrics.csv_ENH-mband_py_N6_lin_AVR1_p092_emo_disappointment_sentences_NOIZEUS_NOISE_DATASET_Train1_SNR[0]dB_CLN-p092_emo_disappointment_sentences.csv,Train
p092_emo_disgust_freeform,BASELINE_p092_emo_disgust_freeform_NOIZEUS_NOISE_DATASET_Train2_SNR[0]dB,16000,1.0775192975997925,-0.0093299988657236,0.7417424917221069,2.632834264210292,3.997656323192025,1.6531202744980045,2.0273809765911595,BASELINE_NOIZEUS_EARS_metrics.csv_ENH-BASELINE_p092_emo_disgust_freeform_NOIZEUS_NOISE_DATASET_Train2_SNR[0]dB_CLN-p092_emo_disgust_freeform.csv,mband_py_N6_lin_AVR1_8_p092_emo_disgust_freeform_NOIZEUS_NOISE_DATASET_Train2_SNR[0]dB,16000,1.1511352062225342,4.5156965255737305,0.7674680352210999,2.5115506989615306,3.9796371480799513,1.980813168609393,2.425482722547192,mband_py_N6_lin_AVR1_8_metrics.csv_ENH-mband_py_N6_lin_AVR1_8_p092_emo_disgust_freeform_NOIZEUS_NOISE_DATASET_Train2_SNR[0]dB_CLN-p092_emo_disgust_freeform.csv,mband_py_N6_lin_AVR1_p092_emo_disgust_freeform_NOIZEUS_NOISE_DATASET_Train2_SNR[0]dB,16000,1.1491713523864746,4.530171871185303,0.760459303855896,2.512002331869943,3.8956042612471298,1.890478785951059,2.355735833303723,mband_py_N6_lin_AVR1_metrics.csv_ENH-mband_py_N6_lin_AVR1_p092_emo_disgust_freeform_NOIZEUS_NOISE_DATASET_Train2_SNR[0]dB_CLN-p092_emo_disgust_freeform.csv,mband_py_N6_lin_AVR1_p092_emo_disgust_freeform_NOIZEUS_NOISE_DATASET_Train2_SNR[0]dB,16000,1.1515498161315918,4.6587677001953125,0.7606388926506042,2.506342342921666,3.831558915488436,1.911659645439954,2.3384976444598773,mband_py_N6_lin_AVR1_metrics.csv_ENH-mband_py_N6_lin_AVR1_p092_emo_disgust_freeform_NOIZEUS_NOISE_DATASET_Train2_SNR[0]dB_CLN-p092_emo_disgust_freeform.csv,Train
p092_emo_disgust_sentences,BASELINE_p092_emo_disgust_sentences_NOIZEUS_NOISE_DATASET_Water Cooler_SNR[0]dB,16000,1.2431144714355469,-0.0335355065762996,0.6518672704696655,2.814431953430176,4.289634901656337,2.228435639764488,2.676867625426216,BASELINE_NOIZEUS_EARS_metrics.csv_ENH-BASELINE_p092_emo_disgust_sentences_NOIZEUS_NOISE_DATASET_Water Cooler_SNR[0]dB_CLN-p092_emo_disgust_sentences.csv,mband_py_N6_lin_AVR1_8_p092_emo_disgust_sentences_NOIZEUS_NOISE_DATASET_Water Cooler_SNR[0]dB,16000,1.5943584442138672,6.692232608795166,0.6697688102722168,2.843429708480835,4.272366417224269,2.7921729692260246,3.082079007802693,mband_py_N6_lin_AVR1_8_metrics.csv_ENH-mband_py_N6_lin_AVR1_8_p092_emo_disgust_sentences_NOIZEUS_NOISE_DATASET_Water Cooler_SNR[0]dB_CLN-p092_emo_disgust_sentences.csv,mband_py_N6_lin_AVR1_p092_emo_disgust_sentences_NOIZEUS_NOISE_DATASET_Water Cooler_SNR[0]dB,16000,1.6044921875,6.734575271606445,0.6644291281700134,2.8557016372680666,3.943657168302574,2.6128781685354494,2.8211442240201,mband_py_N6_lin_AVR1_metrics.csv_ENH-mband_py_N6_lin_AVR1_p092_emo_disgust_sentences_NOIZEUS_NOISE_DATASET_Water Cooler_SNR[0]dB_CLN-p092_emo_disgust_sentences.csv,mband_py_N6_lin_AVR1_p092_emo_disgust_sentences_NOIZEUS_NOISE_DATASET_Water Cooler_SNR[0]dB,16000,1.6045047044754028,6.7340497970581055,0.6644172072410583,2.855717849731445,3.943627191287552,2.6128848824687205,2.821184113012547,mband_py_N6_lin_AVR1_metrics.csv_ENH-mband_py_N6_lin_AVR1_p092_emo_disgust_sentences_NOIZEUS_NOISE_DATASET_Water Cooler_SNR[0]dB_CLN-p092_emo_disgust_sentences.csv,Stationary
