clean_file,enhanced_file,sampling_rate,PESQ_Noisy,SI_SDR_Noisy,STOI_Noisy,DNSMOS_p808_mos_Noisy,DNSMOS_mos_sig_Noisy,DNSMOS_mos_bak_Noisy,DNSMOS_mos_ovr_Noisy,source_file,enhanced_file_GTCRN,sampling_rate_GTCRN,PESQ_GTCRN,SI_SDR_GTCRN,STOI_GTCRN,DNSMOS_p808_mos_GTCRN,DNSMOS_mos_sig_GTCRN,DNSMOS_mos_bak_GTCRN,DNSMOS_mos_ovr_GTCRN,source_file_GTCRN,enhanced_file_mband_py_log_hybrid_20ms_ov75_fl0p7_nf1_N4,sampling_rate_mband_py_log_hybrid_20ms_ov75_fl0p7_nf1_N4,PESQ_mband_py_log_hybrid_20ms_ov75_fl0p7_nf1_N4,SI_SDR_mband_py_log_hybrid_20ms_ov75_fl0p7_nf1_N4,STOI_mband_py_log_hybrid_20ms_ov75_fl0p7_nf1_N4,DNSMOS_p808_mos_mband_py_log_hybrid_20ms_ov75_fl0p7_nf1_N4,DNSMOS_mos_sig_mband_py_log_hybrid_20ms_ov75_fl0p7_nf1_N4,DNSMOS_mos_bak_mband_py_log_hybrid_20ms_ov75_fl0p7_nf1_N4,DNSMOS_mos_ovr_mband_py_log_hybrid_20ms_ov75_fl0p7_nf1_N4,source_file_mband_py_log_hybrid_20ms_ov75_fl0p7_nf1_N4,enhanced_file_mband_py_log_hybrid_20ms_ov75_fl0p8_nf1_N4,sampling_rate_mband_py_log_hybrid_20ms_ov75_fl0p8_nf1_N4,PESQ_mband_py_log_hybrid_20ms_ov75_fl0p8_nf1_N4,SI_SDR_mband_py_log_hybrid_20ms_ov75_fl0p8_nf1_N4,STOI_mband_py_log_hybrid_20ms_ov75_fl0p8_nf1_N4,DNSMOS_p808_mos_mband_py_log_hybrid_20ms_ov75_fl0p8_nf1_N4,DNSMOS_mos_sig_mband_py_log_hybrid_20ms_ov75_fl0p8_nf1_N4,DNSMOS_mos_bak_mband_py_log_hybrid_20ms_ov75_fl0p8_nf1_N4,DNSMOS_mos_ovr_mband_py_log_hybrid_20ms_ov75_fl0p8_nf1_N4,source_file_mband_py_log_hybrid_20ms_ov75_fl0p8_nf1_N4,enhanced_file_mband_py_log_hybrid_25ms_ov75_fl0p8_nf1_N4,sampling_rate_mband_py_log_hybrid_25ms_ov75_fl0p8_nf1_N4,PESQ_mband_py_log_hybrid_25ms_ov75_fl0p8_nf1_N4,SI_SDR_mband_py_log_hybrid_25ms_ov75_fl0p8_nf1_N4,STOI_mband_py_log_hybrid_25ms_ov75_fl0p8_nf1_N4,DNSMOS_p808_mos_mband_py_log_hybrid_25ms_ov75_fl0p8_nf1_N4,DNSMOS_mos_sig_mband_py_log_hybrid_25ms_ov75_fl0p8_nf1_N4,DNSMOS_mos_bak_mband_py_log_hybrid_25ms_ov75_fl0p8_nf1_N4,DNSMOS_mos_ovr_mband_py_log_hybrid_25ms_ov75_fl0p8_nf1_N4,source_file_mband_py_log_hybrid_25ms_ov75_fl0p8_nf1_N4,noise_category
p092_emo_anger_sentences,BASELINE_p092_emo_anger_sentences_NOIZEUS_NOISE_DATASET_Construction_Jackhammer2_SNR[0]dB,16000,1.0799018144607544,-0.0100509766489267,0.6121392846107483,2.4460514272962297,3.250561075130048,1.526948585882361,1.7481148841577556,BASELINE_NOIZEUS_EARS_metrics.csv_ENH-BASELINE_p092_emo_anger_sentences_NOIZEUS_NOISE_DATASET_Construction_Jackhammer2_SNR[0]dB_CLN-p092_emo_anger_sentences.csv,GTCRN_p092_emo_anger_sentences_Noise Recordings_Construction_Trucks_Unloading_SNR[0]dB,16000,1.2372065782546997,3.1823744773864746,0.6752345561981201,2.5573204244886125,2.510351086579976,3.28633294406108,2.1578040186789225,GTCRN_NOIZEUS_EARS_metrics.csv_ENH-GTCRN_p092_emo_anger_sentences_Noise Recordings_Construction_Trucks_Unloading_SNR[0]dB_CLN-p092_emo_anger_sentences.csv,GTCRN+SS_p092_emo_anger_sentences_NOIZEUS_NOISE_DATASET_Construction_Jackhammer2_SNR[0]dB,16000,1.2731108665466309,3.5941219329833984,0.6735808849334717,2.831563574927194,2.789261294477964,3.4538307232893253,2.422028355658245,GTCRN_SS_NOIZEUS_EARS_metrics.csv_ENH-GTCRN+SS_p092_emo_anger_sentences_NOIZEUS_NOISE_DATASET_Construction_Jackhammer2_SNR[0]dB_CLN-p092_emo_anger_sentences.csv,GTCRN+SS_p092_emo_anger_sentences_NOIZEUS_NOISE_DATASET_Construction_Jackhammer2_SNR[0]dB,16000,1.2737873792648315,3.616554498672485,0.6748849749565125,2.826507091522217,2.775616600949532,3.4096019916844886,2.399125409575136,GTCRN_SS_NOIZEUS_EARS_metrics.csv_ENH-GTCRN+SS_p092_emo_anger_sentences_NOIZEUS_NOISE_DATASET_Construction_Jackhammer2_SNR[0]dB_CLN-p092_emo_anger_sentences.csv,GTCRN+SS_p092_emo_anger_sentences_NOIZEUS_NOISE_DATASET_Construction_Jackhammer2_SNR[0]dB,16000,1.2727943658828735,3.6039578914642334,0.6743115186691284,2.854694604873657,2.8150312170125247,3.4591397494277656,2.435899147680565,GTCRN_SS_NOIZEUS_EARS_metrics.csv_ENH-GTCRN+SS_p092_emo_anger_sentences_NOIZEUS_NOISE_DATASET_Construction_Jackhammer2_SNR[0]dB_CLN-p092_emo_anger_sentences.csv,Construction
p092_emo_confusion_freeform,BASELINE_p092_emo_confusion_freeform_NOIZEUS_NOISE_DATASET_Construction_Trucks_Unloading_SNR[0]dB,16000,1.0653318166732788,-0.0294066499918699,0.5996916890144348,2.10508063861302,3.5185175291529207,1.6680967000642646,1.9837911049820407,BASELINE_NOIZEUS_EARS_metrics.csv_ENH-BASELINE_p092_emo_confusion_freeform_NOIZEUS_NOISE_DATASET_Construction_Trucks_Unloading_SNR[0]dB_CLN-p092_emo_confusion_freeform.csv,GTCRN_p092_emo_confusion_freeform_Noise Recordings_Inside Flight_SNR[0]dB,16000,1.5637032985687256,9.037686347961426,0.6535539627075195,3.0107411316462924,3.614439001479266,3.497814636387335,2.996409281661744,GTCRN_NOIZEUS_EARS_metrics.csv_ENH-GTCRN_p092_emo_confusion_freeform_Noise Recordings_Inside Flight_SNR[0]dB_CLN-p092_emo_confusion_freeform.csv,GTCRN+SS_p092_emo_confusion_freeform_NOIZEUS_NOISE_DATASET_Construction_Trucks_Unloading_SNR[0]dB,16000,1.3298323154449463,7.013960838317871,0.6053544878959656,2.597684179033552,3.2680763618088307,3.717395539094336,2.8222614312816945,GTCRN_SS_NOIZEUS_EARS_metrics.csv_ENH-GTCRN+SS_p092_emo_confusion_freeform_NOIZEUS_NOISE_DATASET_Construction_Trucks_Unloading_SNR[0]dB_CLN-p092_emo_confusion_freeform.csv,GTCRN+SS_p092_emo_confusion_freeform_NOIZEUS_NOISE_DATASET_Construction_Trucks_Unloading_SNR[0]dB,16000,1.3316974639892578,7.035238742828369,0.6060285568237305,2.605914286204747,3.2638646218556686,3.620088541840416,2.7798001353355173,GTCRN_SS_NOIZEUS_EARS_metrics.csv_ENH-GTCRN+SS_p092_emo_confusion_freeform_NOIZEUS_NOISE_DATASET_Construction_Trucks_Unloading_SNR[0]dB_CLN-p092_emo_confusion_freeform.csv,GTCRN+SS_p092_emo_confusion_freeform_NOIZEUS_NOISE_DATASET_Construction_Trucks_Unloading_SNR[0]dB,16000,1.3306339979171753,7.005733489990234,0.6050866842269897,2.5978638444628035,3.3858406437851687,3.7171018796490816,2.916004919456934,GTCRN_SS_NOIZEUS_EARS_metrics.csv_ENH-GTCRN+SS_p092_emo_confusion_freeform_NOIZEUS_NOISE_DATASET_Construction_Trucks_Unloading_SNR[0]dB_CLN-p092_emo_confusion_freeform.csv,Construction
p092_emo_confusion_sentences,BASELINE_p092_emo_confusion_sentences_NOIZEUS_NOISE_DATASET_Inside Flight_SNR[0]dB,16000,1.26453959941864,-0.0184003598988056,0.4649150669574737,2.576535940170288,3.884979279231613,2.066306258257333,2.325490793186937,BASELINE_NOIZEUS_EARS_metrics.csv_ENH-BASELINE_p092_emo_confusion_sentences_NOIZEUS_NOISE_DATASET_Inside Flight_SNR[0]dB_CLN-p092_emo_confusion_sentences.csv,GTCRN_p092_emo_confusion_sentences_Noise Recordings_Inside Train_1_SNR[0]dB,16000,1.714613437652588,8.682638168334961,0.4867781102657318,2.778885841369629,2.415004860654654,3.067072418454249,1.995569976271188,GTCRN_NOIZEUS_EARS_metrics.csv_ENH-GTCRN_p092_emo_confusion_sentences_Noise Recordings_Inside Train_1_SNR[0]dB_CLN-p092_emo_confusion_sentences.csv,GTCRN+SS_p092_emo_confusion_sentences_NOIZEUS_NOISE_DATASET_Inside Flight_SNR[0]dB,16000,2.0413005352020264,10.67263126373291,0.5429452061653137,2.911906719207764,3.692606692053394,4.288889447635233,3.3562896129436672,GTCRN_SS_NOIZEUS_EARS_metrics.csv_ENH-GTCRN+SS_p092_emo_confusion_sentences_NOIZEUS_NOISE_DATASET_Inside Flight_SNR[0]dB_CLN-p092_emo_confusion_sentences.csv,GTCRN+SS_p092_emo_confusion_sentences_NOIZEUS_NOISE_DATASET_Inside Flight_SNR[0]dB,16000,2.036151647567749,10.704909324645996,0.5432909727096558,2.890684127807617,3.693712936130906,4.264884272224668,3.35003262807584,GTCRN_SS_NOIZEUS_EARS_metrics.csv_ENH-GTCRN+SS_p092_emo_confusion_sentences_NOIZEUS_NOISE_DATASET_Inside Flight_SNR[0]dB_CLN-p092_emo_confusion_sentences.csv,GTCRN+SS_p092_emo_confusion_sentences_NOIZEUS_NOISE_DATASET_Inside Flight_SNR[0]dB,16000,2.0172648429870605,10.635080337524414,0.5431210994720459,2.9198899269104004,3.7868934047431857,4.216843645997952,3.4127115160097863,GTCRN_SS_NOIZEUS_EARS_metrics.csv_ENH-GTCRN+SS_p092_emo_confusion_sentences_NOIZEUS_NOISE_DATASET_Inside Flight_SNR[0]dB_CLN-p092_emo_confusion_sentences.csv,Flight
p092_emo_contentment_freeform,BASELINE_p092_emo_contentment_freeform_NOIZEUS_NOISE_DATASET_Inside Train_1_SNR[0]dB,16000,1.083949327468872,-0.0416160449385643,0.6818225979804993,2.519503286906651,4.020534196579666,2.239842060822542,2.6254075973701885,BASELINE_NOIZEUS_EARS_metrics.csv_ENH-BASELINE_p092_emo_contentment_freeform_NOIZEUS_NOISE_DATASET_Inside Train_1_SNR[0]dB_CLN-p092_emo_contentment_freeform.csv,GTCRN_p092_emo_contentment_freeform_Noise Recordings_Inside Train_2_SNR[0]dB,16000,1.5512346029281616,7.4675726890563965,0.7634403705596924,3.461350577218192,3.1387051897049005,3.151726418654166,2.4540028561696445,GTCRN_NOIZEUS_EARS_metrics.csv_ENH-GTCRN_p092_emo_contentment_freeform_Noise Recordings_Inside Train_2_SNR[0]dB_CLN-p092_emo_contentment_freeform.csv,GTCRN+SS_p092_emo_contentment_freeform_NOIZEUS_NOISE_DATASET_Inside Train_1_SNR[0]dB,16000,1.520124912261963,8.268346786499023,0.7448152899742126,3.2873786858149936,3.236517014550888,3.3569052321351154,2.573979490603411,GTCRN_SS_NOIZEUS_EARS_metrics.csv_ENH-GTCRN+SS_p092_emo_contentment_freeform_NOIZEUS_NOISE_DATASET_Inside Train_1_SNR[0]dB_CLN-p092_emo_contentment_freeform.csv,GTCRN+SS_p092_emo_contentment_freeform_NOIZEUS_NOISE_DATASET_Inside Train_1_SNR[0]dB,16000,1.519866943359375,8.297975540161133,0.7451080679893494,3.273152623857771,3.2613364966419347,3.3749918939983847,2.5938247977486912,GTCRN_SS_NOIZEUS_EARS_metrics.csv_ENH-GTCRN+SS_p092_emo_contentment_freeform_NOIZEUS_NOISE_DATASET_Inside Train_1_SNR[0]dB_CLN-p092_emo_contentment_freeform.csv,GTCRN+SS_p092_emo_contentment_freeform_NOIZEUS_NOISE_DATASET_Inside Train_1_SNR[0]dB,16000,1.5122042894363403,8.241700172424316,0.7449139356613159,3.2714297430855885,3.265992906918444,3.3290348472889084,2.5819150738228744,GTCRN_SS_NOIZEUS_EARS_metrics.csv_ENH-GTCRN+SS_p092_emo_contentment_freeform_NOIZEUS_NOISE_DATASET_Inside Train_1_SNR[0]dB_CLN-p092_emo_contentment_freeform.csv,Train
p092_emo_contentment_sentences,BASELINE_p092_emo_contentment_sentences_NOIZEUS_NOISE_DATASET_Inside Train_2_SNR[0]dB,16000,1.1317602396011353,-0.0816923975944519,0.6974455118179321,2.8097381591796875,3.714573842708342,2.05258896800956,2.35759690814615,BASELINE_NOIZEUS_EARS_metrics.csv_ENH-BASELINE_p092_emo_contentment_sentences_NOIZEUS_NOISE_DATASET_Inside Train_2_SNR[0]dB_CLN-p092_emo_contentment_sentences.csv,GTCRN_p092_emo_contentment_sentences_Noise Recordings_Inside Train_3_SNR[0]dB,16000,1.3623038530349731,7.560031890869141,0.708459734916687,3.3466105461120605,2.560915153928224,3.0835934758575503,2.165511771950779,GTCRN_NOIZEUS_EARS_metrics.csv_ENH-GTCRN_p092_emo_contentment_sentences_Noise Recordings_Inside Train_3_SNR[0]dB_CLN-p092_emo_contentment_sentences.csv,GTCRN+SS_p092_emo_contentment_sentences_NOIZEUS_NOISE_DATASET_Inside Train_2_SNR[0]dB,16000,1.507138729095459,7.951434135437012,0.708350658416748,3.320614814758301,2.9602763859511394,3.7785297674956704,2.622440344703314,GTCRN_SS_NOIZEUS_EARS_metrics.csv_ENH-GTCRN+SS_p092_emo_contentment_sentences_NOIZEUS_NOISE_DATASET_Inside Train_2_SNR[0]dB_CLN-p092_emo_contentment_sentences.csv,GTCRN+SS_p092_emo_contentment_sentences_NOIZEUS_NOISE_DATASET_Inside Train_2_SNR[0]dB,16000,1.500457525253296,7.97513484954834,0.7090292572975159,3.3177804946899414,2.979063550014474,3.729943027301586,2.621017640395372,GTCRN_SS_NOIZEUS_EARS_metrics.csv_ENH-GTCRN+SS_p092_emo_contentment_sentences_NOIZEUS_NOISE_DATASET_Inside Train_2_SNR[0]dB_CLN-p092_emo_contentment_sentences.csv,GTCRN+SS_p092_emo_contentment_sentences_NOIZEUS_NOISE_DATASET_Inside Train_2_SNR[0]dB,16000,1.475812911987305,7.859585285186768,0.7084210515022278,3.322723388671875,3.2825773978510315,3.6725644935940656,2.840913057032231,GTCRN_SS_NOIZEUS_EARS_metrics.csv_ENH-GTCRN+SS_p092_emo_contentment_sentences_NOIZEUS_NOISE_DATASET_Inside Train_2_SNR[0]dB_CLN-p092_emo_contentment_sentences.csv,Train
p092_emo_cuteness_freeform,BASELINE_p092_emo_cuteness_freeform_NOIZEUS_NOISE_DATASET_Inside Train_3_SNR[0]dB,16000,1.0543919801712036,-0.0065979063510894,0.6098783016204834,2.4675365447998048,4.035038257002379,1.824938917516616,2.2104295847633675,BASELINE_NOIZEUS_EARS_metrics.csv_ENH-BASELINE_p092_emo_cuteness_freeform_NOIZEUS_NOISE_DATASET_Inside Train_3_SNR[0]dB_CLN-p092_emo_cuteness_freeform.csv,GTCRN_p092_emo_cuteness_freeform_Noise Recordings_PC Fan Noise_SNR[0]dB,16000,1.3940534591674805,9.202142715454102,0.621211588382721,2.6287744522094725,3.310488682721491,4.239853899310786,2.968983245624561,GTCRN_NOIZEUS_EARS_metrics.csv_ENH-GTCRN_p092_emo_cuteness_freeform_Noise Recordings_PC Fan Noise_SNR[0]dB_CLN-p092_emo_cuteness_freeform.csv,GTCRN+SS_p092_emo_cuteness_freeform_NOIZEUS_NOISE_DATASET_Inside Train_3_SNR[0]dB,16000,1.109654426574707,-0.3414404988288879,0.4519495069980621,2.64128007888794,2.3133495821097063,3.399806275099794,2.021031914373149,GTCRN_SS_NOIZEUS_EARS_metrics.csv_ENH-GTCRN+SS_p092_emo_cuteness_freeform_NOIZEUS_NOISE_DATASET_Inside Train_3_SNR[0]dB_CLN-p092_emo_cuteness_freeform.csv,GTCRN+SS_p092_emo_cuteness_freeform_NOIZEUS_NOISE_DATASET_Inside Train_3_SNR[0]dB,16000,1.110349416732788,-0.3195649683475494,0.4527115225791931,2.639500141143799,2.316892293797099,3.3653933568220227,2.0190064897858315,GTCRN_SS_NOIZEUS_EARS_metrics.csv_ENH-GTCRN+SS_p092_emo_cuteness_freeform_NOIZEUS_NOISE_DATASET_Inside Train_3_SNR[0]dB_CLN-p092_emo_cuteness_freeform.csv,GTCRN+SS_p092_emo_cuteness_freeform_NOIZEUS_NOISE_DATASET_Inside Train_3_SNR[0]dB,16000,1.1141092777252195,-0.3233918845653534,0.451894998550415,2.6248254776000977,2.3668375852889554,3.4285551562477723,2.066684907216678,GTCRN_SS_NOIZEUS_EARS_metrics.csv_ENH-GTCRN+SS_p092_emo_cuteness_freeform_NOIZEUS_NOISE_DATASET_Inside Train_3_SNR[0]dB_CLN-p092_emo_cuteness_freeform.csv,Train
p092_emo_cuteness_sentences,BASELINE_p092_emo_cuteness_sentences_NOIZEUS_NOISE_DATASET_PC Fan Noise_SNR[0]dB,16000,1.0537874698638916,-0.0115127582103014,0.7150991559028625,2.63236927986145,4.207776179769511,2.126841317852291,2.6785633483590443,BASELINE_NOIZEUS_EARS_metrics.csv_ENH-BASELINE_p092_emo_cuteness_sentences_NOIZEUS_NOISE_DATASET_PC Fan Noise_SNR[0]dB_CLN-p092_emo_cuteness_sentences.csv,GTCRN_p092_emo_cuteness_sentences_Noise Recordings_SSN_IEEE_SNR[0]dB,16000,1.24473774433136,6.1267499923706055,0.5727046728134155,2.6468461751937866,2.2971682819601247,2.742132875835869,1.9717959507545584,GTCRN_NOIZEUS_EARS_metrics.csv_ENH-GTCRN_p092_emo_cuteness_sentences_Noise Recordings_SSN_IEEE_SNR[0]dB_CLN-p092_emo_cuteness_sentences.csv,GTCRN+SS_p092_emo_cuteness_sentences_NOIZEUS_NOISE_DATASET_PC Fan Noise_SNR[0]dB,16000,1.6528985500335691,13.960578918457031,0.6906952261924744,2.5485669374465942,3.657302518147353,3.628134431800565,3.0906158038933658,GTCRN_SS_NOIZEUS_EARS_metrics.csv_ENH-GTCRN+SS_p092_emo_cuteness_sentences_NOIZEUS_NOISE_DATASET_PC Fan Noise_SNR[0]dB_CLN-p092_emo_cuteness_sentences.csv,GTCRN+SS_p092_emo_cuteness_sentences_NOIZEUS_NOISE_DATASET_PC Fan Noise_SNR[0]dB,16000,1.6510872840881348,13.965618133544922,0.6910269856452942,2.5486825704574585,3.666983413087851,3.5838820808208665,3.0794841070473664,GTCRN_SS_NOIZEUS_EARS_metrics.csv_ENH-GTCRN+SS_p092_emo_cuteness_sentences_NOIZEUS_NOISE_DATASET_PC Fan Noise_SNR[0]dB_CLN-p092_emo_cuteness_sentences.csv,GTCRN+SS_p092_emo_cuteness_sentences_NOIZEUS_NOISE_DATASET_PC Fan Noise_SNR[0]dB,16000,1.6439251899719238,13.81503963470459,0.6897271275520325,2.5800482034683228,3.679574191151731,3.6234342896545697,3.1004175302016868,GTCRN_SS_NOIZEUS_EARS_metrics.csv_ENH-GTCRN+SS_p092_emo_cuteness_sentences_NOIZEUS_NOISE_DATASET_PC Fan Noise_SNR[0]dB_CLN-p092_emo_cuteness_sentences.csv,Stationary
p092_emo_desire_freeform,BASELINE_p092_emo_desire_freeform_NOIZEUS_NOISE_DATASET_SSN_IEEE_SNR[0]dB,16000,1.0442122220993042,-0.0063995826058089,0.6147343516349792,2.349114775657654,3.39141755687088,1.649771856695522,1.9300757897076828,BASELINE_NOIZEUS_EARS_metrics.csv_ENH-BASELINE_p092_emo_desire_freeform_NOIZEUS_NOISE_DATASET_SSN_IEEE_SNR[0]dB_CLN-p092_emo_desire_freeform.csv,GTCRN_p092_emo_desire_freeform_Noise Recordings_Street Noise_SNR[0]dB,16000,1.2901976108551023,7.339945793151855,0.6629214882850647,2.787357529004415,2.0217940698517256,3.322846652526428,1.8380860484634445,GTCRN_NOIZEUS_EARS_metrics.csv_ENH-GTCRN_p092_emo_desire_freeform_Noise Recordings_Street Noise_SNR[0]dB_CLN-p092_emo_desire_freeform.csv,GTCRN+SS_p092_emo_desire_freeform_NOIZEUS_NOISE_DATASET_SSN_IEEE_SNR[0]dB,16000,1.2753297090530396,7.368223190307617,0.6533517241477966,2.8881660302480063,2.156248032389183,3.3819824281567192,1.8948918115980629,GTCRN_SS_NOIZEUS_EARS_metrics.csv_ENH-GTCRN+SS_p092_emo_desire_freeform_NOIZEUS_NOISE_DATASET_SSN_IEEE_SNR[0]dB_CLN-p092_emo_desire_freeform.csv,GTCRN+SS_p092_emo_desire_freeform_NOIZEUS_NOISE_DATASET_SSN_IEEE_SNR[0]dB,16000,1.2723274230957031,7.43891716003418,0.6540012359619141,2.8972713152567544,2.1498478854149075,3.382849394627424,1.8877650977464857,GTCRN_SS_NOIZEUS_EARS_metrics.csv_ENH-GTCRN+SS_p092_emo_desire_freeform_NOIZEUS_NOISE_DATASET_SSN_IEEE_SNR[0]dB_CLN-p092_emo_desire_freeform.csv,GTCRN+SS_p092_emo_desire_freeform_NOIZEUS_NOISE_DATASET_SSN_IEEE_SNR[0]dB,16000,1.272713303565979,7.395771026611328,0.6542118787765503,2.9230902989705405,2.1471906307803152,3.34715935163969,1.880012097419921,GTCRN_SS_NOIZEUS_EARS_metrics.csv_ENH-GTCRN+SS_p092_emo_desire_freeform_NOIZEUS_NOISE_DATASET_SSN_IEEE_SNR[0]dB_CLN-p092_emo_desire_freeform.csv,Stationary
p092_emo_desire_sentences,BASELINE_p092_emo_desire_sentences_NOIZEUS_NOISE_DATASET_Street Noise_SNR[0]dB,16000,1.0998926162719729,-0.0665782988071441,0.6159903407096863,2.641629775365194,3.771779657406916,2.185449582215382,2.3812959672927456,BASELINE_NOIZEUS_EARS_metrics.csv_ENH-BASELINE_p092_emo_desire_sentences_NOIZEUS_NOISE_DATASET_Street Noise_SNR[0]dB_CLN-p092_emo_desire_sentences.csv,GTCRN_p092_emo_desire_sentences_Noise Recordings_Street Noise_downtown_SNR[0]dB,16000,1.4302194118499756,9.022323608398438,0.6663188338279724,3.015973488489786,3.5605460651668324,4.135604851668078,3.149955789215422,GTCRN_NOIZEUS_EARS_metrics.csv_ENH-GTCRN_p092_emo_desire_sentences_Noise Recordings_Street Noise_downtown_SNR[0]dB_CLN-p092_emo_desire_sentences.csv,GTCRN+SS_p092_emo_desire_sentences_NOIZEUS_NOISE_DATASET_Street Noise_SNR[0]dB,16000,1.457720398902893,7.834234237670898,0.671757161617279,3.264079093933105,3.2254464966732748,3.541258433742021,2.6860438815631937,GTCRN_SS_NOIZEUS_EARS_metrics.csv_ENH-GTCRN+SS_p092_emo_desire_sentences_NOIZEUS_NOISE_DATASET_Street Noise_SNR[0]dB_CLN-p092_emo_desire_sentences.csv,GTCRN+SS_p092_emo_desire_sentences_NOIZEUS_NOISE_DATASET_Street Noise_SNR[0]dB,16000,1.4602819681167605,7.885528564453125,0.6721366047859192,3.2788174947102866,3.2316079690850352,3.4806217606742624,2.6674980903617374,GTCRN_SS_NOIZEUS_EARS_metrics.csv_ENH-GTCRN+SS_p092_emo_desire_sentences_NOIZEUS_NOISE_DATASET_Street Noise_SNR[0]dB_CLN-p092_emo_desire_sentences.csv,GTCRN+SS_p092_emo_desire_sentences_NOIZEUS_NOISE_DATASET_Street Noise_SNR[0]dB,16000,1.458210825920105,7.838144779205322,0.6726137399673462,3.285579999287924,3.229953196910747,3.562563003385318,2.707975432883907,GTCRN_SS_NOIZEUS_EARS_metrics.csv_ENH-GTCRN+SS_p092_emo_desire_sentences_NOIZEUS_NOISE_DATASET_Street Noise_SNR[0]dB_CLN-p092_emo_desire_sentences.csv,Street
p092_emo_disappointment_freeform,BASELINE_p092_emo_disappointment_freeform_NOIZEUS_NOISE_DATASET_Street Noise_downtown_SNR[0]dB,16000,1.131770372390747,-0.0159696452319622,0.6615259051322937,2.321887425013951,4.036687945890823,1.9342692632872296,2.403268490434048,BASELINE_NOIZEUS_EARS_metrics.csv_ENH-BASELINE_p092_emo_disappointment_freeform_NOIZEUS_NOISE_DATASET_Street Noise_downtown_SNR[0]dB_CLN-p092_emo_disappointment_freeform.csv,GTCRN_p092_emo_disappointment_freeform_Noise Recordings_Train1_SNR[0]dB,16000,1.339551568031311,8.442577362060547,0.7383167743682861,3.128882510321481,2.998414775975466,3.496552973688915,2.5046136879150787,GTCRN_NOIZEUS_EARS_metrics.csv_ENH-GTCRN_p092_emo_disappointment_freeform_Noise Recordings_Train1_SNR[0]dB_CLN-p092_emo_disappointment_freeform.csv,GTCRN+SS_p092_emo_disappointment_freeform_NOIZEUS_NOISE_DATASET_Street Noise_downtown_SNR[0]dB,16000,1.3179510831832886,6.639864921569824,0.6813805103302002,3.2929746082850864,3.2473744170102914,2.8679333890863554,2.4050067970973927,GTCRN_SS_NOIZEUS_EARS_metrics.csv_ENH-GTCRN+SS_p092_emo_disappointment_freeform_NOIZEUS_NOISE_DATASET_Street Noise_downtown_SNR[0]dB_CLN-p092_emo_disappointment_freeform.csv,GTCRN+SS_p092_emo_disappointment_freeform_NOIZEUS_NOISE_DATASET_Street Noise_downtown_SNR[0]dB,16000,1.3242321014404297,6.646557807922363,0.682184636592865,3.2863960606711253,3.253910369634774,2.851565320120716,2.405289863422462,GTCRN_SS_NOIZEUS_EARS_metrics.csv_ENH-GTCRN+SS_p092_emo_disappointment_freeform_NOIZEUS_NOISE_DATASET_Street Noise_downtown_SNR[0]dB_CLN-p092_emo_disappointment_freeform.csv,GTCRN+SS_p092_emo_disappointment_freeform_NOIZEUS_NOISE_DATASET_Street Noise_downtown_SNR[0]dB,16000,1.3245487213134766,6.6115827560424805,0.6822987198829651,3.304939099720546,3.294965075309737,2.8656194791012743,2.4341806268562576,GTCRN_SS_NOIZEUS_EARS_metrics.csv_ENH-GTCRN+SS_p092_emo_disappointment_freeform_NOIZEUS_NOISE_DATASET_Street Noise_downtown_SNR[0]dB_CLN-p092_emo_disappointment_freeform.csv,Street
p092_emo_disappointment_sentences,BASELINE_p092_emo_disappointment_sentences_NOIZEUS_NOISE_DATASET_Train1_SNR[0]dB,16000,1.0822149515151978,-0.0950387939810752,0.6358175873756409,2.4674671292305,4.2271621898282365,2.031043036595238,2.609186069936635,BASELINE_NOIZEUS_EARS_metrics.csv_ENH-BASELINE_p092_emo_disappointment_sentences_NOIZEUS_NOISE_DATASET_Train1_SNR[0]dB_CLN-p092_emo_disappointment_sentences.csv,GTCRN_p092_emo_disappointment_sentences_Noise Recordings_Train2_SNR[0]dB,16000,1.394335150718689,7.881438255310059,0.6701380014419556,3.197358727455139,3.646909334096748,3.917017329679929,3.1871579853272216,GTCRN_NOIZEUS_EARS_metrics.csv_ENH-GTCRN_p092_emo_disappointment_sentences_Noise Recordings_Train2_SNR[0]dB_CLN-p092_emo_disappointment_sentences.csv,GTCRN+SS_p092_emo_disappointment_sentences_NOIZEUS_NOISE_DATASET_Train1_SNR[0]dB,16000,1.420098900794983,9.592851638793944,0.7058814167976379,3.4979538917541504,4.27883516969229,4.281269265967519,3.876617993218219,GTCRN_SS_NOIZEUS_EARS_metrics.csv_ENH-GTCRN+SS_p092_emo_disappointment_sentences_NOIZEUS_NOISE_DATASET_Train1_SNR[0]dB_CLN-p092_emo_disappointment_sentences.csv,GTCRN+SS_p092_emo_disappointment_sentences_NOIZEUS_NOISE_DATASET_Train1_SNR[0]dB,16000,1.42233145236969,9.629422187805176,0.7061351537704468,3.497816741466522,4.282202000623138,4.294311566356206,3.8840072247478914,GTCRN_SS_NOIZEUS_EARS_metrics.csv_ENH-GTCRN+SS_p092_emo_disappointment_sentences_NOIZEUS_NOISE_DATASET_Train1_SNR[0]dB_CLN-p092_emo_disappointment_sentences.csv,GTCRN+SS_p092_emo_disappointment_sentences_NOIZEUS_NOISE_DATASET_Train1_SNR[0]dB,16000,1.4243383407592771,9.525235176086426,0.7060031294822693,3.476057767868042,4.243137460826853,4.2435724850274426,3.8316979271870526,GTCRN_SS_NOIZEUS_EARS_metrics.csv_ENH-GTCRN+SS_p092_emo_disappointment_sentences_NOIZEUS_NOISE_DATASET_Train1_SNR[0]dB_CLN-p092_emo_disappointment_sentences.csv,Train
p092_emo_disgust_freeform,BASELINE_p092_emo_disgust_freeform_NOIZEUS_NOISE_DATASET_Train2_SNR[0]dB,16000,1.0775192975997925,-0.0093299988657236,0.7417424917221069,2.632834264210292,3.997656323192025,1.6531202744980045,2.0273809765911595,BASELINE_NOIZEUS_EARS_metrics.csv_ENH-BASELINE_p092_emo_disgust_freeform_NOIZEUS_NOISE_DATASET_Train2_SNR[0]dB_CLN-p092_emo_disgust_freeform.csv,GTCRN_p092_emo_disgust_freeform_Noise Recordings_Water Cooler_SNR[0]dB,16000,1.59669291973114,9.280108451843262,0.7634884715080261,3.1703919001988004,3.1345237074763057,3.3938067294111955,2.702091083727287,GTCRN_NOIZEUS_EARS_metrics.csv_ENH-GTCRN_p092_emo_disgust_freeform_Noise Recordings_Water Cooler_SNR[0]dB_CLN-p092_emo_disgust_freeform.csv,GTCRN+SS_p092_emo_disgust_freeform_NOIZEUS_NOISE_DATASET_Train2_SNR[0]dB,16000,1.4995687007904053,7.975348949432373,0.7930570244789124,3.2208524772099087,3.5291875272909934,2.691306384391156,2.612507286088202,GTCRN_SS_NOIZEUS_EARS_metrics.csv_ENH-GTCRN+SS_p092_emo_disgust_freeform_NOIZEUS_NOISE_DATASET_Train2_SNR[0]dB_CLN-p092_emo_disgust_freeform.csv,GTCRN+SS_p092_emo_disgust_freeform_NOIZEUS_NOISE_DATASET_Train2_SNR[0]dB,16000,1.503213882446289,7.976460933685303,0.7934243083000183,3.220226832798549,3.526287916859595,2.677028389080728,2.6021100434826363,GTCRN_SS_NOIZEUS_EARS_metrics.csv_ENH-GTCRN+SS_p092_emo_disgust_freeform_NOIZEUS_NOISE_DATASET_Train2_SNR[0]dB_CLN-p092_emo_disgust_freeform.csv,GTCRN+SS_p092_emo_disgust_freeform_NOIZEUS_NOISE_DATASET_Train2_SNR[0]dB,16000,1.5048387050628662,7.921791076660156,0.7930999398231506,3.180747985839844,3.626773973545295,2.692346047950837,2.6660206923746297,GTCRN_SS_NOIZEUS_EARS_metrics.csv_ENH-GTCRN+SS_p092_emo_disgust_freeform_NOIZEUS_NOISE_DATASET_Train2_SNR[0]dB_CLN-p092_emo_disgust_freeform.csv,Train
p092_emo_disgust_sentences,BASELINE_p092_emo_disgust_sentences_NOIZEUS_NOISE_DATASET_Water Cooler_SNR[0]dB,16000,1.2431144714355469,-0.0335355065762996,0.6518672704696655,2.814431953430176,4.289634901656337,2.228435639764488,2.676867625426216,BASELINE_NOIZEUS_EARS_metrics.csv_ENH-BASELINE_p092_emo_disgust_sentences_NOIZEUS_NOISE_DATASET_Water Cooler_SNR[0]dB_CLN-p092_emo_disgust_sentences.csv,GTCRN_p092_emo_disgust_sentences_Noise Recordings_cafeteria_babble_SNR[0]dB,16000,1.3376611471176147,5.185493469238281,0.6065714955329895,3.073827838897705,2.5363871233690376,3.069935309963221,2.1511637131967545,GTCRN_NOIZEUS_EARS_metrics.csv_ENH-GTCRN_p092_emo_disgust_sentences_Noise Recordings_cafeteria_babble_SNR[0]dB_CLN-p092_emo_disgust_sentences.csv,GTCRN+SS_p092_emo_disgust_sentences_NOIZEUS_NOISE_DATASET_Water Cooler_SNR[0]dB,16000,1.905274987220764,9.374319076538086,0.708367645740509,3.3028111457824707,3.7945403011847865,3.6828045174759296,3.2301018998563484,GTCRN_SS_NOIZEUS_EARS_metrics.csv_ENH-GTCRN+SS_p092_emo_disgust_sentences_NOIZEUS_NOISE_DATASET_Water Cooler_SNR[0]dB_CLN-p092_emo_disgust_sentences.csv,GTCRN+SS_p092_emo_disgust_sentences_NOIZEUS_NOISE_DATASET_Water Cooler_SNR[0]dB,16000,1.8971354961395264,9.458136558532717,0.7087109684944153,3.2942339897155763,3.749194292561542,3.717319144942947,3.209202456759479,GTCRN_SS_NOIZEUS_EARS_metrics.csv_ENH-GTCRN+SS_p092_emo_disgust_sentences_NOIZEUS_NOISE_DATASET_Water Cooler_SNR[0]dB_CLN-p092_emo_disgust_sentences.csv,GTCRN+SS_p092_emo_disgust_sentences_NOIZEUS_NOISE_DATASET_Water Cooler_SNR[0]dB,16000,1.8874611854553225,9.41169548034668,0.7093596458435059,3.2979235649108887,3.692095382485712,3.7661135642334704,3.193420551949435,GTCRN_SS_NOIZEUS_EARS_metrics.csv_ENH-GTCRN+SS_p092_emo_disgust_sentences_NOIZEUS_NOISE_DATASET_Water Cooler_SNR[0]dB_CLN-p092_emo_disgust_sentences.csv,Stationary
