clean_file,enhanced_file,sampling_rate,PESQ_Noisy,SI_SDR_Noisy,STOI_Noisy,DNSMOS_p808_mos_Noisy,DNSMOS_mos_sig_Noisy,DNSMOS_mos_bak_Noisy,DNSMOS_mos_ovr_Noisy,source_file,enhanced_file_mband_py_lin_avr1,sampling_rate_mband_py_lin_avr1,PESQ_mband_py_lin_avr1,SI_SDR_mband_py_lin_avr1,STOI_mband_py_lin_avr1,DNSMOS_p808_mos_mband_py_lin_avr1,DNSMOS_mos_sig_mband_py_lin_avr1,DNSMOS_mos_bak_mband_py_lin_avr1,DNSMOS_mos_ovr_mband_py_lin_avr1,source_file_mband_py_lin_avr1,enhanced_file_mband_py_lin_causal_ogw_avr1,sampling_rate_mband_py_lin_causal_ogw_avr1,PESQ_mband_py_lin_causal_ogw_avr1,SI_SDR_mband_py_lin_causal_ogw_avr1,STOI_mband_py_lin_causal_ogw_avr1,DNSMOS_p808_mos_mband_py_lin_causal_ogw_avr1,DNSMOS_mos_sig_mband_py_lin_causal_ogw_avr1,DNSMOS_mos_bak_mband_py_lin_causal_ogw_avr1,DNSMOS_mos_ovr_mband_py_lin_causal_ogw_avr1,source_file_mband_py_lin_causal_ogw_avr1,enhanced_file_mband_py_lin_causal_avr1,sampling_rate_mband_py_lin_causal_avr1,PESQ_mband_py_lin_causal_avr1,SI_SDR_mband_py_lin_causal_avr1,STOI_mband_py_lin_causal_avr1,DNSMOS_p808_mos_mband_py_lin_causal_avr1,DNSMOS_mos_sig_mband_py_lin_causal_avr1,DNSMOS_mos_bak_mband_py_lin_causal_avr1,DNSMOS_mos_ovr_mband_py_lin_causal_avr1,source_file_mband_py_lin_causal_avr1,noise_category
p092_emo_adoration_freeform,BASELINE_p092_emo_adoration_freeform_NOIZEUS_NOISE_DATASET_cafeteria_babble_SNR[5]dB,16000,1.1179051399230957,4.982757568359375,0.747296154499054,2.643773039182028,4.331066451329311,2.334779836504334,2.776388626250618,BASELINE_NOIZEUS_EARS_metrics.csv_ENH-BASELINE_p092_emo_adoration_freeform_NOIZEUS_NOISE_DATASET_cafeteria_babble_SNR[5]dB_CLN-p092_emo_adoration_freeform.csv,mband_py_N6_lin_AVR1_8_p092_emo_adoration_freeform_NOIZEUS_NOISE_DATASET_cafeteria_babble_SNR[5]dB,16000,1.3132226467132568,6.429585933685303,0.7430552840232849,2.774137655893961,3.808801892209202,2.5197571022810017,2.605592556104817,mband_py_N6_lin_AVR1_8_metrics.csv_ENH-mband_py_N6_lin_AVR1_8_p092_emo_adoration_freeform_NOIZEUS_NOISE_DATASET_cafeteria_babble_SNR[5]dB_CLN-p092_emo_adoration_freeform.csv,mband_py_N6_lin_p092_emo_adoration_freeform_NOIZEUS_NOISE_DATASET_cafeteria_babble_SNR[5]dB,16000,1.307848572731018,6.693048477172852,0.7379688024520874,2.83548641204834,3.669943822281006,2.3311733115538176,2.430768654770778,mband_py_N6_lin_metrics.csv_ENH-mband_py_N6_lin_p092_emo_adoration_freeform_NOIZEUS_NOISE_DATASET_cafeteria_babble_SNR[5]dB_CLN-p092_emo_adoration_freeform.csv,mband_py_N6_lin_AVR1_p092_emo_adoration_freeform_Noise Recordings_Car Noise_60mph_SNR[5]dB,16000,1.4401580095291138,8.941898345947266,0.8112354874610901,3.381225824356079,3.115668151371464,3.148890891099595,2.4700122439451087,mband_py_N6_lin_AVR1_metrics.csv_ENH-mband_py_N6_lin_AVR1_p092_emo_adoration_freeform_Noise Recordings_Car Noise_60mph_SNR[5]dB_CLN-p092_emo_adoration_freeform.csv,Babble
p092_emo_adoration_sentences,BASELINE_p092_emo_adoration_sentences_NOIZEUS_NOISE_DATASET_Car Noise_60mph_SNR[5]dB,16000,1.1803655624389648,5.005819320678711,0.7374955415725708,3.3973292963845387,3.748244741134378,2.5135954043468502,2.541718000765752,BASELINE_NOIZEUS_EARS_metrics.csv_ENH-BASELINE_p092_emo_adoration_sentences_NOIZEUS_NOISE_DATASET_Car Noise_60mph_SNR[5]dB_CLN-p092_emo_adoration_sentences.csv,mband_py_N6_lin_AVR1_8_p092_emo_adoration_sentences_NOIZEUS_NOISE_DATASET_Car Noise_60mph_SNR[5]dB,16000,1.586521863937378,9.513269424438477,0.7443883419036865,3.3453817708151683,3.789264130200348,2.6754945338171043,2.6493104054421965,mband_py_N6_lin_AVR1_8_metrics.csv_ENH-mband_py_N6_lin_AVR1_8_p092_emo_adoration_sentences_NOIZEUS_NOISE_DATASET_Car Noise_60mph_SNR[5]dB_CLN-p092_emo_adoration_sentences.csv,mband_py_N6_lin_p092_emo_adoration_sentences_NOIZEUS_NOISE_DATASET_Car Noise_60mph_SNR[5]dB,16000,1.5186946392059326,9.121344566345217,0.7367368936538696,3.498731408800398,3.627442685298392,2.714852429867215,2.6252959288033098,mband_py_N6_lin_metrics.csv_ENH-mband_py_N6_lin_p092_emo_adoration_sentences_NOIZEUS_NOISE_DATASET_Car Noise_60mph_SNR[5]dB_CLN-p092_emo_adoration_sentences.csv,mband_py_N6_lin_AVR1_p092_emo_adoration_sentences_Noise Recordings_Car Noise_Idle Noise_40mph_SNR[5]dB,16000,1.517418384552002,9.217886924743652,0.7071385383605957,3.379030397960118,3.686551773506225,2.818869613581989,2.6678947738117897,mband_py_N6_lin_AVR1_metrics.csv_ENH-mband_py_N6_lin_AVR1_p092_emo_adoration_sentences_Noise Recordings_Car Noise_Idle Noise_40mph_SNR[5]dB_CLN-p092_emo_adoration_sentences.csv,Car
p092_emo_amazement_freeform,BASELINE_p092_emo_amazement_freeform_NOIZEUS_NOISE_DATASET_Car Noise_Idle Noise_40mph_SNR[5]dB,16000,1.0970019102096558,5.015362739562988,0.785666286945343,2.944141353879656,3.992972432977557,2.079351019201946,2.4632286773033867,BASELINE_NOIZEUS_EARS_metrics.csv_ENH-BASELINE_p092_emo_amazement_freeform_NOIZEUS_NOISE_DATASET_Car Noise_Idle Noise_40mph_SNR[5]dB_CLN-p092_emo_amazement_freeform.csv,mband_py_N6_lin_AVR1_8_p092_emo_amazement_freeform_NOIZEUS_NOISE_DATASET_Car Noise_Idle Noise_40mph_SNR[5]dB,16000,1.4528765678405762,11.70292854309082,0.7937219738960266,2.965667486190796,3.706564387508286,2.616633595970579,2.701281481592732,mband_py_N6_lin_AVR1_8_metrics.csv_ENH-mband_py_N6_lin_AVR1_8_p092_emo_amazement_freeform_NOIZEUS_NOISE_DATASET_Car Noise_Idle Noise_40mph_SNR[5]dB_CLN-p092_emo_amazement_freeform.csv,mband_py_N6_lin_p092_emo_amazement_freeform_NOIZEUS_NOISE_DATASET_Car Noise_Idle Noise_40mph_SNR[5]dB,16000,1.4171350002288818,11.381630897521973,0.7866669297218323,3.0618108681270053,3.4435874401713016,2.8812577800090566,2.678853811871072,mband_py_N6_lin_metrics.csv_ENH-mband_py_N6_lin_p092_emo_amazement_freeform_NOIZEUS_NOISE_DATASET_Car Noise_Idle Noise_40mph_SNR[5]dB_CLN-p092_emo_amazement_freeform.csv,mband_py_N6_lin_AVR1_p092_emo_amazement_freeform_Noise Recordings_Car Noise_Idle Noise_60mph_SNR[5]dB,16000,1.3889648914337158,11.695394515991213,0.8032811880111694,2.9599226883479526,3.3751111775821308,2.3109921209711994,2.38470125013552,mband_py_N6_lin_AVR1_metrics.csv_ENH-mband_py_N6_lin_AVR1_p092_emo_amazement_freeform_Noise Recordings_Car Noise_Idle Noise_60mph_SNR[5]dB_CLN-p092_emo_amazement_freeform.csv,Car
p092_emo_amazement_sentences,BASELINE_p092_emo_amazement_sentences_NOIZEUS_NOISE_DATASET_Car Noise_Idle Noise_60mph_SNR[5]dB,16000,1.1796753406524658,4.961920261383057,0.7268972992897034,3.1137354373931885,3.610230545933869,2.263053849684021,2.408852349692668,BASELINE_NOIZEUS_EARS_metrics.csv_ENH-BASELINE_p092_emo_amazement_sentences_NOIZEUS_NOISE_DATASET_Car Noise_Idle Noise_60mph_SNR[5]dB_CLN-p092_emo_amazement_sentences.csv,mband_py_N6_lin_AVR1_8_p092_emo_amazement_sentences_NOIZEUS_NOISE_DATASET_Car Noise_Idle Noise_60mph_SNR[5]dB,16000,1.5494909286499023,10.934552192687988,0.7299650311470032,2.8606157302856445,3.2579438817882966,2.9923828979700664,2.50999258770346,mband_py_N6_lin_AVR1_8_metrics.csv_ENH-mband_py_N6_lin_AVR1_8_p092_emo_amazement_sentences_NOIZEUS_NOISE_DATASET_Car Noise_Idle Noise_60mph_SNR[5]dB_CLN-p092_emo_amazement_sentences.csv,mband_py_N6_lin_p092_emo_amazement_sentences_NOIZEUS_NOISE_DATASET_Car Noise_Idle Noise_60mph_SNR[5]dB,16000,1.4723089933395386,10.442360877990724,0.7240719199180603,2.967940330505371,3.430515997876861,3.071976657952701,2.707432417279569,mband_py_N6_lin_metrics.csv_ENH-mband_py_N6_lin_p092_emo_amazement_sentences_NOIZEUS_NOISE_DATASET_Car Noise_Idle Noise_60mph_SNR[5]dB_CLN-p092_emo_amazement_sentences.csv,mband_py_N6_lin_AVR1_p092_emo_amazement_sentences_Noise Recordings_Construction_Crane_Moving_SNR[5]dB,16000,1.232137680053711,5.543609142303467,0.7087520360946655,2.711750030517578,3.825510903393803,2.7721097974262667,2.8156521252929227,mband_py_N6_lin_AVR1_metrics.csv_ENH-mband_py_N6_lin_AVR1_p092_emo_amazement_sentences_Noise Recordings_Construction_Crane_Moving_SNR[5]dB_CLN-p092_emo_amazement_sentences.csv,Car
p092_emo_amusement_freeform,BASELINE_p092_emo_amusement_freeform_NOIZEUS_NOISE_DATASET_Construction_Crane_Moving_SNR[5]dB,16000,1.0618342161178589,4.9871673583984375,0.7113854885101318,2.5354549884796143,3.3413483928024834,1.4391713217864743,1.7148123868458816,BASELINE_NOIZEUS_EARS_metrics.csv_ENH-BASELINE_p092_emo_amusement_freeform_NOIZEUS_NOISE_DATASET_Construction_Crane_Moving_SNR[5]dB_CLN-p092_emo_amusement_freeform.csv,mband_py_N6_lin_AVR1_8_p092_emo_amusement_freeform_NOIZEUS_NOISE_DATASET_Construction_Crane_Moving_SNR[5]dB,16000,1.0929840803146362,7.201964855194092,0.7086670398712158,2.317543029785156,3.857250622404852,2.0872395214738884,2.458712112148703,mband_py_N6_lin_AVR1_8_metrics.csv_ENH-mband_py_N6_lin_AVR1_8_p092_emo_amusement_freeform_NOIZEUS_NOISE_DATASET_Construction_Crane_Moving_SNR[5]dB_CLN-p092_emo_amusement_freeform.csv,mband_py_N6_lin_p092_emo_amusement_freeform_NOIZEUS_NOISE_DATASET_Construction_Crane_Moving_SNR[5]dB,16000,1.0964010953903198,6.615281105041504,0.7108273506164551,2.3026692867279053,3.936496360306665,2.3798573869165254,2.672063037243652,mband_py_N6_lin_metrics.csv_ENH-mband_py_N6_lin_p092_emo_amusement_freeform_NOIZEUS_NOISE_DATASET_Construction_Crane_Moving_SNR[5]dB_CLN-p092_emo_amusement_freeform.csv,mband_py_N6_lin_AVR1_p092_emo_amusement_freeform_Noise Recordings_Construction_Drilling_SNR[5]dB,16000,1.1623672246932983,9.850271224975586,0.6678418517112732,2.52207624912262,3.307925069505128,1.94270760668856,2.092343262064514,mband_py_N6_lin_AVR1_metrics.csv_ENH-mband_py_N6_lin_AVR1_p092_emo_amusement_freeform_Noise Recordings_Construction_Drilling_SNR[5]dB_CLN-p092_emo_amusement_freeform.csv,Construction
p092_emo_amusement_sentences,BASELINE_p092_emo_amusement_sentences_NOIZEUS_NOISE_DATASET_Construction_Drilling_SNR[5]dB,16000,1.0891962051391602,4.963659763336182,0.7565394043922424,2.7873645623524985,4.287304535505876,1.857619612580691,2.413883144315572,BASELINE_NOIZEUS_EARS_metrics.csv_ENH-BASELINE_p092_emo_amusement_sentences_NOIZEUS_NOISE_DATASET_Construction_Drilling_SNR[5]dB_CLN-p092_emo_amusement_sentences.csv,mband_py_N6_lin_AVR1_8_p092_emo_amusement_sentences_NOIZEUS_NOISE_DATASET_Construction_Drilling_SNR[5]dB,16000,1.3202853202819824,8.56198787689209,0.7749397158622742,2.8716870148976645,3.372515172849982,2.321944725588844,2.227004148676609,mband_py_N6_lin_AVR1_8_metrics.csv_ENH-mband_py_N6_lin_AVR1_8_p092_emo_amusement_sentences_NOIZEUS_NOISE_DATASET_Construction_Drilling_SNR[5]dB_CLN-p092_emo_amusement_sentences.csv,mband_py_N6_lin_p092_emo_amusement_sentences_NOIZEUS_NOISE_DATASET_Construction_Drilling_SNR[5]dB,16000,1.2820059061050415,8.50128173828125,0.7568015456199646,2.82820995648702,2.5402132712630667,2.276669324010566,1.809736074207036,mband_py_N6_lin_metrics.csv_ENH-mband_py_N6_lin_p092_emo_amusement_sentences_NOIZEUS_NOISE_DATASET_Construction_Drilling_SNR[5]dB_CLN-p092_emo_amusement_sentences.csv,mband_py_N6_lin_AVR1_p092_emo_amusement_sentences_Noise Recordings_Construction_Jackhammer1_SNR[5]dB,16000,1.2269535064697266,5.754249095916748,0.7902055978775024,2.8648695151011148,4.0200069137092695,1.891555058979091,2.30597289774526,mband_py_N6_lin_AVR1_metrics.csv_ENH-mband_py_N6_lin_AVR1_p092_emo_amusement_sentences_Noise Recordings_Construction_Jackhammer1_SNR[5]dB_CLN-p092_emo_amusement_sentences.csv,Construction
p092_emo_anger_freeform,BASELINE_p092_emo_anger_freeform_NOIZEUS_NOISE_DATASET_Construction_Jackhammer1_SNR[5]dB,16000,1.1424521207809448,5.010672092437744,0.7959412336349487,2.484922204698836,4.204389554873325,1.555508235594467,2.1025015586557663,BASELINE_NOIZEUS_EARS_metrics.csv_ENH-BASELINE_p092_emo_anger_freeform_NOIZEUS_NOISE_DATASET_Construction_Jackhammer1_SNR[5]dB_CLN-p092_emo_anger_freeform.csv,mband_py_N6_lin_AVR1_8_p092_emo_anger_freeform_NOIZEUS_NOISE_DATASET_Construction_Jackhammer1_SNR[5]dB,16000,1.257623314857483,6.828890800476074,0.8019784688949585,2.735457386289324,3.558783783399999,1.6741692532586483,1.911071460970691,mband_py_N6_lin_AVR1_8_metrics.csv_ENH-mband_py_N6_lin_AVR1_8_p092_emo_anger_freeform_NOIZEUS_NOISE_DATASET_Construction_Jackhammer1_SNR[5]dB_CLN-p092_emo_anger_freeform.csv,mband_py_N6_lin_p092_emo_anger_freeform_NOIZEUS_NOISE_DATASET_Construction_Jackhammer1_SNR[5]dB,16000,1.2179023027420044,6.494935035705566,0.799265444278717,2.67803270476205,3.9034524541866618,1.5940661724905787,1.9922980914989563,mband_py_N6_lin_metrics.csv_ENH-mband_py_N6_lin_p092_emo_anger_freeform_NOIZEUS_NOISE_DATASET_Construction_Jackhammer1_SNR[5]dB_CLN-p092_emo_anger_freeform.csv,mband_py_N6_lin_AVR1_p092_emo_anger_freeform_Noise Recordings_Construction_Jackhammer2_SNR[5]dB,16000,1.2121140956878662,6.938265800476074,0.7379682660102844,2.4445364475250244,3.234813891317981,1.5571752346894896,1.7178203948279631,mband_py_N6_lin_AVR1_metrics.csv_ENH-mband_py_N6_lin_AVR1_p092_emo_anger_freeform_Noise Recordings_Construction_Jackhammer2_SNR[5]dB_CLN-p092_emo_anger_freeform.csv,Construction
p092_emo_anger_sentences,BASELINE_p092_emo_anger_sentences_NOIZEUS_NOISE_DATASET_Construction_Jackhammer2_SNR[5]dB,16000,1.151146650314331,5.017452716827393,0.6909574866294861,2.4644167763846263,3.405828936502461,1.571353907638284,1.7662565137414783,BASELINE_NOIZEUS_EARS_metrics.csv_ENH-BASELINE_p092_emo_anger_sentences_NOIZEUS_NOISE_DATASET_Construction_Jackhammer2_SNR[5]dB_CLN-p092_emo_anger_sentences.csv,mband_py_N6_lin_AVR1_8_p092_emo_anger_sentences_NOIZEUS_NOISE_DATASET_Construction_Jackhammer2_SNR[5]dB,16000,1.2842767238616943,8.022431373596191,0.7213964462280273,2.442051989691598,2.2209230795215293,1.8324596344283963,1.3722609791876923,mband_py_N6_lin_AVR1_8_metrics.csv_ENH-mband_py_N6_lin_AVR1_8_p092_emo_anger_sentences_NOIZEUS_NOISE_DATASET_Construction_Jackhammer2_SNR[5]dB_CLN-p092_emo_anger_sentences.csv,mband_py_N6_lin_p092_emo_anger_sentences_NOIZEUS_NOISE_DATASET_Construction_Jackhammer2_SNR[5]dB,16000,1.200031042098999,6.993020057678223,0.6938341856002808,2.2641874381474087,2.8312349034901096,1.780639990507277,1.6651200056663982,mband_py_N6_lin_metrics.csv_ENH-mband_py_N6_lin_p092_emo_anger_sentences_NOIZEUS_NOISE_DATASET_Construction_Jackhammer2_SNR[5]dB_CLN-p092_emo_anger_sentences.csv,mband_py_N6_lin_AVR1_p092_emo_anger_sentences_Noise Recordings_Construction_Trucks_Unloading_SNR[5]dB,16000,1.4602606296539309,10.4000244140625,0.7633098363876343,2.6971109254019603,3.617306475741072,1.970156517011613,2.1848127939271054,mband_py_N6_lin_AVR1_metrics.csv_ENH-mband_py_N6_lin_AVR1_p092_emo_anger_sentences_Noise Recordings_Construction_Trucks_Unloading_SNR[5]dB_CLN-p092_emo_anger_sentences.csv,Construction
p092_emo_confusion_freeform,BASELINE_p092_emo_confusion_freeform_NOIZEUS_NOISE_DATASET_Construction_Trucks_Unloading_SNR[5]dB,16000,1.1362409591674805,5.014190196990967,0.6730671525001526,2.3884407792772566,4.057254154326409,1.7925783631554346,2.395434734256064,BASELINE_NOIZEUS_EARS_metrics.csv_ENH-BASELINE_p092_emo_confusion_freeform_NOIZEUS_NOISE_DATASET_Construction_Trucks_Unloading_SNR[5]dB_CLN-p092_emo_confusion_freeform.csv,mband_py_N6_lin_AVR1_8_p092_emo_confusion_freeform_NOIZEUS_NOISE_DATASET_Construction_Trucks_Unloading_SNR[5]dB,16000,1.4407039880752563,8.935445785522461,0.6767822504043579,2.6219567571367537,4.159233474898501,2.483602893796604,2.818500845851095,mband_py_N6_lin_AVR1_8_metrics.csv_ENH-mband_py_N6_lin_AVR1_8_p092_emo_confusion_freeform_NOIZEUS_NOISE_DATASET_Construction_Trucks_Unloading_SNR[5]dB_CLN-p092_emo_confusion_freeform.csv,mband_py_N6_lin_p092_emo_confusion_freeform_NOIZEUS_NOISE_DATASET_Construction_Trucks_Unloading_SNR[5]dB,16000,1.4518475532531738,9.611780166625977,0.6739043593406677,2.685674224581037,4.057387412356723,2.497179026285913,2.779981480185829,mband_py_N6_lin_metrics.csv_ENH-mband_py_N6_lin_p092_emo_confusion_freeform_NOIZEUS_NOISE_DATASET_Construction_Trucks_Unloading_SNR[5]dB_CLN-p092_emo_confusion_freeform.csv,mband_py_N6_lin_AVR1_p092_emo_confusion_freeform_Noise Recordings_Inside Flight_SNR[5]dB,16000,1.3366923332214355,8.935450553894043,0.6830185055732727,2.560993569237845,4.222045703100824,2.4300486788522377,2.81482861086618,mband_py_N6_lin_AVR1_metrics.csv_ENH-mband_py_N6_lin_AVR1_p092_emo_confusion_freeform_Noise Recordings_Inside Flight_SNR[5]dB_CLN-p092_emo_confusion_freeform.csv,Construction
p092_emo_confusion_sentences,BASELINE_p092_emo_confusion_sentences_NOIZEUS_NOISE_DATASET_Inside Flight_SNR[5]dB,16000,1.3481749296188354,4.986920356750488,0.5006161332130432,2.8088293075561523,3.965553456510679,2.47846623532828,2.6571909384516785,BASELINE_NOIZEUS_EARS_metrics.csv_ENH-BASELINE_p092_emo_confusion_sentences_NOIZEUS_NOISE_DATASET_Inside Flight_SNR[5]dB_CLN-p092_emo_confusion_sentences.csv,mband_py_N6_lin_AVR1_8_p092_emo_confusion_sentences_NOIZEUS_NOISE_DATASET_Inside Flight_SNR[5]dB,16000,1.5953986644744873,8.660738945007324,0.5134100914001465,2.781541109085083,4.031888391324149,3.176237215710916,3.134225408136261,mband_py_N6_lin_AVR1_8_metrics.csv_ENH-mband_py_N6_lin_AVR1_8_p092_emo_confusion_sentences_NOIZEUS_NOISE_DATASET_Inside Flight_SNR[5]dB_CLN-p092_emo_confusion_sentences.csv,mband_py_N6_lin_p092_emo_confusion_sentences_NOIZEUS_NOISE_DATASET_Inside Flight_SNR[5]dB,16000,1.5849857330322266,8.750932693481445,0.5110310316085815,2.74761700630188,3.968860498748689,3.305389691248487,3.1671681433741363,mband_py_N6_lin_metrics.csv_ENH-mband_py_N6_lin_p092_emo_confusion_sentences_NOIZEUS_NOISE_DATASET_Inside Flight_SNR[5]dB_CLN-p092_emo_confusion_sentences.csv,mband_py_N6_lin_AVR1_p092_emo_confusion_sentences_Noise Recordings_Inside Train_1_SNR[5]dB,16000,1.5649243593215942,7.5884480476379395,0.5108458995819092,2.6377694606781006,3.5573633541798486,2.5338810458057326,2.4622624136097184,mband_py_N6_lin_AVR1_metrics.csv_ENH-mband_py_N6_lin_AVR1_p092_emo_confusion_sentences_Noise Recordings_Inside Train_1_SNR[5]dB_CLN-p092_emo_confusion_sentences.csv,Flight
p092_emo_contentment_freeform,BASELINE_p092_emo_contentment_freeform_NOIZEUS_NOISE_DATASET_Inside Train_1_SNR[5]dB,16000,1.144642353057861,4.993890285491943,0.7538378834724426,2.917049748556954,3.951794630141464,2.3571005951877666,2.633090251017413,BASELINE_NOIZEUS_EARS_metrics.csv_ENH-BASELINE_p092_emo_contentment_freeform_NOIZEUS_NOISE_DATASET_Inside Train_1_SNR[5]dB_CLN-p092_emo_contentment_freeform.csv,mband_py_N6_lin_AVR1_8_p092_emo_contentment_freeform_NOIZEUS_NOISE_DATASET_Inside Train_1_SNR[5]dB,16000,1.2167255878448486,6.007637977600098,0.7700136303901672,2.85783314704895,3.58527471697099,2.2549146518350254,2.2446117066275746,mband_py_N6_lin_AVR1_8_metrics.csv_ENH-mband_py_N6_lin_AVR1_8_p092_emo_contentment_freeform_NOIZEUS_NOISE_DATASET_Inside Train_1_SNR[5]dB_CLN-p092_emo_contentment_freeform.csv,mband_py_N6_lin_p092_emo_contentment_freeform_NOIZEUS_NOISE_DATASET_Inside Train_1_SNR[5]dB,16000,1.209343671798706,5.651832103729248,0.7613927125930786,3.0484697818756104,3.981319465782613,2.37437478412687,2.615980296639639,mband_py_N6_lin_metrics.csv_ENH-mband_py_N6_lin_p092_emo_contentment_freeform_NOIZEUS_NOISE_DATASET_Inside Train_1_SNR[5]dB_CLN-p092_emo_contentment_freeform.csv,mband_py_N6_lin_AVR1_p092_emo_contentment_freeform_Noise Recordings_Inside Train_2_SNR[5]dB,16000,1.6428043842315674,6.986824989318848,0.7958268523216248,3.1897898401532854,2.793260896673836,2.7028903753539555,2.094955408209444,mband_py_N6_lin_AVR1_metrics.csv_ENH-mband_py_N6_lin_AVR1_p092_emo_contentment_freeform_Noise Recordings_Inside Train_2_SNR[5]dB_CLN-p092_emo_contentment_freeform.csv,Train
p092_emo_contentment_sentences,BASELINE_p092_emo_contentment_sentences_NOIZEUS_NOISE_DATASET_Inside Train_2_SNR[5]dB,16000,1.2281261682510376,4.944716453552246,0.7432219386100769,2.87857985496521,3.6920945206636895,2.241140155166131,2.360782563172789,BASELINE_NOIZEUS_EARS_metrics.csv_ENH-BASELINE_p092_emo_contentment_sentences_NOIZEUS_NOISE_DATASET_Inside Train_2_SNR[5]dB_CLN-p092_emo_contentment_sentences.csv,mband_py_N6_lin_AVR1_8_p092_emo_contentment_sentences_NOIZEUS_NOISE_DATASET_Inside Train_2_SNR[5]dB,16000,1.6663343906402588,8.984923362731934,0.7488646507263184,3.061784505844116,3.4213959163564875,2.8614387683938745,2.5657622502623187,mband_py_N6_lin_AVR1_8_metrics.csv_ENH-mband_py_N6_lin_AVR1_8_p092_emo_contentment_sentences_NOIZEUS_NOISE_DATASET_Inside Train_2_SNR[5]dB_CLN-p092_emo_contentment_sentences.csv,mband_py_N6_lin_p092_emo_contentment_sentences_NOIZEUS_NOISE_DATASET_Inside Train_2_SNR[5]dB,16000,1.5940651893615725,8.780834197998047,0.7436327934265137,3.0168392658233643,2.732003286501598,3.063416177634796,2.279264917252958,mband_py_N6_lin_metrics.csv_ENH-mband_py_N6_lin_p092_emo_contentment_sentences_NOIZEUS_NOISE_DATASET_Inside Train_2_SNR[5]dB_CLN-p092_emo_contentment_sentences.csv,mband_py_N6_lin_AVR1_p092_emo_contentment_sentences_Noise Recordings_Inside Train_3_SNR[5]dB,16000,1.4576365947723389,7.118092060089111,0.7247094511985779,3.052583694458008,2.641064382636565,2.976559650973112,2.1707717653122898,mband_py_N6_lin_AVR1_metrics.csv_ENH-mband_py_N6_lin_AVR1_p092_emo_contentment_sentences_Noise Recordings_Inside Train_3_SNR[5]dB_CLN-p092_emo_contentment_sentences.csv,Train
p092_emo_cuteness_freeform,BASELINE_p092_emo_cuteness_freeform_NOIZEUS_NOISE_DATASET_Inside Train_3_SNR[5]dB,16000,1.1110844612121582,5.008038520812988,0.6462132930755615,2.6366936683654787,4.193130961490691,2.101252993051141,2.4852800088022136,BASELINE_NOIZEUS_EARS_metrics.csv_ENH-BASELINE_p092_emo_cuteness_freeform_NOIZEUS_NOISE_DATASET_Inside Train_3_SNR[5]dB_CLN-p092_emo_cuteness_freeform.csv,mband_py_N6_lin_AVR1_8_p092_emo_cuteness_freeform_NOIZEUS_NOISE_DATASET_Inside Train_3_SNR[5]dB,16000,1.296453833580017,9.33558750152588,0.6420121788978577,2.5832987308502195,3.620624822654423,2.167990434975549,2.422274698299163,mband_py_N6_lin_AVR1_8_metrics.csv_ENH-mband_py_N6_lin_AVR1_8_p092_emo_cuteness_freeform_NOIZEUS_NOISE_DATASET_Inside Train_3_SNR[5]dB_CLN-p092_emo_cuteness_freeform.csv,mband_py_N6_lin_p092_emo_cuteness_freeform_NOIZEUS_NOISE_DATASET_Inside Train_3_SNR[5]dB,16000,1.250758409500122,8.35800552368164,0.6375464797019958,2.646044635772705,3.547633294079385,2.1901770818468465,2.4286779397484635,mband_py_N6_lin_metrics.csv_ENH-mband_py_N6_lin_p092_emo_cuteness_freeform_NOIZEUS_NOISE_DATASET_Inside Train_3_SNR[5]dB_CLN-p092_emo_cuteness_freeform.csv,mband_py_N6_lin_AVR1_p092_emo_cuteness_freeform_Noise Recordings_PC Fan Noise_SNR[5]dB,16000,1.4830594062805176,13.93837070465088,0.710906445980072,2.561996555328369,3.983345980016797,2.554667070313414,2.853502242825915,mband_py_N6_lin_AVR1_metrics.csv_ENH-mband_py_N6_lin_AVR1_p092_emo_cuteness_freeform_Noise Recordings_PC Fan Noise_SNR[5]dB_CLN-p092_emo_cuteness_freeform.csv,Train
p092_emo_cuteness_sentences,BASELINE_p092_emo_cuteness_sentences_NOIZEUS_NOISE_DATASET_PC Fan Noise_SNR[5]dB,16000,1.1085968017578125,5.000204563140869,0.7359492182731628,2.659536838531494,4.170729586244379,2.418429816895064,2.810385284406732,BASELINE_NOIZEUS_EARS_metrics.csv_ENH-BASELINE_p092_emo_cuteness_sentences_NOIZEUS_NOISE_DATASET_PC Fan Noise_SNR[5]dB_CLN-p092_emo_cuteness_sentences.csv,mband_py_N6_lin_AVR1_8_p092_emo_cuteness_sentences_NOIZEUS_NOISE_DATASET_PC Fan Noise_SNR[5]dB,16000,1.618884563446045,13.3457612991333,0.7432720065116882,2.8659671545028687,4.186894137054798,2.736526815726684,2.951814460328709,mband_py_N6_lin_AVR1_8_metrics.csv_ENH-mband_py_N6_lin_AVR1_8_p092_emo_cuteness_sentences_NOIZEUS_NOISE_DATASET_PC Fan Noise_SNR[5]dB_CLN-p092_emo_cuteness_sentences.csv,mband_py_N6_lin_p092_emo_cuteness_sentences_NOIZEUS_NOISE_DATASET_PC Fan Noise_SNR[5]dB,16000,1.5499954223632812,12.924535751342772,0.7422904372215271,2.785041570663452,4.250337691722969,2.662738663721524,3.004346263045674,mband_py_N6_lin_metrics.csv_ENH-mband_py_N6_lin_p092_emo_cuteness_sentences_NOIZEUS_NOISE_DATASET_PC Fan Noise_SNR[5]dB_CLN-p092_emo_cuteness_sentences.csv,mband_py_N6_lin_AVR1_p092_emo_cuteness_sentences_Noise Recordings_SSN_IEEE_SNR[5]dB,16000,1.358191728591919,10.46761417388916,0.6349190473556519,2.6593027114868164,3.426464051401145,2.570810725582925,2.538659172239757,mband_py_N6_lin_AVR1_metrics.csv_ENH-mband_py_N6_lin_AVR1_p092_emo_cuteness_sentences_Noise Recordings_SSN_IEEE_SNR[5]dB_CLN-p092_emo_cuteness_sentences.csv,Stationary
p092_emo_desire_freeform,BASELINE_p092_emo_desire_freeform_NOIZEUS_NOISE_DATASET_SSN_IEEE_SNR[5]dB,16000,1.089728593826294,5.002087593078613,0.702524721622467,2.5243990421295166,3.914153375592317,2.0925459594136924,2.4183726965319354,BASELINE_NOIZEUS_EARS_metrics.csv_ENH-BASELINE_p092_emo_desire_freeform_NOIZEUS_NOISE_DATASET_SSN_IEEE_SNR[5]dB_CLN-p092_emo_desire_freeform.csv,mband_py_N6_lin_AVR1_8_p092_emo_desire_freeform_NOIZEUS_NOISE_DATASET_SSN_IEEE_SNR[5]dB,16000,1.2997593879699707,7.568628311157227,0.7137542963027954,2.7317028443018594,3.998131060587336,2.828940362237096,2.883473555487362,mband_py_N6_lin_AVR1_8_metrics.csv_ENH-mband_py_N6_lin_AVR1_8_p092_emo_desire_freeform_NOIZEUS_NOISE_DATASET_SSN_IEEE_SNR[5]dB_CLN-p092_emo_desire_freeform.csv,mband_py_N6_lin_p092_emo_desire_freeform_NOIZEUS_NOISE_DATASET_SSN_IEEE_SNR[5]dB,16000,1.3050403594970703,7.98032808303833,0.7079803347587585,2.702596386273702,3.357194031556753,2.5973799120439502,2.3635606393531714,mband_py_N6_lin_metrics.csv_ENH-mband_py_N6_lin_p092_emo_desire_freeform_NOIZEUS_NOISE_DATASET_SSN_IEEE_SNR[5]dB_CLN-p092_emo_desire_freeform.csv,mband_py_N6_lin_AVR1_p092_emo_desire_freeform_Noise Recordings_Street Noise_SNR[5]dB,16000,1.3394883871078491,8.586193084716797,0.7104777693748474,2.8265227476755777,2.992909706612977,2.613655920184837,2.1541396256950085,mband_py_N6_lin_AVR1_metrics.csv_ENH-mband_py_N6_lin_AVR1_p092_emo_desire_freeform_Noise Recordings_Street Noise_SNR[5]dB_CLN-p092_emo_desire_freeform.csv,Stationary
p092_emo_desire_sentences,BASELINE_p092_emo_desire_sentences_NOIZEUS_NOISE_DATASET_Street Noise_SNR[5]dB,16000,1.2084531784057615,4.996852874755859,0.6806891560554504,2.6312081813812256,3.811826219224997,2.48911054911319,2.5077782842719087,BASELINE_NOIZEUS_EARS_metrics.csv_ENH-BASELINE_p092_emo_desire_sentences_NOIZEUS_NOISE_DATASET_Street Noise_SNR[5]dB_CLN-p092_emo_desire_sentences.csv,mband_py_N6_lin_AVR1_8_p092_emo_desire_sentences_NOIZEUS_NOISE_DATASET_Street Noise_SNR[5]dB,16000,1.5536119937896729,8.755410194396973,0.7006737589836121,2.801068147023519,3.139553265443935,3.047891771962039,2.3911659501551257,mband_py_N6_lin_AVR1_8_metrics.csv_ENH-mband_py_N6_lin_AVR1_8_p092_emo_desire_sentences_NOIZEUS_NOISE_DATASET_Street Noise_SNR[5]dB_CLN-p092_emo_desire_sentences.csv,mband_py_N6_lin_p092_emo_desire_sentences_NOIZEUS_NOISE_DATASET_Street Noise_SNR[5]dB,16000,1.5350956916809082,8.484025001525879,0.6939072012901306,2.8610430558522544,3.333267794894265,2.777670154957798,2.4612010208287054,mband_py_N6_lin_metrics.csv_ENH-mband_py_N6_lin_p092_emo_desire_sentences_NOIZEUS_NOISE_DATASET_Street Noise_SNR[5]dB_CLN-p092_emo_desire_sentences.csv,mband_py_N6_lin_AVR1_p092_emo_desire_sentences_Noise Recordings_Street Noise_downtown_SNR[5]dB,16000,1.4736220836639404,8.778528213500977,0.6969107985496521,3.062835216522217,3.902964948434171,2.5275869663662074,2.671358234655658,mband_py_N6_lin_AVR1_metrics.csv_ENH-mband_py_N6_lin_AVR1_p092_emo_desire_sentences_Noise Recordings_Street Noise_downtown_SNR[5]dB_CLN-p092_emo_desire_sentences.csv,Street
p092_emo_disappointment_freeform,BASELINE_p092_emo_disappointment_freeform_NOIZEUS_NOISE_DATASET_Street Noise_downtown_SNR[5]dB,16000,1.2262486219406128,5.009315490722656,0.7373664975166321,2.562143564224243,4.172790446837565,2.0656821754377512,2.4758848009649195,BASELINE_NOIZEUS_EARS_metrics.csv_ENH-BASELINE_p092_emo_disappointment_freeform_NOIZEUS_NOISE_DATASET_Street Noise_downtown_SNR[5]dB_CLN-p092_emo_disappointment_freeform.csv,mband_py_N6_lin_AVR1_8_p092_emo_disappointment_freeform_NOIZEUS_NOISE_DATASET_Street Noise_downtown_SNR[5]dB,16000,1.4640284776687622,9.380298614501951,0.7536265850067139,2.721261637551444,4.216307603522918,2.826432046956475,3.0037734287269373,mband_py_N6_lin_AVR1_8_metrics.csv_ENH-mband_py_N6_lin_AVR1_8_p092_emo_disappointment_freeform_NOIZEUS_NOISE_DATASET_Street Noise_downtown_SNR[5]dB_CLN-p092_emo_disappointment_freeform.csv,mband_py_N6_lin_p092_emo_disappointment_freeform_NOIZEUS_NOISE_DATASET_Street Noise_downtown_SNR[5]dB,16000,1.4113399982452393,8.662745475769043,0.7469611167907715,2.5010574885777066,3.8375431590951607,2.4350692735093205,2.6887167596530737,mband_py_N6_lin_metrics.csv_ENH-mband_py_N6_lin_p092_emo_disappointment_freeform_NOIZEUS_NOISE_DATASET_Street Noise_downtown_SNR[5]dB_CLN-p092_emo_disappointment_freeform.csv,mband_py_N6_lin_AVR1_p092_emo_disappointment_freeform_Noise Recordings_Train1_SNR[5]dB,16000,1.292062759399414,4.932013988494873,0.7615812420845032,3.026251895087106,4.179039469766578,2.4709218376591977,2.74044461118744,mband_py_N6_lin_AVR1_metrics.csv_ENH-mband_py_N6_lin_AVR1_p092_emo_disappointment_freeform_Noise Recordings_Train1_SNR[5]dB_CLN-p092_emo_disappointment_freeform.csv,Street
p092_emo_disappointment_sentences,BASELINE_p092_emo_disappointment_sentences_NOIZEUS_NOISE_DATASET_Train1_SNR[5]dB,16000,1.163309931755066,4.996565818786621,0.6903466582298279,2.761068642139435,4.232750839077994,2.066483073987045,2.5095589654384485,BASELINE_NOIZEUS_EARS_metrics.csv_ENH-BASELINE_p092_emo_disappointment_sentences_NOIZEUS_NOISE_DATASET_Train1_SNR[5]dB_CLN-p092_emo_disappointment_sentences.csv,mband_py_N6_lin_AVR1_8_p092_emo_disappointment_sentences_NOIZEUS_NOISE_DATASET_Train1_SNR[5]dB,16000,1.307098627090454,4.956308841705322,0.6946914792060852,2.82345312833786,4.134825573470031,2.48797702705037,2.741342846334636,mband_py_N6_lin_AVR1_8_metrics.csv_ENH-mband_py_N6_lin_AVR1_8_p092_emo_disappointment_sentences_NOIZEUS_NOISE_DATASET_Train1_SNR[5]dB_CLN-p092_emo_disappointment_sentences.csv,mband_py_N6_lin_p092_emo_disappointment_sentences_NOIZEUS_NOISE_DATASET_Train1_SNR[5]dB,16000,1.2834467887878418,4.792022228240967,0.6902962923049927,2.940645396709442,4.220286346816885,2.374007727591355,2.748926980882662,mband_py_N6_lin_metrics.csv_ENH-mband_py_N6_lin_p092_emo_disappointment_sentences_NOIZEUS_NOISE_DATASET_Train1_SNR[5]dB_CLN-p092_emo_disappointment_sentences.csv,mband_py_N6_lin_AVR1_p092_emo_disappointment_sentences_Noise Recordings_Train2_SNR[5]dB,16000,1.2171289920806885,7.889466285705566,0.6867036819458008,2.8109772205352783,3.987162294895088,2.674713303244082,2.7911215489425194,mband_py_N6_lin_AVR1_metrics.csv_ENH-mband_py_N6_lin_AVR1_p092_emo_disappointment_sentences_Noise Recordings_Train2_SNR[5]dB_CLN-p092_emo_disappointment_sentences.csv,Train
p092_emo_disgust_freeform,BASELINE_p092_emo_disgust_freeform_NOIZEUS_NOISE_DATASET_Train2_SNR[5]dB,16000,1.2137963771820068,4.983411312103272,0.7829350233078003,2.585458585194179,4.054625100320766,1.8002444961310022,2.204110242633543,BASELINE_NOIZEUS_EARS_metrics.csv_ENH-BASELINE_p092_emo_disgust_freeform_NOIZEUS_NOISE_DATASET_Train2_SNR[5]dB_CLN-p092_emo_disgust_freeform.csv,mband_py_N6_lin_AVR1_8_p092_emo_disgust_freeform_NOIZEUS_NOISE_DATASET_Train2_SNR[5]dB,16000,1.2349166870117188,4.494801044464111,0.784468412399292,2.7554051194872176,4.009675009992275,1.8762651589999984,2.25432672749988,mband_py_N6_lin_AVR1_8_metrics.csv_ENH-mband_py_N6_lin_AVR1_8_p092_emo_disgust_freeform_NOIZEUS_NOISE_DATASET_Train2_SNR[5]dB_CLN-p092_emo_disgust_freeform.csv,mband_py_N6_lin_p092_emo_disgust_freeform_NOIZEUS_NOISE_DATASET_Train2_SNR[5]dB,16000,1.230081558227539,4.578100681304932,0.7807854413986206,2.8058211462838307,3.82472090347216,1.744737480752023,2.0664116928588894,mband_py_N6_lin_metrics.csv_ENH-mband_py_N6_lin_p092_emo_disgust_freeform_NOIZEUS_NOISE_DATASET_Train2_SNR[5]dB_CLN-p092_emo_disgust_freeform.csv,mband_py_N6_lin_AVR1_p092_emo_disgust_freeform_Noise Recordings_Water Cooler_SNR[5]dB,16000,1.634207248687744,9.915470123291016,0.808673083782196,2.858768258775984,4.011210950543638,2.5912154284321534,2.884970703144328,mband_py_N6_lin_AVR1_metrics.csv_ENH-mband_py_N6_lin_AVR1_p092_emo_disgust_freeform_Noise Recordings_Water Cooler_SNR[5]dB_CLN-p092_emo_disgust_freeform.csv,Train
p092_emo_disgust_sentences,BASELINE_p092_emo_disgust_sentences_NOIZEUS_NOISE_DATASET_Water Cooler_SNR[5]dB,16000,1.467659831047058,5.029955387115479,0.7061495184898376,2.937587261199951,4.515652095539831,2.535336182887235,3.077178217212429,BASELINE_NOIZEUS_EARS_metrics.csv_ENH-BASELINE_p092_emo_disgust_sentences_NOIZEUS_NOISE_DATASET_Water Cooler_SNR[5]dB_CLN-p092_emo_disgust_sentences.csv,mband_py_N6_lin_AVR1_8_p092_emo_disgust_sentences_NOIZEUS_NOISE_DATASET_Water Cooler_SNR[5]dB,16000,1.868203401565552,9.500696182250977,0.71712327003479,2.9269497871398924,4.078759258520529,2.581716682677433,2.8474393140081937,mband_py_N6_lin_AVR1_8_metrics.csv_ENH-mband_py_N6_lin_AVR1_8_p092_emo_disgust_sentences_NOIZEUS_NOISE_DATASET_Water Cooler_SNR[5]dB_CLN-p092_emo_disgust_sentences.csv,mband_py_N6_lin_p092_emo_disgust_sentences_NOIZEUS_NOISE_DATASET_Water Cooler_SNR[5]dB,16000,1.8434629440307613,9.398877143859863,0.7115961909294128,2.889245414733886,4.083964670890592,2.5097983772849286,2.855035893328701,mband_py_N6_lin_metrics.csv_ENH-mband_py_N6_lin_p092_emo_disgust_sentences_NOIZEUS_NOISE_DATASET_Water Cooler_SNR[5]dB_CLN-p092_emo_disgust_sentences.csv,mband_py_N6_lin_AVR1_p092_emo_disgust_sentences_Noise Recordings_cafeteria_babble_SNR[5]dB,16000,1.5600682497024536,7.733288764953613,0.678581178188324,2.740668678283692,3.574050373182658,2.018164070341259,2.269546218831385,mband_py_N6_lin_AVR1_metrics.csv_ENH-mband_py_N6_lin_AVR1_p092_emo_disgust_sentences_Noise Recordings_cafeteria_babble_SNR[5]dB_CLN-p092_emo_disgust_sentences.csv,Stationary
