clean_file,enhanced_file,sampling_rate,PESQ_Noisy,SI_SDR_Noisy,STOI_Noisy,DNSMOS_p808_mos_Noisy,DNSMOS_mos_sig_Noisy,DNSMOS_mos_bak_Noisy,DNSMOS_mos_ovr_Noisy,source_file,enhanced_file_specsub,sampling_rate_specsub,PESQ_specsub,SI_SDR_specsub,STOI_specsub,DNSMOS_p808_mos_specsub,DNSMOS_mos_sig_specsub,DNSMOS_mos_bak_specsub,DNSMOS_mos_ovr_specsub,source_file_specsub,enhanced_file_ss_rdc,sampling_rate_ss_rdc,PESQ_ss_rdc,SI_SDR_ss_rdc,STOI_ss_rdc,DNSMOS_p808_mos_ss_rdc,DNSMOS_mos_sig_ss_rdc,DNSMOS_mos_bak_ss_rdc,DNSMOS_mos_ovr_ss_rdc,source_file_ss_rdc,enhanced_file_ss_rdc_og,sampling_rate_ss_rdc_og,PESQ_ss_rdc_og,SI_SDR_ss_rdc_og,STOI_ss_rdc_og,DNSMOS_p808_mos_ss_rdc_og,DNSMOS_mos_sig_ss_rdc_og,DNSMOS_mos_bak_ss_rdc_og,DNSMOS_mos_ovr_ss_rdc_og,source_file_ss_rdc_og,noise_category
p092_emo_adoration_freeform,BASELINE_p092_emo_adoration_freeform_NOIZEUS_NOISE_DATASET_cafeteria_babble_SNR[10]dB,16000,1.2571046352386477,10.006136894226074,0.8183255195617676,2.9504959980646768,4.2819570604019965,2.5549878304179576,2.8716083228014333,BASELINE_NOIZEUS_EARS_metrics.csv_ENH-BASELINE_p092_emo_adoration_freeform_NOIZEUS_NOISE_DATASET_cafeteria_babble_SNR[10]dB_CLN-p092_emo_adoration_freeform.csv,specsub_p092_emo_adoration_freeform_NOIZEUS_NOISE_DATASET_cafeteria_babble_SNR[10]dB,16000,1.437886357307434,10.242227554321287,0.7843815088272095,2.724534034729004,2.904475279313733,2.29907407216948,1.8826110115681287,specsub_metrics.csv_ENH-specsub_p092_emo_adoration_freeform_NOIZEUS_NOISE_DATASET_cafeteria_babble_SNR[10]dB_CLN-p092_emo_adoration_freeform.csv,ss_rdc_p092_emo_adoration_freeform_NOIZEUS_NOISE_DATASET_cafeteria_babble_SNR[10]dB,16000,1.3814539909362793,10.724077224731444,0.8211476802825928,2.8065258661905923,3.576145187758097,2.513849636677748,2.3804339404106583,ss_rdc_metrics.csv_ENH-ss_rdc_p092_emo_adoration_freeform_NOIZEUS_NOISE_DATASET_cafeteria_babble_SNR[10]dB_CLN-p092_emo_adoration_freeform.csv,ss_rdc_og_p092_emo_adoration_freeform_NOIZEUS_NOISE_DATASET_cafeteria_babble_SNR[10]dB,16000,1.3809866905212402,-26.7597770690918,0.8159326910972595,2.8078254063924155,3.583606212652978,2.503326154663272,2.3799667791048447,ss_rdc_og_metrics.csv_ENH-ss_rdc_og_p092_emo_adoration_freeform_NOIZEUS_NOISE_DATASET_cafeteria_babble_SNR[10]dB_CLN-p092_emo_adoration_freeform.csv,Babble
p092_emo_adoration_sentences,BASELINE_p092_emo_adoration_sentences_NOIZEUS_NOISE_DATASET_Car Noise_60mph_SNR[10]dB,16000,1.3636733293533323,10.001256942749023,0.7813839912414551,3.583858387810843,3.7513525593279295,2.988928388919516,2.810381780647412,BASELINE_NOIZEUS_EARS_metrics.csv_ENH-BASELINE_p092_emo_adoration_sentences_NOIZEUS_NOISE_DATASET_Car Noise_60mph_SNR[10]dB_CLN-p092_emo_adoration_sentences.csv,specsub_p092_emo_adoration_sentences_NOIZEUS_NOISE_DATASET_Car Noise_60mph_SNR[10]dB,16000,1.5023086071014404,11.193038940429688,0.7497472763061523,3.053530318396432,2.91822210679968,3.2853303390040702,2.375366461382688,specsub_metrics.csv_ENH-specsub_p092_emo_adoration_sentences_NOIZEUS_NOISE_DATASET_Car Noise_60mph_SNR[10]dB_CLN-p092_emo_adoration_sentences.csv,ss_rdc_p092_emo_adoration_sentences_NOIZEUS_NOISE_DATASET_Car Noise_60mph_SNR[10]dB,16000,1.5479648113250732,11.49989891052246,0.7681806683540344,3.4646011761256625,3.4314335761188346,3.3479056275500225,2.741640316900768,ss_rdc_metrics.csv_ENH-ss_rdc_p092_emo_adoration_sentences_NOIZEUS_NOISE_DATASET_Car Noise_60mph_SNR[10]dB_CLN-p092_emo_adoration_sentences.csv,ss_rdc_og_p092_emo_adoration_sentences_NOIZEUS_NOISE_DATASET_Car Noise_60mph_SNR[10]dB,16000,1.543536901473999,-34.863826751708984,0.7632279992103577,3.4633879320962087,3.429621513184294,3.307907984964035,2.722025573049037,ss_rdc_og_metrics.csv_ENH-ss_rdc_og_p092_emo_adoration_sentences_NOIZEUS_NOISE_DATASET_Car Noise_60mph_SNR[10]dB_CLN-p092_emo_adoration_sentences.csv,Car
p092_emo_amazement_freeform,BASELINE_p092_emo_amazement_freeform_NOIZEUS_NOISE_DATASET_Car Noise_Idle Noise_40mph_SNR[10]dB,16000,1.2401374578475952,10.001498222351074,0.826603353023529,3.0409134796687534,4.046293895684923,2.1822543034817072,2.6393700481461635,BASELINE_NOIZEUS_EARS_metrics.csv_ENH-BASELINE_p092_emo_amazement_freeform_NOIZEUS_NOISE_DATASET_Car Noise_Idle Noise_40mph_SNR[10]dB_CLN-p092_emo_amazement_freeform.csv,specsub_p092_emo_amazement_freeform_NOIZEUS_NOISE_DATASET_Car Noise_Idle Noise_40mph_SNR[10]dB,16000,1.5496530532836914,14.387184143066406,0.7941901683807373,2.747465235846384,2.356860611787963,3.037427538169492,2.059339092795987,specsub_metrics.csv_ENH-specsub_p092_emo_amazement_freeform_NOIZEUS_NOISE_DATASET_Car Noise_Idle Noise_40mph_SNR[10]dB_CLN-p092_emo_amazement_freeform.csv,ss_rdc_p092_emo_amazement_freeform_NOIZEUS_NOISE_DATASET_Car Noise_Idle Noise_40mph_SNR[10]dB,16000,1.355017900466919,12.788189888000488,0.7994511723518372,2.844205141067505,3.0826339226666515,2.982721893224211,2.449681705383687,ss_rdc_metrics.csv_ENH-ss_rdc_p092_emo_amazement_freeform_NOIZEUS_NOISE_DATASET_Car Noise_Idle Noise_40mph_SNR[10]dB_CLN-p092_emo_amazement_freeform.csv,ss_rdc_og_p092_emo_amazement_freeform_NOIZEUS_NOISE_DATASET_Car Noise_Idle Noise_40mph_SNR[10]dB,16000,1.350989818572998,-39.91409683227539,0.7950666546821594,2.8445372581481934,3.1008796353632984,3.005367959688648,2.4701742075664432,ss_rdc_og_metrics.csv_ENH-ss_rdc_og_p092_emo_amazement_freeform_NOIZEUS_NOISE_DATASET_Car Noise_Idle Noise_40mph_SNR[10]dB_CLN-p092_emo_amazement_freeform.csv,Car
p092_emo_amazement_sentences,BASELINE_p092_emo_amazement_sentences_NOIZEUS_NOISE_DATASET_Car Noise_Idle Noise_60mph_SNR[10]dB,16000,1.3679763078689575,10.004655838012695,0.7819167375564575,3.239153861999512,4.002170276515763,2.6752531186356165,2.8159870437754657,BASELINE_NOIZEUS_EARS_metrics.csv_ENH-BASELINE_p092_emo_amazement_sentences_NOIZEUS_NOISE_DATASET_Car Noise_Idle Noise_60mph_SNR[10]dB_CLN-p092_emo_amazement_sentences.csv,specsub_p092_emo_amazement_sentences_NOIZEUS_NOISE_DATASET_Car Noise_Idle Noise_60mph_SNR[10]dB,16000,1.4328253269195557,13.165298461914062,0.7493289709091187,2.7011096477508545,2.3216172122376806,3.228461627880829,2.0317286397494065,specsub_metrics.csv_ENH-specsub_p092_emo_amazement_sentences_NOIZEUS_NOISE_DATASET_Car Noise_Idle Noise_60mph_SNR[10]dB_CLN-p092_emo_amazement_sentences.csv,ss_rdc_p092_emo_amazement_sentences_NOIZEUS_NOISE_DATASET_Car Noise_Idle Noise_60mph_SNR[10]dB,16000,1.5250957012176514,13.020036697387695,0.7623607516288757,2.839279890060425,2.872538321170879,2.4494586939690164,2.04942995135197,ss_rdc_metrics.csv_ENH-ss_rdc_p092_emo_amazement_sentences_NOIZEUS_NOISE_DATASET_Car Noise_Idle Noise_60mph_SNR[10]dB_CLN-p092_emo_amazement_sentences.csv,ss_rdc_og_p092_emo_amazement_sentences_NOIZEUS_NOISE_DATASET_Car Noise_Idle Noise_60mph_SNR[10]dB,16000,1.5238275527954102,-28.465763092041016,0.767823338508606,2.8387646675109863,2.8831378184532697,2.463231218109173,2.0610790112053787,ss_rdc_og_metrics.csv_ENH-ss_rdc_og_p092_emo_amazement_sentences_NOIZEUS_NOISE_DATASET_Car Noise_Idle Noise_60mph_SNR[10]dB_CLN-p092_emo_amazement_sentences.csv,Car
p092_emo_amusement_freeform,BASELINE_p092_emo_amusement_freeform_NOIZEUS_NOISE_DATASET_Construction_Crane_Moving_SNR[10]dB,16000,1.1469866037368774,9.995140075683594,0.7797783017158508,2.602789878845215,4.180889616215557,1.7466038265418464,2.334805237782782,BASELINE_NOIZEUS_EARS_metrics.csv_ENH-BASELINE_p092_emo_amusement_freeform_NOIZEUS_NOISE_DATASET_Construction_Crane_Moving_SNR[10]dB_CLN-p092_emo_amusement_freeform.csv,specsub_p092_emo_amusement_freeform_NOIZEUS_NOISE_DATASET_Construction_Crane_Moving_SNR[10]dB,16000,1.230273723602295,12.305322647094728,0.7643897533416748,2.3856693506240845,3.105791712375236,2.200142009454784,2.148360848161624,specsub_metrics.csv_ENH-specsub_p092_emo_amusement_freeform_NOIZEUS_NOISE_DATASET_Construction_Crane_Moving_SNR[10]dB_CLN-p092_emo_amusement_freeform.csv,ss_rdc_p092_emo_amusement_freeform_NOIZEUS_NOISE_DATASET_Construction_Crane_Moving_SNR[10]dB,16000,1.171336054801941,10.193472862243652,0.7542744278907776,2.522283673286438,3.5657071906926388,2.042479054669493,2.2360997708025194,ss_rdc_metrics.csv_ENH-ss_rdc_p092_emo_amusement_freeform_NOIZEUS_NOISE_DATASET_Construction_Crane_Moving_SNR[10]dB_CLN-p092_emo_amusement_freeform.csv,ss_rdc_og_p092_emo_amusement_freeform_NOIZEUS_NOISE_DATASET_Construction_Crane_Moving_SNR[10]dB,16000,1.1722614765167236,-20.799701690673828,0.7516235709190369,2.520873665809632,3.5425570517390987,2.050875211195062,2.2271065286531546,ss_rdc_og_metrics.csv_ENH-ss_rdc_og_p092_emo_amusement_freeform_NOIZEUS_NOISE_DATASET_Construction_Crane_Moving_SNR[10]dB_CLN-p092_emo_amusement_freeform.csv,Construction
p092_emo_amusement_sentences,BASELINE_p092_emo_amusement_sentences_NOIZEUS_NOISE_DATASET_Construction_Drilling_SNR[10]dB,16000,1.190131425857544,9.986186981201172,0.8226237893104553,2.9148478507995605,4.17400989551109,2.0591351153692763,2.5909738184364994,BASELINE_NOIZEUS_EARS_metrics.csv_ENH-BASELINE_p092_emo_amusement_sentences_NOIZEUS_NOISE_DATASET_Construction_Drilling_SNR[10]dB_CLN-p092_emo_amusement_sentences.csv,specsub_p092_emo_amusement_sentences_NOIZEUS_NOISE_DATASET_Construction_Drilling_SNR[10]dB,16000,1.371133804321289,12.862491607666016,0.8048564195632935,2.651293595631917,2.4279599392888187,1.9686512481186167,1.7439359884870915,specsub_metrics.csv_ENH-specsub_p092_emo_amusement_sentences_NOIZEUS_NOISE_DATASET_Construction_Drilling_SNR[10]dB_CLN-p092_emo_amusement_sentences.csv,ss_rdc_p092_emo_amusement_sentences_NOIZEUS_NOISE_DATASET_Construction_Drilling_SNR[10]dB,16000,1.2629889249801636,10.847167015075684,0.8189762830734253,2.862102508544922,3.020015871341052,2.4755498256833905,2.236868132012716,ss_rdc_metrics.csv_ENH-ss_rdc_p092_emo_amusement_sentences_NOIZEUS_NOISE_DATASET_Construction_Drilling_SNR[10]dB_CLN-p092_emo_amusement_sentences.csv,ss_rdc_og_p092_emo_amusement_sentences_NOIZEUS_NOISE_DATASET_Construction_Drilling_SNR[10]dB,16000,1.2573575973510742,-47.0555534362793,0.8137122988700867,2.862733761469523,3.0667072047286443,2.452706607195236,2.246779998503722,ss_rdc_og_metrics.csv_ENH-ss_rdc_og_p092_emo_amusement_sentences_NOIZEUS_NOISE_DATASET_Construction_Drilling_SNR[10]dB_CLN-p092_emo_amusement_sentences.csv,Construction
p092_emo_anger_freeform,BASELINE_p092_emo_anger_freeform_NOIZEUS_NOISE_DATASET_Construction_Jackhammer1_SNR[10]dB,16000,1.279777765274048,9.9937105178833,0.8684242963790894,2.6609279768807546,4.129354186479318,1.602348650511887,2.189126879153644,BASELINE_NOIZEUS_EARS_metrics.csv_ENH-BASELINE_p092_emo_anger_freeform_NOIZEUS_NOISE_DATASET_Construction_Jackhammer1_SNR[10]dB_CLN-p092_emo_anger_freeform.csv,specsub_p092_emo_anger_freeform_NOIZEUS_NOISE_DATASET_Construction_Jackhammer1_SNR[10]dB,16000,1.2026164531707764,11.362728118896484,0.8531442284584045,2.359329462051392,3.277934466063196,1.5804517363990038,1.83800078562263,specsub_metrics.csv_ENH-specsub_p092_emo_anger_freeform_NOIZEUS_NOISE_DATASET_Construction_Jackhammer1_SNR[10]dB_CLN-p092_emo_anger_freeform.csv,ss_rdc_p092_emo_anger_freeform_NOIZEUS_NOISE_DATASET_Construction_Jackhammer1_SNR[10]dB,16000,1.259685754776001,9.903280258178713,0.8466153144836426,2.5694760595049178,3.881337409054662,1.686949128092032,2.0974354216532034,ss_rdc_metrics.csv_ENH-ss_rdc_p092_emo_anger_freeform_NOIZEUS_NOISE_DATASET_Construction_Jackhammer1_SNR[10]dB_CLN-p092_emo_anger_freeform.csv,ss_rdc_og_p092_emo_anger_freeform_NOIZEUS_NOISE_DATASET_Construction_Jackhammer1_SNR[10]dB,16000,1.259789228439331,-31.47602844238281,0.8428592085838318,2.568634850638253,3.882635388046494,1.6889246334566697,2.1023511147717406,ss_rdc_og_metrics.csv_ENH-ss_rdc_og_p092_emo_anger_freeform_NOIZEUS_NOISE_DATASET_Construction_Jackhammer1_SNR[10]dB_CLN-p092_emo_anger_freeform.csv,Construction
p092_emo_anger_sentences,BASELINE_p092_emo_anger_sentences_NOIZEUS_NOISE_DATASET_Construction_Jackhammer2_SNR[10]dB,16000,1.282923936843872,9.999710083007812,0.7816140651702881,2.755706139973232,3.9660502486584384,1.7629714484854435,2.183239011302744,BASELINE_NOIZEUS_EARS_metrics.csv_ENH-BASELINE_p092_emo_anger_sentences_NOIZEUS_NOISE_DATASET_Construction_Jackhammer2_SNR[10]dB_CLN-p092_emo_anger_sentences.csv,specsub_p092_emo_anger_sentences_NOIZEUS_NOISE_DATASET_Construction_Jackhammer2_SNR[10]dB,16000,1.248416543006897,11.780794143676758,0.7699561715126038,2.3016832215445384,2.036360367257236,2.0761390848307344,1.6232144549744574,specsub_metrics.csv_ENH-specsub_p092_emo_anger_sentences_NOIZEUS_NOISE_DATASET_Construction_Jackhammer2_SNR[10]dB_CLN-p092_emo_anger_sentences.csv,ss_rdc_p092_emo_anger_sentences_NOIZEUS_NOISE_DATASET_Construction_Jackhammer2_SNR[10]dB,16000,1.262433409690857,10.858697891235352,0.7639424800872803,2.3072333335876465,2.216386105173413,2.1226086150322847,1.5367441813419802,ss_rdc_metrics.csv_ENH-ss_rdc_p092_emo_anger_sentences_NOIZEUS_NOISE_DATASET_Construction_Jackhammer2_SNR[10]dB_CLN-p092_emo_anger_sentences.csv,ss_rdc_og_p092_emo_anger_sentences_NOIZEUS_NOISE_DATASET_Construction_Jackhammer2_SNR[10]dB,16000,1.2717440128326416,-18.35391998291016,0.7565605044364929,2.307739904948644,2.210847861745493,2.1200662594581887,1.5363697198171389,ss_rdc_og_metrics.csv_ENH-ss_rdc_og_p092_emo_anger_sentences_NOIZEUS_NOISE_DATASET_Construction_Jackhammer2_SNR[10]dB_CLN-p092_emo_anger_sentences.csv,Construction
p092_emo_confusion_freeform,BASELINE_p092_emo_confusion_freeform_NOIZEUS_NOISE_DATASET_Construction_Trucks_Unloading_SNR[10]dB,16000,1.2665926218032837,10.00136947631836,0.7234839200973511,2.667322431291853,4.430448183459,2.1661660755807493,2.740858537799542,BASELINE_NOIZEUS_EARS_metrics.csv_ENH-BASELINE_p092_emo_confusion_freeform_NOIZEUS_NOISE_DATASET_Construction_Trucks_Unloading_SNR[10]dB_CLN-p092_emo_confusion_freeform.csv,specsub_p092_emo_confusion_freeform_NOIZEUS_NOISE_DATASET_Construction_Trucks_Unloading_SNR[10]dB,16000,1.4897875785827637,12.302613258361816,0.6823872923851013,2.517822333744594,3.0373262717286087,2.1266225672637304,1.9757782330339544,specsub_metrics.csv_ENH-specsub_p092_emo_confusion_freeform_NOIZEUS_NOISE_DATASET_Construction_Trucks_Unloading_SNR[10]dB_CLN-p092_emo_confusion_freeform.csv,ss_rdc_p092_emo_confusion_freeform_NOIZEUS_NOISE_DATASET_Construction_Trucks_Unloading_SNR[10]dB,16000,1.360640525817871,10.072803497314451,0.6821092367172241,2.815908125468663,4.069142559991862,2.2939530139131112,2.6390958385748378,ss_rdc_metrics.csv_ENH-ss_rdc_p092_emo_confusion_freeform_NOIZEUS_NOISE_DATASET_Construction_Trucks_Unloading_SNR[10]dB_CLN-p092_emo_confusion_freeform.csv,ss_rdc_og_p092_emo_confusion_freeform_NOIZEUS_NOISE_DATASET_Construction_Trucks_Unloading_SNR[10]dB,16000,1.3591433763504028,-22.55931663513184,0.6806907057762146,2.816693203789847,4.065350195359242,2.291171878453788,2.6395956811758894,ss_rdc_og_metrics.csv_ENH-ss_rdc_og_p092_emo_confusion_freeform_NOIZEUS_NOISE_DATASET_Construction_Trucks_Unloading_SNR[10]dB_CLN-p092_emo_confusion_freeform.csv,Construction
p092_emo_confusion_sentences,BASELINE_p092_emo_confusion_sentences_NOIZEUS_NOISE_DATASET_Inside Flight_SNR[10]dB,16000,1.5674223899841309,9.998577117919922,0.5338023900985718,2.866163730621338,4.010786506507872,2.6840549493406387,2.808424258680362,BASELINE_NOIZEUS_EARS_metrics.csv_ENH-BASELINE_p092_emo_confusion_sentences_NOIZEUS_NOISE_DATASET_Inside Flight_SNR[10]dB_CLN-p092_emo_confusion_sentences.csv,specsub_p092_emo_confusion_sentences_NOIZEUS_NOISE_DATASET_Inside Flight_SNR[10]dB,16000,2.0878050327301025,12.514491081237791,0.5447083711624146,2.397857189178467,2.559425421500474,3.020334528808674,2.067785517675292,specsub_metrics.csv_ENH-specsub_p092_emo_confusion_sentences_NOIZEUS_NOISE_DATASET_Inside Flight_SNR[10]dB_CLN-p092_emo_confusion_sentences.csv,ss_rdc_p092_emo_confusion_sentences_NOIZEUS_NOISE_DATASET_Inside Flight_SNR[10]dB,16000,1.6182548999786377,10.811456680297852,0.5452866554260254,2.734586238861084,3.5657729564364344,3.234471030066024,2.710759123375252,ss_rdc_metrics.csv_ENH-ss_rdc_p092_emo_confusion_sentences_NOIZEUS_NOISE_DATASET_Inside Flight_SNR[10]dB_CLN-p092_emo_confusion_sentences.csv,ss_rdc_og_p092_emo_confusion_sentences_NOIZEUS_NOISE_DATASET_Inside Flight_SNR[10]dB,16000,1.614798903465271,-24.51752662658692,0.5416684150695801,2.7287087440490723,3.566164464477168,3.234971239805072,2.712498390194574,ss_rdc_og_metrics.csv_ENH-ss_rdc_og_p092_emo_confusion_sentences_NOIZEUS_NOISE_DATASET_Inside Flight_SNR[10]dB_CLN-p092_emo_confusion_sentences.csv,Flight
p092_emo_contentment_freeform,BASELINE_p092_emo_contentment_freeform_NOIZEUS_NOISE_DATASET_Inside Train_1_SNR[10]dB,16000,1.2958248853683472,9.98646640777588,0.8147104382514954,3.061474663870676,3.977994818238481,2.634985277203743,2.6915298488553896,BASELINE_NOIZEUS_EARS_metrics.csv_ENH-BASELINE_p092_emo_contentment_freeform_NOIZEUS_NOISE_DATASET_Inside Train_1_SNR[10]dB_CLN-p092_emo_contentment_freeform.csv,specsub_p092_emo_contentment_freeform_NOIZEUS_NOISE_DATASET_Inside Train_1_SNR[10]dB,16000,1.5912296772003174,10.8982572555542,0.8033927083015442,2.765876531600952,3.3839692697745254,2.6028202713560304,2.3596726914463133,specsub_metrics.csv_ENH-specsub_p092_emo_contentment_freeform_NOIZEUS_NOISE_DATASET_Inside Train_1_SNR[10]dB_CLN-p092_emo_contentment_freeform.csv,ss_rdc_p092_emo_contentment_freeform_NOIZEUS_NOISE_DATASET_Inside Train_1_SNR[10]dB,16000,1.327061891555786,10.041561126708984,0.8181843757629395,3.0570992401668,3.571299412215933,2.656718464296971,2.571507071158822,ss_rdc_metrics.csv_ENH-ss_rdc_p092_emo_contentment_freeform_NOIZEUS_NOISE_DATASET_Inside Train_1_SNR[10]dB_CLN-p092_emo_contentment_freeform.csv,ss_rdc_og_p092_emo_contentment_freeform_NOIZEUS_NOISE_DATASET_Inside Train_1_SNR[10]dB,16000,1.3184808492660522,-23.30465507507324,0.813946008682251,3.0584284918648854,3.5557236105289887,2.6331625241907552,2.550752724969519,ss_rdc_og_metrics.csv_ENH-ss_rdc_og_p092_emo_contentment_freeform_NOIZEUS_NOISE_DATASET_Inside Train_1_SNR[10]dB_CLN-p092_emo_contentment_freeform.csv,Train
p092_emo_contentment_sentences,BASELINE_p092_emo_contentment_sentences_NOIZEUS_NOISE_DATASET_Inside Train_2_SNR[10]dB,16000,1.5167944431304932,9.997347831726074,0.789560854434967,2.9051902294158936,3.327940641968244,2.3641442990754227,2.1931136864945464,BASELINE_NOIZEUS_EARS_metrics.csv_ENH-BASELINE_p092_emo_contentment_sentences_NOIZEUS_NOISE_DATASET_Inside Train_2_SNR[10]dB_CLN-p092_emo_contentment_sentences.csv,specsub_p092_emo_contentment_sentences_NOIZEUS_NOISE_DATASET_Inside Train_2_SNR[10]dB,16000,1.736237406730652,11.848566055297852,0.7698558568954468,2.867359638214112,2.733462478422275,3.331025388419265,2.263417222387389,specsub_metrics.csv_ENH-specsub_p092_emo_contentment_sentences_NOIZEUS_NOISE_DATASET_Inside Train_2_SNR[10]dB_CLN-p092_emo_contentment_sentences.csv,ss_rdc_p092_emo_contentment_sentences_NOIZEUS_NOISE_DATASET_Inside Train_2_SNR[10]dB,16000,1.6981074810028076,11.686420440673828,0.7812761068344116,2.827451229095459,3.1841185712807656,3.2620145200869617,2.525799022806372,ss_rdc_metrics.csv_ENH-ss_rdc_p092_emo_contentment_sentences_NOIZEUS_NOISE_DATASET_Inside Train_2_SNR[10]dB_CLN-p092_emo_contentment_sentences.csv,ss_rdc_og_p092_emo_contentment_sentences_NOIZEUS_NOISE_DATASET_Inside Train_2_SNR[10]dB,16000,1.7001724243164062,-17.62598419189453,0.7766101360321045,2.8278958797454834,3.164530785452872,3.258147557114493,2.5157592696485445,ss_rdc_og_metrics.csv_ENH-ss_rdc_og_p092_emo_contentment_sentences_NOIZEUS_NOISE_DATASET_Inside Train_2_SNR[10]dB_CLN-p092_emo_contentment_sentences.csv,Train
p092_emo_cuteness_freeform,BASELINE_p092_emo_cuteness_freeform_NOIZEUS_NOISE_DATASET_Inside Train_3_SNR[10]dB,16000,1.209849834442139,9.981278419494627,0.6807807683944702,2.603095388412476,3.9026281511987255,2.287284326391682,2.619030555109424,BASELINE_NOIZEUS_EARS_metrics.csv_ENH-BASELINE_p092_emo_cuteness_freeform_NOIZEUS_NOISE_DATASET_Inside Train_3_SNR[10]dB_CLN-p092_emo_cuteness_freeform.csv,specsub_p092_emo_cuteness_freeform_NOIZEUS_NOISE_DATASET_Inside Train_3_SNR[10]dB,16000,1.2987600564956665,12.367666244506836,0.6701971888542175,2.7121209621429445,2.522009621202717,2.489496437814471,1.932075145935056,specsub_metrics.csv_ENH-specsub_p092_emo_cuteness_freeform_NOIZEUS_NOISE_DATASET_Inside Train_3_SNR[10]dB_CLN-p092_emo_cuteness_freeform.csv,ss_rdc_p092_emo_cuteness_freeform_NOIZEUS_NOISE_DATASET_Inside Train_3_SNR[10]dB,16000,1.2367368936538696,10.911187171936035,0.6305146813392639,2.524455070495605,3.0101274057672005,2.2963352022429526,2.1245960326611084,ss_rdc_metrics.csv_ENH-ss_rdc_p092_emo_cuteness_freeform_NOIZEUS_NOISE_DATASET_Inside Train_3_SNR[10]dB_CLN-p092_emo_cuteness_freeform.csv,ss_rdc_og_p092_emo_cuteness_freeform_NOIZEUS_NOISE_DATASET_Inside Train_3_SNR[10]dB,16000,1.2409396171569824,-14.822088241577148,0.6264258623123169,2.5230880260467528,3.027892327889929,2.2752434666620385,2.126551271647079,ss_rdc_og_metrics.csv_ENH-ss_rdc_og_p092_emo_cuteness_freeform_NOIZEUS_NOISE_DATASET_Inside Train_3_SNR[10]dB_CLN-p092_emo_cuteness_freeform.csv,Train
p092_emo_cuteness_sentences,BASELINE_p092_emo_cuteness_sentences_NOIZEUS_NOISE_DATASET_PC Fan Noise_SNR[10]dB,16000,1.2817089557647705,9.998371124267578,0.7751016616821289,2.761836290359497,4.269006221774776,2.4611210839813733,2.8498613255623755,BASELINE_NOIZEUS_EARS_metrics.csv_ENH-BASELINE_p092_emo_cuteness_sentences_NOIZEUS_NOISE_DATASET_PC Fan Noise_SNR[10]dB_CLN-p092_emo_cuteness_sentences.csv,specsub_p092_emo_cuteness_sentences_NOIZEUS_NOISE_DATASET_PC Fan Noise_SNR[10]dB,16000,1.649628520011902,16.396095275878906,0.7441622614860535,2.669389843940735,3.1213666648920944,3.0670503091072407,2.5045910566582856,specsub_metrics.csv_ENH-specsub_p092_emo_cuteness_sentences_NOIZEUS_NOISE_DATASET_PC Fan Noise_SNR[10]dB_CLN-p092_emo_cuteness_sentences.csv,ss_rdc_p092_emo_cuteness_sentences_NOIZEUS_NOISE_DATASET_PC Fan Noise_SNR[10]dB,16000,1.4452863931655884,14.303282737731934,0.7500240802764893,2.7488421201705933,3.860322821824241,2.50126919129652,2.7204167416930405,ss_rdc_metrics.csv_ENH-ss_rdc_p092_emo_cuteness_sentences_NOIZEUS_NOISE_DATASET_PC Fan Noise_SNR[10]dB_CLN-p092_emo_cuteness_sentences.csv,ss_rdc_og_p092_emo_cuteness_sentences_NOIZEUS_NOISE_DATASET_PC Fan Noise_SNR[10]dB,16000,1.4462213516235352,-23.670352935791016,0.7472941875457764,2.748928666114807,3.856620541574873,2.491257835972441,2.7200433267721085,ss_rdc_og_metrics.csv_ENH-ss_rdc_og_p092_emo_cuteness_sentences_NOIZEUS_NOISE_DATASET_PC Fan Noise_SNR[10]dB_CLN-p092_emo_cuteness_sentences.csv,Stationary
p092_emo_desire_freeform,BASELINE_p092_emo_desire_freeform_NOIZEUS_NOISE_DATASET_SSN_IEEE_SNR[10]dB,16000,1.2145620584487915,10.013667106628418,0.7838144898414612,2.893488089243571,4.143377276930316,2.392649755516853,2.7382702402108112,BASELINE_NOIZEUS_EARS_metrics.csv_ENH-BASELINE_p092_emo_desire_freeform_NOIZEUS_NOISE_DATASET_SSN_IEEE_SNR[10]dB_CLN-p092_emo_desire_freeform.csv,specsub_p092_emo_desire_freeform_NOIZEUS_NOISE_DATASET_SSN_IEEE_SNR[10]dB,16000,1.464524745941162,11.141620635986328,0.743614912033081,2.466922322909037,1.6848475555667468,2.7693933840477727,1.4475985312805837,specsub_metrics.csv_ENH-specsub_p092_emo_desire_freeform_NOIZEUS_NOISE_DATASET_SSN_IEEE_SNR[10]dB_CLN-p092_emo_desire_freeform.csv,ss_rdc_p092_emo_desire_freeform_NOIZEUS_NOISE_DATASET_SSN_IEEE_SNR[10]dB,16000,1.3055436611175537,10.74399471282959,0.7655701637268066,2.63881532351176,2.812127738691176,2.619380800624367,2.038937658284705,ss_rdc_metrics.csv_ENH-ss_rdc_p092_emo_desire_freeform_NOIZEUS_NOISE_DATASET_SSN_IEEE_SNR[10]dB_CLN-p092_emo_desire_freeform.csv,ss_rdc_og_p092_emo_desire_freeform_NOIZEUS_NOISE_DATASET_SSN_IEEE_SNR[10]dB,16000,1.308942794799805,-18.379112243652344,0.7613580822944641,2.6398091316223145,2.7649287895737515,2.637821961632504,2.022628650628641,ss_rdc_og_metrics.csv_ENH-ss_rdc_og_p092_emo_desire_freeform_NOIZEUS_NOISE_DATASET_SSN_IEEE_SNR[10]dB_CLN-p092_emo_desire_freeform.csv,Stationary
p092_emo_desire_sentences,BASELINE_p092_emo_desire_sentences_NOIZEUS_NOISE_DATASET_Street Noise_SNR[10]dB,16000,1.3881707191467283,10.014333724975586,0.75400310754776,2.907525936762492,3.875489614962664,2.6859272818492266,2.603288675802089,BASELINE_NOIZEUS_EARS_metrics.csv_ENH-BASELINE_p092_emo_desire_sentences_NOIZEUS_NOISE_DATASET_Street Noise_SNR[10]dB_CLN-p092_emo_desire_sentences.csv,specsub_p092_emo_desire_sentences_NOIZEUS_NOISE_DATASET_Street Noise_SNR[10]dB,16000,1.5467913150787354,10.741454124450684,0.7136924266815186,2.913854201634725,2.809782514805551,2.7709878494476983,2.1391537821799105,specsub_metrics.csv_ENH-specsub_p092_emo_desire_sentences_NOIZEUS_NOISE_DATASET_Street Noise_SNR[10]dB_CLN-p092_emo_desire_sentences.csv,ss_rdc_p092_emo_desire_sentences_NOIZEUS_NOISE_DATASET_Street Noise_SNR[10]dB,16000,1.6181957721710205,10.611783027648926,0.7592093348503113,2.888779322306315,3.2345974065429224,3.199291373161085,2.525419049346429,ss_rdc_metrics.csv_ENH-ss_rdc_p092_emo_desire_sentences_NOIZEUS_NOISE_DATASET_Street Noise_SNR[10]dB_CLN-p092_emo_desire_sentences.csv,ss_rdc_og_p092_emo_desire_sentences_NOIZEUS_NOISE_DATASET_Street Noise_SNR[10]dB,16000,1.6237818002700806,-50.87358474731445,0.7540485858917236,2.8877061208089194,3.258721235920559,3.1989634826893365,2.540571289280235,ss_rdc_og_metrics.csv_ENH-ss_rdc_og_p092_emo_desire_sentences_NOIZEUS_NOISE_DATASET_Street Noise_SNR[10]dB_CLN-p092_emo_desire_sentences.csv,Street
p092_emo_disappointment_freeform,BASELINE_p092_emo_disappointment_freeform_NOIZEUS_NOISE_DATASET_Street Noise_downtown_SNR[10]dB,16000,1.409592866897583,10.000487327575684,0.811381995677948,2.860039268221174,4.3633342031925775,2.215947639948346,2.7820344978680724,BASELINE_NOIZEUS_EARS_metrics.csv_ENH-BASELINE_p092_emo_disappointment_freeform_NOIZEUS_NOISE_DATASET_Street Noise_downtown_SNR[10]dB_CLN-p092_emo_disappointment_freeform.csv,specsub_p092_emo_disappointment_freeform_NOIZEUS_NOISE_DATASET_Street Noise_downtown_SNR[10]dB,16000,1.5829933881759644,12.337396621704102,0.7728738188743591,2.688842671258109,2.8921332649352927,2.3636332874912545,2.0398706755118448,specsub_metrics.csv_ENH-specsub_p092_emo_disappointment_freeform_NOIZEUS_NOISE_DATASET_Street Noise_downtown_SNR[10]dB_CLN-p092_emo_disappointment_freeform.csv,ss_rdc_p092_emo_disappointment_freeform_NOIZEUS_NOISE_DATASET_Street Noise_downtown_SNR[10]dB,16000,1.4935085773468018,10.564122200012209,0.8129997849464417,2.757448026112148,4.34036982227402,2.420700189141138,2.85459122368349,ss_rdc_metrics.csv_ENH-ss_rdc_p092_emo_disappointment_freeform_NOIZEUS_NOISE_DATASET_Street Noise_downtown_SNR[10]dB_CLN-p092_emo_disappointment_freeform.csv,ss_rdc_og_p092_emo_disappointment_freeform_NOIZEUS_NOISE_DATASET_Street Noise_downtown_SNR[10]dB,16000,1.4971827268600464,-18.471981048583984,0.8063257336616516,2.757112503051758,4.337375829958822,2.424388770979015,2.8566809685659207,ss_rdc_og_metrics.csv_ENH-ss_rdc_og_p092_emo_disappointment_freeform_NOIZEUS_NOISE_DATASET_Street Noise_downtown_SNR[10]dB_CLN-p092_emo_disappointment_freeform.csv,Street
p092_emo_disappointment_sentences,BASELINE_p092_emo_disappointment_sentences_NOIZEUS_NOISE_DATASET_Train1_SNR[10]dB,16000,1.316823959350586,10.003313064575195,0.731379508972168,3.0084338188171387,4.275481746642327,2.68623439685566,3.0260803468148496,BASELINE_NOIZEUS_EARS_metrics.csv_ENH-BASELINE_p092_emo_disappointment_sentences_NOIZEUS_NOISE_DATASET_Train1_SNR[10]dB_CLN-p092_emo_disappointment_sentences.csv,specsub_p092_emo_disappointment_sentences_NOIZEUS_NOISE_DATASET_Train1_SNR[10]dB,16000,1.4037188291549685,11.555257797241213,0.7194598913192749,2.9205689430236816,3.622163058805234,2.2941150854350703,2.417600190522088,specsub_metrics.csv_ENH-specsub_p092_emo_disappointment_sentences_NOIZEUS_NOISE_DATASET_Train1_SNR[10]dB_CLN-p092_emo_disappointment_sentences.csv,ss_rdc_p092_emo_disappointment_sentences_NOIZEUS_NOISE_DATASET_Train1_SNR[10]dB,16000,1.562819480895996,10.102181434631348,0.7302600145339966,2.921418309211731,4.290890287643742,3.241663595547311,3.326060304816309,ss_rdc_metrics.csv_ENH-ss_rdc_p092_emo_disappointment_sentences_NOIZEUS_NOISE_DATASET_Train1_SNR[10]dB_CLN-p092_emo_disappointment_sentences.csv,ss_rdc_og_p092_emo_disappointment_sentences_NOIZEUS_NOISE_DATASET_Train1_SNR[10]dB,16000,1.5598827600479126,-32.50660705566406,0.7276568412780762,2.9207308888435364,4.283270899772741,3.301728278573297,3.354752527018835,ss_rdc_og_metrics.csv_ENH-ss_rdc_og_p092_emo_disappointment_sentences_NOIZEUS_NOISE_DATASET_Train1_SNR[10]dB_CLN-p092_emo_disappointment_sentences.csv,Train
p092_emo_disgust_freeform,BASELINE_p092_emo_disgust_freeform_NOIZEUS_NOISE_DATASET_Train2_SNR[10]dB,16000,1.4864988327026367,10.005793571472168,0.8653387427330017,2.8971451010022844,4.112163436989386,1.9592322380061664,2.4133400515916605,BASELINE_NOIZEUS_EARS_metrics.csv_ENH-BASELINE_p092_emo_disgust_freeform_NOIZEUS_NOISE_DATASET_Train2_SNR[10]dB_CLN-p092_emo_disgust_freeform.csv,specsub_p092_emo_disgust_freeform_NOIZEUS_NOISE_DATASET_Train2_SNR[10]dB,16000,1.4886224269866943,10.052057266235352,0.8566653728485107,2.7651524203164235,3.9411925428381087,1.8529719719587807,2.292630593267001,specsub_metrics.csv_ENH-specsub_p092_emo_disgust_freeform_NOIZEUS_NOISE_DATASET_Train2_SNR[10]dB_CLN-p092_emo_disgust_freeform.csv,ss_rdc_p092_emo_disgust_freeform_NOIZEUS_NOISE_DATASET_Train2_SNR[10]dB,16000,1.550466775894165,10.226496696472168,0.8678081035614014,2.801925727299281,4.002864789152217,2.273551789871195,2.634597995317685,ss_rdc_metrics.csv_ENH-ss_rdc_p092_emo_disgust_freeform_NOIZEUS_NOISE_DATASET_Train2_SNR[10]dB_CLN-p092_emo_disgust_freeform.csv,ss_rdc_og_p092_emo_disgust_freeform_NOIZEUS_NOISE_DATASET_Train2_SNR[10]dB,16000,1.5503172874450684,-24.447025299072266,0.862984836101532,2.801579168864659,4.015132474600147,2.281118181140546,2.6454085941602026,ss_rdc_og_metrics.csv_ENH-ss_rdc_og_p092_emo_disgust_freeform_NOIZEUS_NOISE_DATASET_Train2_SNR[10]dB_CLN-p092_emo_disgust_freeform.csv,Train
p092_emo_disgust_sentences,BASELINE_p092_emo_disgust_sentences_NOIZEUS_NOISE_DATASET_Water Cooler_SNR[10]dB,16000,1.8104350566864007,9.99301528930664,0.7555624842643738,3.0408087253570555,4.348184897428313,2.4445644028654967,2.863029658666598,BASELINE_NOIZEUS_EARS_metrics.csv_ENH-BASELINE_p092_emo_disgust_sentences_NOIZEUS_NOISE_DATASET_Water Cooler_SNR[10]dB_CLN-p092_emo_disgust_sentences.csv,specsub_p092_emo_disgust_sentences_NOIZEUS_NOISE_DATASET_Water Cooler_SNR[10]dB,16000,1.8589518070220947,11.778908729553224,0.7288718819618225,2.875758504867554,3.2467543067311646,3.1109443153599567,2.5512998060922683,specsub_metrics.csv_ENH-specsub_p092_emo_disgust_sentences_NOIZEUS_NOISE_DATASET_Water Cooler_SNR[10]dB_CLN-p092_emo_disgust_sentences.csv,ss_rdc_p092_emo_disgust_sentences_NOIZEUS_NOISE_DATASET_Water Cooler_SNR[10]dB,16000,1.962234616279602,11.57497787475586,0.7656363248825073,2.8216409206390383,3.760321271499492,2.51515063632926,2.5826993767625863,ss_rdc_metrics.csv_ENH-ss_rdc_p092_emo_disgust_sentences_NOIZEUS_NOISE_DATASET_Water Cooler_SNR[10]dB_CLN-p092_emo_disgust_sentences.csv,ss_rdc_og_p092_emo_disgust_sentences_NOIZEUS_NOISE_DATASET_Water Cooler_SNR[10]dB,16000,1.963956952095032,-15.370179176330566,0.7630404829978943,2.8226481914520263,3.756767378764402,2.5243968217439248,2.58912377167696,ss_rdc_og_metrics.csv_ENH-ss_rdc_og_p092_emo_disgust_sentences_NOIZEUS_NOISE_DATASET_Water Cooler_SNR[10]dB_CLN-p092_emo_disgust_sentences.csv,Stationary
