clean_file,enhanced_file,sampling_rate,PESQ_Noisy,SI_SDR_Noisy,STOI_Noisy,DNSMOS_p808_mos_Noisy,DNSMOS_mos_sig_Noisy,DNSMOS_mos_bak_Noisy,DNSMOS_mos_ovr_Noisy,source_file,enhanced_file_mband_py_lin_causal_avr1_og_wts_xmgasm,sampling_rate_mband_py_lin_causal_avr1_og_wts_xmgasm,PESQ_mband_py_lin_causal_avr1_og_wts_xmgasm,SI_SDR_mband_py_lin_causal_avr1_og_wts_xmgasm,STOI_mband_py_lin_causal_avr1_og_wts_xmgasm,DNSMOS_p808_mos_mband_py_lin_causal_avr1_og_wts_xmgasm,DNSMOS_mos_sig_mband_py_lin_causal_avr1_og_wts_xmgasm,DNSMOS_mos_bak_mband_py_lin_causal_avr1_og_wts_xmgasm,DNSMOS_mos_ovr_mband_py_lin_causal_avr1_og_wts_xmgasm,source_file_mband_py_lin_causal_avr1_og_wts_xmgasm,enhanced_file_mband_py_lin_stream_adpt_wts_avr1,sampling_rate_mband_py_lin_stream_adpt_wts_avr1,PESQ_mband_py_lin_stream_adpt_wts_avr1,SI_SDR_mband_py_lin_stream_adpt_wts_avr1,STOI_mband_py_lin_stream_adpt_wts_avr1,DNSMOS_p808_mos_mband_py_lin_stream_adpt_wts_avr1,DNSMOS_mos_sig_mband_py_lin_stream_adpt_wts_avr1,DNSMOS_mos_bak_mband_py_lin_stream_adpt_wts_avr1,DNSMOS_mos_ovr_mband_py_lin_stream_adpt_wts_avr1,source_file_mband_py_lin_stream_adpt_wts_avr1,enhanced_file_mband_py_lin_stream_avr1_wts_cons_wts_xmgasm,sampling_rate_mband_py_lin_stream_avr1_wts_cons_wts_xmgasm,PESQ_mband_py_lin_stream_avr1_wts_cons_wts_xmgasm,SI_SDR_mband_py_lin_stream_avr1_wts_cons_wts_xmgasm,STOI_mband_py_lin_stream_avr1_wts_cons_wts_xmgasm,DNSMOS_p808_mos_mband_py_lin_stream_avr1_wts_cons_wts_xmgasm,DNSMOS_mos_sig_mband_py_lin_stream_avr1_wts_cons_wts_xmgasm,DNSMOS_mos_bak_mband_py_lin_stream_avr1_wts_cons_wts_xmgasm,DNSMOS_mos_ovr_mband_py_lin_stream_avr1_wts_cons_wts_xmgasm,source_file_mband_py_lin_stream_avr1_wts_cons_wts_xmgasm,noise_category
p092_emo_adoration_freeform,BASELINE_p092_emo_adoration_freeform_NOIZEUS_NOISE_DATASET_cafeteria_babble_SNR[-5]dB,16000,1.0623515844345093,-4.822878360748291,0.5784885287284851,2.1722156206766763,3.2395194825491456,1.6131795246556722,1.7868237066518768,BASELINE_NOIZEUS_EARS_metrics.csv_ENH-BASELINE_p092_emo_adoration_freeform_NOIZEUS_NOISE_DATASET_cafeteria_babble_SNR[-5]dB_CLN-p092_emo_adoration_freeform.csv,mband_py_N6_lin_AVR1_p092_emo_adoration_freeform_Noise Recordings_Car Noise_60mph_SNR[-5]dB,16000,1.0982447862625122,1.5443295240402222,0.7016862034797668,3.0521665811538696,3.2651005331080967,2.569496762278213,2.365884628694358,mband_py_N6_lin_AVR1_metrics.csv_ENH-mband_py_N6_lin_AVR1_p092_emo_adoration_freeform_Noise Recordings_Car Noise_60mph_SNR[-5]dB_CLN-p092_emo_adoration_freeform.csv,mband_py_N6_lin_AVR1_p092_emo_adoration_freeform_NOIZEUS_NOISE_DATASET_cafeteria_babble_SNR[-5]dB,16000,1.0973354578018188,-3.018053770065308,0.545077383518219,2.489400625228882,2.771579872839723,2.2562687414511133,1.9949555094966192,mband_py_N6_lin_AVR1_metrics.csv_ENH-mband_py_N6_lin_AVR1_p092_emo_adoration_freeform_NOIZEUS_NOISE_DATASET_cafeteria_babble_SNR[-5]dB_CLN-p092_emo_adoration_freeform.csv,mband_py_N6_lin_AVR1_p092_emo_adoration_freeform_NOIZEUS_NOISE_DATASET_cafeteria_babble_SNR[-5]dB,16000,1.1099683046340942,-2.6272072792053223,0.5584509968757629,2.448064049084981,2.9863839535159173,2.0455050547566103,1.9639879366439044,mband_py_N6_lin_AVR1_metrics.csv_ENH-mband_py_N6_lin_AVR1_p092_emo_adoration_freeform_NOIZEUS_NOISE_DATASET_cafeteria_babble_SNR[-5]dB_CLN-p092_emo_adoration_freeform.csv,Babble
p092_emo_adoration_sentences,BASELINE_p092_emo_adoration_sentences_NOIZEUS_NOISE_DATASET_Car Noise_60mph_SNR[-5]dB,16000,1.0610411167144775,-4.987776756286621,0.633800745010376,3.045271158218384,3.960895385480284,2.229259190962567,2.6211030405741407,BASELINE_NOIZEUS_EARS_metrics.csv_ENH-BASELINE_p092_emo_adoration_sentences_NOIZEUS_NOISE_DATASET_Car Noise_60mph_SNR[-5]dB_CLN-p092_emo_adoration_sentences.csv,mband_py_N6_lin_AVR1_p092_emo_adoration_sentences_Noise Recordings_Car Noise_Idle Noise_40mph_SNR[-5]dB,16000,1.1326735019683838,2.5735225677490234,0.602199375629425,3.066693271909441,2.5340171545072607,2.5588944141560503,1.8606519122182508,mband_py_N6_lin_AVR1_metrics.csv_ENH-mband_py_N6_lin_AVR1_p092_emo_adoration_sentences_Noise Recordings_Car Noise_Idle Noise_40mph_SNR[-5]dB_CLN-p092_emo_adoration_sentences.csv,mband_py_N6_lin_AVR1_p092_emo_adoration_sentences_NOIZEUS_NOISE_DATASET_Car Noise_60mph_SNR[-5]dB,16000,1.1389347314834597,1.80814790725708,0.6276730298995972,3.29849944795881,2.772162317134707,2.563588654713854,2.0791524854979744,mband_py_N6_lin_AVR1_metrics.csv_ENH-mband_py_N6_lin_AVR1_p092_emo_adoration_sentences_NOIZEUS_NOISE_DATASET_Car Noise_60mph_SNR[-5]dB_CLN-p092_emo_adoration_sentences.csv,mband_py_N6_lin_AVR1_p092_emo_adoration_sentences_NOIZEUS_NOISE_DATASET_Car Noise_60mph_SNR[-5]dB,16000,1.1327760219573977,1.7196482419967651,0.6242342591285706,3.242807558604649,2.8116348716422053,2.5698110383772064,2.1448565149413765,mband_py_N6_lin_AVR1_metrics.csv_ENH-mband_py_N6_lin_AVR1_p092_emo_adoration_sentences_NOIZEUS_NOISE_DATASET_Car Noise_60mph_SNR[-5]dB_CLN-p092_emo_adoration_sentences.csv,Car
p092_emo_amazement_freeform,BASELINE_p092_emo_amazement_freeform_NOIZEUS_NOISE_DATASET_Car Noise_Idle Noise_40mph_SNR[-5]dB,16000,1.0327340364456177,-5.046998977661133,0.6708028316497803,2.579436370304653,4.129017390883359,1.732625039232378,2.1509606455475643,BASELINE_NOIZEUS_EARS_metrics.csv_ENH-BASELINE_p092_emo_amazement_freeform_NOIZEUS_NOISE_DATASET_Car Noise_Idle Noise_40mph_SNR[-5]dB_CLN-p092_emo_amazement_freeform.csv,mband_py_N6_lin_AVR1_p092_emo_amazement_freeform_Noise Recordings_Car Noise_Idle Noise_60mph_SNR[-5]dB,16000,1.0922890901565552,2.937077283859253,0.7101559042930603,2.8944319997515,3.7094797364260255,2.069286282775033,2.458050033951713,mband_py_N6_lin_AVR1_metrics.csv_ENH-mband_py_N6_lin_AVR1_p092_emo_amazement_freeform_Noise Recordings_Car Noise_Idle Noise_60mph_SNR[-5]dB_CLN-p092_emo_amazement_freeform.csv,mband_py_N6_lin_AVR1_p092_emo_amazement_freeform_NOIZEUS_NOISE_DATASET_Car Noise_Idle Noise_40mph_SNR[-5]dB,16000,1.0891101360321045,3.957499027252197,0.6685921549797058,2.705862045288086,3.565435518318925,2.2865961053546764,2.431360861804301,mband_py_N6_lin_AVR1_metrics.csv_ENH-mband_py_N6_lin_AVR1_p092_emo_amazement_freeform_NOIZEUS_NOISE_DATASET_Car Noise_Idle Noise_40mph_SNR[-5]dB_CLN-p092_emo_amazement_freeform.csv,mband_py_N6_lin_AVR1_p092_emo_amazement_freeform_NOIZEUS_NOISE_DATASET_Car Noise_Idle Noise_40mph_SNR[-5]dB,16000,1.08240807056427,3.6027722358703613,0.6650903820991516,2.7132493427821567,3.69003947521318,2.2412803234821177,2.4592270655328856,mband_py_N6_lin_AVR1_metrics.csv_ENH-mband_py_N6_lin_AVR1_p092_emo_amazement_freeform_NOIZEUS_NOISE_DATASET_Car Noise_Idle Noise_40mph_SNR[-5]dB_CLN-p092_emo_amazement_freeform.csv,Car
p092_emo_amazement_sentences,BASELINE_p092_emo_amazement_sentences_NOIZEUS_NOISE_DATASET_Car Noise_Idle Noise_60mph_SNR[-5]dB,16000,1.0646955966949463,-4.905918121337891,0.6575076580047607,2.9480626583099365,3.9186561755120985,1.7029851413560593,2.055925687735188,BASELINE_NOIZEUS_EARS_metrics.csv_ENH-BASELINE_p092_emo_amazement_sentences_NOIZEUS_NOISE_DATASET_Car Noise_Idle Noise_60mph_SNR[-5]dB_CLN-p092_emo_amazement_sentences.csv,mband_py_N6_lin_AVR1_p092_emo_amazement_sentences_Noise Recordings_Construction_Crane_Moving_SNR[-5]dB,16000,1.0682635307312012,-4.227028846740723,0.5661371350288391,2.4368104934692383,3.359056950130898,1.8345164162002243,1.9829051127008053,mband_py_N6_lin_AVR1_metrics.csv_ENH-mband_py_N6_lin_AVR1_p092_emo_amazement_sentences_Noise Recordings_Construction_Crane_Moving_SNR[-5]dB_CLN-p092_emo_amazement_sentences.csv,mband_py_N6_lin_AVR1_p092_emo_amazement_sentences_NOIZEUS_NOISE_DATASET_Car Noise_Idle Noise_60mph_SNR[-5]dB,16000,1.1401714086532593,2.7531681060791016,0.6531883478164673,2.8778750896453857,3.2846873042838114,2.222506681903333,2.2280417882695738,mband_py_N6_lin_AVR1_metrics.csv_ENH-mband_py_N6_lin_AVR1_p092_emo_amazement_sentences_NOIZEUS_NOISE_DATASET_Car Noise_Idle Noise_60mph_SNR[-5]dB_CLN-p092_emo_amazement_sentences.csv,mband_py_N6_lin_AVR1_p092_emo_amazement_sentences_NOIZEUS_NOISE_DATASET_Car Noise_Idle Noise_60mph_SNR[-5]dB,16000,1.1342403888702393,2.4999728202819824,0.6513879895210266,2.739507913589477,3.4462069714364905,2.211484580191284,2.3304677018927373,mband_py_N6_lin_AVR1_metrics.csv_ENH-mband_py_N6_lin_AVR1_p092_emo_amazement_sentences_NOIZEUS_NOISE_DATASET_Car Noise_Idle Noise_60mph_SNR[-5]dB_CLN-p092_emo_amazement_sentences.csv,Car
p092_emo_amusement_freeform,BASELINE_p092_emo_amusement_freeform_NOIZEUS_NOISE_DATASET_Construction_Crane_Moving_SNR[-5]dB,16000,1.0236575603485107,-4.967431545257568,0.5661261081695557,2.262983083724976,3.4137080074916466,1.403160358228995,1.6772918232124567,BASELINE_NOIZEUS_EARS_metrics.csv_ENH-BASELINE_p092_emo_amusement_freeform_NOIZEUS_NOISE_DATASET_Construction_Crane_Moving_SNR[-5]dB_CLN-p092_emo_amusement_freeform.csv,mband_py_N6_lin_AVR1_p092_emo_amusement_freeform_Noise Recordings_Construction_Drilling_SNR[-5]dB,16000,1.0379691123962402,0.1540858149528503,0.4774278402328491,2.4267958402633667,3.495265160924644,1.6032794320719406,1.823323111627112,mband_py_N6_lin_AVR1_metrics.csv_ENH-mband_py_N6_lin_AVR1_p092_emo_amusement_freeform_Noise Recordings_Construction_Drilling_SNR[-5]dB_CLN-p092_emo_amusement_freeform.csv,mband_py_N6_lin_AVR1_p092_emo_amusement_freeform_NOIZEUS_NOISE_DATASET_Construction_Crane_Moving_SNR[-5]dB,16000,1.029263257980347,-4.6288652420043945,0.567116916179657,2.393883228302002,3.4386007189842926,1.684733490978569,1.955895422096512,mband_py_N6_lin_AVR1_metrics.csv_ENH-mband_py_N6_lin_AVR1_p092_emo_amusement_freeform_NOIZEUS_NOISE_DATASET_Construction_Crane_Moving_SNR[-5]dB_CLN-p092_emo_amusement_freeform.csv,mband_py_N6_lin_AVR1_p092_emo_amusement_freeform_NOIZEUS_NOISE_DATASET_Construction_Crane_Moving_SNR[-5]dB,16000,1.0278918743133545,-4.688708782196045,0.5647737979888916,2.3814640045166016,3.833288533522072,1.7132794529920308,2.1140533561299497,mband_py_N6_lin_AVR1_metrics.csv_ENH-mband_py_N6_lin_AVR1_p092_emo_amusement_freeform_NOIZEUS_NOISE_DATASET_Construction_Crane_Moving_SNR[-5]dB_CLN-p092_emo_amusement_freeform.csv,Construction
p092_emo_amusement_sentences,BASELINE_p092_emo_amusement_sentences_NOIZEUS_NOISE_DATASET_Construction_Drilling_SNR[-5]dB,16000,1.0377082824707031,-4.901577949523926,0.614096999168396,2.314373016357422,3.0838796052526902,1.5254016005120032,1.7205101064512884,BASELINE_NOIZEUS_EARS_metrics.csv_ENH-BASELINE_p092_emo_amusement_sentences_NOIZEUS_NOISE_DATASET_Construction_Drilling_SNR[-5]dB_CLN-p092_emo_amusement_sentences.csv,mband_py_N6_lin_AVR1_p092_emo_amusement_sentences_Noise Recordings_Construction_Jackhammer1_SNR[-5]dB,16000,1.1057889461517334,-5.110816478729248,0.664008617401123,2.5129995346069336,2.9775904231885995,1.4849569742079929,1.5480730892831531,mband_py_N6_lin_AVR1_metrics.csv_ENH-mband_py_N6_lin_AVR1_p092_emo_amusement_sentences_Noise Recordings_Construction_Jackhammer1_SNR[-5]dB_CLN-p092_emo_amusement_sentences.csv,mband_py_N6_lin_AVR1_p092_emo_amusement_sentences_NOIZEUS_NOISE_DATASET_Construction_Drilling_SNR[-5]dB,16000,1.0608010292053225,-0.3048539757728576,0.5871119499206543,2.609049797058105,2.031493166742497,1.868570231092135,1.2891531833454943,mband_py_N6_lin_AVR1_metrics.csv_ENH-mband_py_N6_lin_AVR1_p092_emo_amusement_sentences_NOIZEUS_NOISE_DATASET_Construction_Drilling_SNR[-5]dB_CLN-p092_emo_amusement_sentences.csv,mband_py_N6_lin_AVR1_p092_emo_amusement_sentences_NOIZEUS_NOISE_DATASET_Construction_Drilling_SNR[-5]dB,16000,1.0577611923217771,-0.4633957743644714,0.5901215672492981,2.6413954893747964,2.2335222638434207,1.802689268155694,1.3556982905465012,mband_py_N6_lin_AVR1_metrics.csv_ENH-mband_py_N6_lin_AVR1_p092_emo_amusement_sentences_NOIZEUS_NOISE_DATASET_Construction_Drilling_SNR[-5]dB_CLN-p092_emo_amusement_sentences.csv,Construction
p092_emo_anger_freeform,BASELINE_p092_emo_anger_freeform_NOIZEUS_NOISE_DATASET_Construction_Jackhammer1_SNR[-5]dB,16000,1.0559366941452026,-4.993921279907227,0.6112924814224243,2.1330856595720564,3.0772379532812417,1.4378563350569649,1.690410039009829,BASELINE_NOIZEUS_EARS_metrics.csv_ENH-BASELINE_p092_emo_anger_freeform_NOIZEUS_NOISE_DATASET_Construction_Jackhammer1_SNR[-5]dB_CLN-p092_emo_anger_freeform.csv,mband_py_N6_lin_AVR1_p092_emo_anger_freeform_Noise Recordings_Construction_Jackhammer2_SNR[-5]dB,16000,1.063163161277771,-2.5474157333374023,0.5506463050842285,2.401528699057443,2.815249294670836,1.5191230676831071,1.5639990539409447,mband_py_N6_lin_AVR1_metrics.csv_ENH-mband_py_N6_lin_AVR1_p092_emo_anger_freeform_Noise Recordings_Construction_Jackhammer2_SNR[-5]dB_CLN-p092_emo_anger_freeform.csv,mband_py_N6_lin_AVR1_p092_emo_anger_freeform_NOIZEUS_NOISE_DATASET_Construction_Jackhammer1_SNR[-5]dB,16000,1.0894982814788818,-4.379969120025635,0.6119546890258789,2.544864041464669,3.056636425009648,1.409545053356654,1.5550915019627676,mband_py_N6_lin_AVR1_metrics.csv_ENH-mband_py_N6_lin_AVR1_p092_emo_anger_freeform_NOIZEUS_NOISE_DATASET_Construction_Jackhammer1_SNR[-5]dB_CLN-p092_emo_anger_freeform.csv,mband_py_N6_lin_AVR1_p092_emo_anger_freeform_NOIZEUS_NOISE_DATASET_Construction_Jackhammer1_SNR[-5]dB,16000,1.089494228363037,-4.44443416595459,0.6116184592247009,2.494284050805228,3.021002846700543,1.4334245615557373,1.5605087817066745,mband_py_N6_lin_AVR1_metrics.csv_ENH-mband_py_N6_lin_AVR1_p092_emo_anger_freeform_NOIZEUS_NOISE_DATASET_Construction_Jackhammer1_SNR[-5]dB_CLN-p092_emo_anger_freeform.csv,Construction
p092_emo_anger_sentences,BASELINE_p092_emo_anger_sentences_NOIZEUS_NOISE_DATASET_Construction_Jackhammer2_SNR[-5]dB,16000,1.058164358139038,-4.993277072906494,0.5195652842521667,2.2886007853916714,3.44150198304578,1.5203498737416632,1.7658142353520745,BASELINE_NOIZEUS_EARS_metrics.csv_ENH-BASELINE_p092_emo_anger_sentences_NOIZEUS_NOISE_DATASET_Construction_Jackhammer2_SNR[-5]dB_CLN-p092_emo_anger_sentences.csv,mband_py_N6_lin_AVR1_p092_emo_anger_sentences_Noise Recordings_Construction_Trucks_Unloading_SNR[-5]dB,16000,1.078602910041809,0.1614357680082321,0.5609809160232544,2.262487547738212,3.3267805349029493,1.622471768919316,1.7786459437983546,mband_py_N6_lin_AVR1_metrics.csv_ENH-mband_py_N6_lin_AVR1_p092_emo_anger_sentences_Noise Recordings_Construction_Trucks_Unloading_SNR[-5]dB_CLN-p092_emo_anger_sentences.csv,mband_py_N6_lin_AVR1_p092_emo_anger_sentences_NOIZEUS_NOISE_DATASET_Construction_Jackhammer2_SNR[-5]dB,16000,1.0623384714126587,-3.3882343769073486,0.5062110424041748,2.3532609939575195,3.1013172192539087,1.623433326849888,1.7525389787284045,mband_py_N6_lin_AVR1_metrics.csv_ENH-mband_py_N6_lin_AVR1_p092_emo_anger_sentences_NOIZEUS_NOISE_DATASET_Construction_Jackhammer2_SNR[-5]dB_CLN-p092_emo_anger_sentences.csv,mband_py_N6_lin_AVR1_p092_emo_anger_sentences_NOIZEUS_NOISE_DATASET_Construction_Jackhammer2_SNR[-5]dB,16000,1.0690712928771973,-2.9696998596191406,0.5114719867706299,2.391226938792637,2.943734937132534,1.6161343516015712,1.5882995464055525,mband_py_N6_lin_AVR1_metrics.csv_ENH-mband_py_N6_lin_AVR1_p092_emo_anger_sentences_NOIZEUS_NOISE_DATASET_Construction_Jackhammer2_SNR[-5]dB_CLN-p092_emo_anger_sentences.csv,Construction
p092_emo_confusion_freeform,BASELINE_p092_emo_confusion_freeform_NOIZEUS_NOISE_DATASET_Construction_Trucks_Unloading_SNR[-5]dB,16000,1.0413227081298828,-5.083518505096436,0.5150018930435181,2.000926562717982,3.0502047576176983,1.4847319379981234,1.6757311607552168,BASELINE_NOIZEUS_EARS_metrics.csv_ENH-BASELINE_p092_emo_confusion_freeform_NOIZEUS_NOISE_DATASET_Construction_Trucks_Unloading_SNR[-5]dB_CLN-p092_emo_confusion_freeform.csv,mband_py_N6_lin_AVR1_p092_emo_confusion_freeform_Noise Recordings_Inside Flight_SNR[-5]dB,16000,1.103825330734253,-0.47867351770401,0.5542374849319458,2.466483933585031,3.365549298888632,1.9071217860427256,2.123548846671643,mband_py_N6_lin_AVR1_metrics.csv_ENH-mband_py_N6_lin_AVR1_p092_emo_confusion_freeform_Noise Recordings_Inside Flight_SNR[-5]dB_CLN-p092_emo_confusion_freeform.csv,mband_py_N6_lin_AVR1_p092_emo_confusion_freeform_NOIZEUS_NOISE_DATASET_Construction_Trucks_Unloading_SNR[-5]dB,16000,1.062343716621399,-0.4826942086219787,0.5137115716934204,2.2793956143515453,3.0812585048813483,2.080363650943989,2.052977572064585,mband_py_N6_lin_AVR1_metrics.csv_ENH-mband_py_N6_lin_AVR1_p092_emo_confusion_freeform_NOIZEUS_NOISE_DATASET_Construction_Trucks_Unloading_SNR[-5]dB_CLN-p092_emo_confusion_freeform.csv,mband_py_N6_lin_AVR1_p092_emo_confusion_freeform_NOIZEUS_NOISE_DATASET_Construction_Trucks_Unloading_SNR[-5]dB,16000,1.0590474605560305,-1.0010786056518557,0.5112543106079102,2.310943910053798,3.318839232007689,1.962686625433788,2.099613978482476,mband_py_N6_lin_AVR1_metrics.csv_ENH-mband_py_N6_lin_AVR1_p092_emo_confusion_freeform_NOIZEUS_NOISE_DATASET_Construction_Trucks_Unloading_SNR[-5]dB_CLN-p092_emo_confusion_freeform.csv,Construction
p092_emo_confusion_sentences,BASELINE_p092_emo_confusion_sentences_NOIZEUS_NOISE_DATASET_Inside Flight_SNR[-5]dB,16000,1.139370679855347,-5.046665191650391,0.4294307231903076,2.581122398376465,3.9408412302732128,1.939269093356793,2.353870253075136,BASELINE_NOIZEUS_EARS_metrics.csv_ENH-BASELINE_p092_emo_confusion_sentences_NOIZEUS_NOISE_DATASET_Inside Flight_SNR[-5]dB_CLN-p092_emo_confusion_sentences.csv,mband_py_N6_lin_AVR1_p092_emo_confusion_sentences_Noise Recordings_Inside Train_1_SNR[-5]dB,16000,1.2115771770477295,-3.023027181625366,0.4103270769119262,2.415001153945923,3.57535496033796,1.80539004737096,2.035203349028879,mband_py_N6_lin_AVR1_metrics.csv_ENH-mband_py_N6_lin_AVR1_p092_emo_confusion_sentences_Noise Recordings_Inside Train_1_SNR[-5]dB_CLN-p092_emo_confusion_sentences.csv,mband_py_N6_lin_AVR1_p092_emo_confusion_sentences_NOIZEUS_NOISE_DATASET_Inside Flight_SNR[-5]dB,16000,1.1699798107147217,0.6094635725021362,0.4385241866111755,2.733133554458618,3.7904254208843744,2.2861483747781923,2.511398952321505,mband_py_N6_lin_AVR1_metrics.csv_ENH-mband_py_N6_lin_AVR1_p092_emo_confusion_sentences_NOIZEUS_NOISE_DATASET_Inside Flight_SNR[-5]dB_CLN-p092_emo_confusion_sentences.csv,mband_py_N6_lin_AVR1_p092_emo_confusion_sentences_NOIZEUS_NOISE_DATASET_Inside Flight_SNR[-5]dB,16000,1.167511820793152,0.568442165851593,0.4383558332920074,2.672574758529663,3.807489235499923,2.3985021113811693,2.564850529386017,mband_py_N6_lin_AVR1_metrics.csv_ENH-mband_py_N6_lin_AVR1_p092_emo_confusion_sentences_NOIZEUS_NOISE_DATASET_Inside Flight_SNR[-5]dB_CLN-p092_emo_confusion_sentences.csv,Flight
p092_emo_contentment_freeform,BASELINE_p092_emo_contentment_freeform_NOIZEUS_NOISE_DATASET_Inside Train_1_SNR[-5]dB,16000,1.0586082935333252,-5.005409240722656,0.5978156924247742,2.417461803981236,3.2830568839388485,1.7328021306694106,1.983821499559656,BASELINE_NOIZEUS_EARS_metrics.csv_ENH-BASELINE_p092_emo_contentment_freeform_NOIZEUS_NOISE_DATASET_Inside Train_1_SNR[-5]dB_CLN-p092_emo_contentment_freeform.csv,mband_py_N6_lin_AVR1_p092_emo_contentment_freeform_Noise Recordings_Inside Train_2_SNR[-5]dB,16000,1.1370866298675537,-0.6558239459991455,0.6388529539108276,2.78600185258048,2.9614354742216187,2.266121411470061,1.9559906338456243,mband_py_N6_lin_AVR1_metrics.csv_ENH-mband_py_N6_lin_AVR1_p092_emo_contentment_freeform_Noise Recordings_Inside Train_2_SNR[-5]dB_CLN-p092_emo_contentment_freeform.csv,mband_py_N6_lin_AVR1_p092_emo_contentment_freeform_NOIZEUS_NOISE_DATASET_Inside Train_1_SNR[-5]dB,16000,1.0644572973251345,-5.171485424041748,0.5873254537582397,2.5669747420719693,2.5420309229307496,1.8708799625866723,1.624708236844708,mband_py_N6_lin_AVR1_metrics.csv_ENH-mband_py_N6_lin_AVR1_p092_emo_contentment_freeform_NOIZEUS_NOISE_DATASET_Inside Train_1_SNR[-5]dB_CLN-p092_emo_contentment_freeform.csv,mband_py_N6_lin_AVR1_p092_emo_contentment_freeform_NOIZEUS_NOISE_DATASET_Inside Train_1_SNR[-5]dB,16000,1.0679465532302856,-5.31071138381958,0.5876854658126831,2.5915401663099016,3.2853053656493247,1.8534503513439549,2.009977183265837,mband_py_N6_lin_AVR1_metrics.csv_ENH-mband_py_N6_lin_AVR1_p092_emo_contentment_freeform_NOIZEUS_NOISE_DATASET_Inside Train_1_SNR[-5]dB_CLN-p092_emo_contentment_freeform.csv,Train
p092_emo_contentment_sentences,BASELINE_p092_emo_contentment_sentences_NOIZEUS_NOISE_DATASET_Inside Train_2_SNR[-5]dB,16000,1.072021484375,-4.999782085418701,0.6383947134017944,2.5140182971954346,3.826870800036484,1.839287459586284,2.1334227944143245,BASELINE_NOIZEUS_EARS_metrics.csv_ENH-BASELINE_p092_emo_contentment_sentences_NOIZEUS_NOISE_DATASET_Inside Train_2_SNR[-5]dB_CLN-p092_emo_contentment_sentences.csv,mband_py_N6_lin_AVR1_p092_emo_contentment_sentences_Noise Recordings_Inside Train_3_SNR[-5]dB,16000,1.1187485456466677,-3.096864461898804,0.5929610729217529,2.718341112136841,2.3447426094796486,2.1219046695134343,1.676739431418781,mband_py_N6_lin_AVR1_metrics.csv_ENH-mband_py_N6_lin_AVR1_p092_emo_contentment_sentences_Noise Recordings_Inside Train_3_SNR[-5]dB_CLN-p092_emo_contentment_sentences.csv,mband_py_N6_lin_AVR1_p092_emo_contentment_sentences_NOIZEUS_NOISE_DATASET_Inside Train_2_SNR[-5]dB,16000,1.1461565494537354,1.256269931793213,0.636009156703949,2.820582389831543,2.6684888788125227,2.2837711240379672,1.9169537132092167,mband_py_N6_lin_AVR1_metrics.csv_ENH-mband_py_N6_lin_AVR1_p092_emo_contentment_sentences_NOIZEUS_NOISE_DATASET_Inside Train_2_SNR[-5]dB_CLN-p092_emo_contentment_sentences.csv,mband_py_N6_lin_AVR1_p092_emo_contentment_sentences_NOIZEUS_NOISE_DATASET_Inside Train_2_SNR[-5]dB,16000,1.1438804864883425,1.3508479595184326,0.6351997256278992,2.777617931365967,3.07548256742878,2.1182762111107394,2.0385077475014355,mband_py_N6_lin_AVR1_metrics.csv_ENH-mband_py_N6_lin_AVR1_p092_emo_contentment_sentences_NOIZEUS_NOISE_DATASET_Inside Train_2_SNR[-5]dB_CLN-p092_emo_contentment_sentences.csv,Train
p092_emo_cuteness_freeform,BASELINE_p092_emo_cuteness_freeform_NOIZEUS_NOISE_DATASET_Inside Train_3_SNR[-5]dB,16000,1.0412366390228271,-4.928764820098877,0.5612435340881348,2.385851240158081,3.9840556295460607,1.806545962717685,2.1325948896506346,BASELINE_NOIZEUS_EARS_metrics.csv_ENH-BASELINE_p092_emo_cuteness_freeform_NOIZEUS_NOISE_DATASET_Inside Train_3_SNR[-5]dB_CLN-p092_emo_cuteness_freeform.csv,mband_py_N6_lin_AVR1_p092_emo_cuteness_freeform_Noise Recordings_PC Fan Noise_SNR[-5]dB,16000,1.0882951021194458,5.944669723510742,0.6295283436775208,2.6129125118255616,3.930867504596955,2.347827800872233,2.6615025697263333,mband_py_N6_lin_AVR1_metrics.csv_ENH-mband_py_N6_lin_AVR1_p092_emo_cuteness_freeform_Noise Recordings_PC Fan Noise_SNR[-5]dB_CLN-p092_emo_cuteness_freeform.csv,mband_py_N6_lin_AVR1_p092_emo_cuteness_freeform_NOIZEUS_NOISE_DATASET_Inside Train_3_SNR[-5]dB,16000,1.0771355628967283,-1.6532924175262451,0.5427234172821045,2.477788496017456,3.325126100526183,1.9339477865477728,2.135825930068909,mband_py_N6_lin_AVR1_metrics.csv_ENH-mband_py_N6_lin_AVR1_p092_emo_cuteness_freeform_NOIZEUS_NOISE_DATASET_Inside Train_3_SNR[-5]dB_CLN-p092_emo_cuteness_freeform.csv,mband_py_N6_lin_AVR1_p092_emo_cuteness_freeform_NOIZEUS_NOISE_DATASET_Inside Train_3_SNR[-5]dB,16000,1.075355052947998,-1.5755250453948977,0.5406907796859741,2.491700553894043,3.3234877027124243,1.7932588624578023,2.019922152752976,mband_py_N6_lin_AVR1_metrics.csv_ENH-mband_py_N6_lin_AVR1_p092_emo_cuteness_freeform_NOIZEUS_NOISE_DATASET_Inside Train_3_SNR[-5]dB_CLN-p092_emo_cuteness_freeform.csv,Train
p092_emo_cuteness_sentences,BASELINE_p092_emo_cuteness_sentences_NOIZEUS_NOISE_DATASET_PC Fan Noise_SNR[-5]dB,16000,1.0414434671401978,-4.987016677856445,0.6675800681114197,2.6568793058395386,3.386691183360388,1.538085224333285,1.8233944935353263,BASELINE_NOIZEUS_EARS_metrics.csv_ENH-BASELINE_p092_emo_cuteness_sentences_NOIZEUS_NOISE_DATASET_PC Fan Noise_SNR[-5]dB_CLN-p092_emo_cuteness_sentences.csv,mband_py_N6_lin_AVR1_p092_emo_cuteness_sentences_Noise Recordings_SSN_IEEE_SNR[-5]dB,16000,1.0568180084228516,2.0583834648132324,0.5333176255226135,2.7119330167770386,3.551077566405806,2.095752177893762,2.3933137647504354,mband_py_N6_lin_AVR1_metrics.csv_ENH-mband_py_N6_lin_AVR1_p092_emo_cuteness_sentences_Noise Recordings_SSN_IEEE_SNR[-5]dB_CLN-p092_emo_cuteness_sentences.csv,mband_py_N6_lin_AVR1_p092_emo_cuteness_sentences_NOIZEUS_NOISE_DATASET_PC Fan Noise_SNR[-5]dB,16000,1.1405856609344482,6.211914539337158,0.6847749352455139,2.696719527244568,4.185390984423712,2.2506765056460587,2.7287253954592687,mband_py_N6_lin_AVR1_metrics.csv_ENH-mband_py_N6_lin_AVR1_p092_emo_cuteness_sentences_NOIZEUS_NOISE_DATASET_PC Fan Noise_SNR[-5]dB_CLN-p092_emo_cuteness_sentences.csv,mband_py_N6_lin_AVR1_p092_emo_cuteness_sentences_NOIZEUS_NOISE_DATASET_PC Fan Noise_SNR[-5]dB,16000,1.132781744003296,6.004156112670898,0.6836159229278564,2.656599521636963,4.121172635595007,2.134367863578776,2.6048467049661257,mband_py_N6_lin_AVR1_metrics.csv_ENH-mband_py_N6_lin_AVR1_p092_emo_cuteness_sentences_NOIZEUS_NOISE_DATASET_PC Fan Noise_SNR[-5]dB_CLN-p092_emo_cuteness_sentences.csv,Stationary
p092_emo_desire_freeform,BASELINE_p092_emo_desire_freeform_NOIZEUS_NOISE_DATASET_SSN_IEEE_SNR[-5]dB,16000,1.031769037246704,-5.012791633605957,0.5301612615585327,2.277958631515503,3.1462325645271583,1.5187696509860773,1.7773297062516111,BASELINE_NOIZEUS_EARS_metrics.csv_ENH-BASELINE_p092_emo_desire_freeform_NOIZEUS_NOISE_DATASET_SSN_IEEE_SNR[-5]dB_CLN-p092_emo_desire_freeform.csv,mband_py_N6_lin_AVR1_p092_emo_desire_freeform_Noise Recordings_Street Noise_SNR[-5]dB,16000,1.0619382858276367,2.2830066680908203,0.5573249459266663,2.5579946041107178,2.3111170376969565,1.9225349408120167,1.490177003703563,mband_py_N6_lin_AVR1_metrics.csv_ENH-mband_py_N6_lin_AVR1_p092_emo_desire_freeform_Noise Recordings_Street Noise_SNR[-5]dB_CLN-p092_emo_desire_freeform.csv,mband_py_N6_lin_AVR1_p092_emo_desire_freeform_NOIZEUS_NOISE_DATASET_SSN_IEEE_SNR[-5]dB,16000,1.0685862302780151,1.8782434463500977,0.5410189032554626,2.55327578385671,2.838346593917071,1.913635031573228,1.741996037727347,mband_py_N6_lin_AVR1_metrics.csv_ENH-mband_py_N6_lin_AVR1_p092_emo_desire_freeform_NOIZEUS_NOISE_DATASET_SSN_IEEE_SNR[-5]dB_CLN-p092_emo_desire_freeform.csv,mband_py_N6_lin_AVR1_p092_emo_desire_freeform_NOIZEUS_NOISE_DATASET_SSN_IEEE_SNR[-5]dB,16000,1.0658159255981443,1.7282297611236572,0.5385958552360535,2.560300787289937,2.940623466236396,2.0152411320742374,1.8687037485751488,mband_py_N6_lin_AVR1_metrics.csv_ENH-mband_py_N6_lin_AVR1_p092_emo_desire_freeform_NOIZEUS_NOISE_DATASET_SSN_IEEE_SNR[-5]dB_CLN-p092_emo_desire_freeform.csv,Stationary
p092_emo_desire_sentences,BASELINE_p092_emo_desire_sentences_NOIZEUS_NOISE_DATASET_Street Noise_SNR[-5]dB,16000,1.0716552734375,-5.073538303375244,0.5519740581512451,2.6172146002451577,3.689643721582028,1.9516982958760192,2.199015411846409,BASELINE_NOIZEUS_EARS_metrics.csv_ENH-BASELINE_p092_emo_desire_sentences_NOIZEUS_NOISE_DATASET_Street Noise_SNR[-5]dB_CLN-p092_emo_desire_sentences.csv,mband_py_N6_lin_AVR1_p092_emo_desire_sentences_Noise Recordings_Street Noise_downtown_SNR[-5]dB,16000,1.1215367317199707,-1.8593074083328247,0.5501301884651184,2.5314012368520102,3.674543559412757,2.2407361541539093,2.3569163699126343,mband_py_N6_lin_AVR1_metrics.csv_ENH-mband_py_N6_lin_AVR1_p092_emo_desire_sentences_Noise Recordings_Street Noise_downtown_SNR[-5]dB_CLN-p092_emo_desire_sentences.csv,mband_py_N6_lin_AVR1_p092_emo_desire_sentences_NOIZEUS_NOISE_DATASET_Street Noise_SNR[-5]dB,16000,1.1393084526062012,2.0646843910217285,0.5651239156723022,2.663207213083903,2.7436190788319728,2.7045059737172323,1.97810429480211,mband_py_N6_lin_AVR1_metrics.csv_ENH-mband_py_N6_lin_AVR1_p092_emo_desire_sentences_NOIZEUS_NOISE_DATASET_Street Noise_SNR[-5]dB_CLN-p092_emo_desire_sentences.csv,mband_py_N6_lin_AVR1_p092_emo_desire_sentences_NOIZEUS_NOISE_DATASET_Street Noise_SNR[-5]dB,16000,1.130218267440796,1.9758572578430176,0.5652040839195251,2.550582965215048,2.9056122421653647,2.5878239846821547,2.010943617777368,mband_py_N6_lin_AVR1_metrics.csv_ENH-mband_py_N6_lin_AVR1_p092_emo_desire_sentences_NOIZEUS_NOISE_DATASET_Street Noise_SNR[-5]dB_CLN-p092_emo_desire_sentences.csv,Street
p092_emo_disappointment_freeform,BASELINE_p092_emo_disappointment_freeform_NOIZEUS_NOISE_DATASET_Street Noise_downtown_SNR[-5]dB,16000,1.1387814283370972,-5.014179229736328,0.5528799891471863,2.0869597366877963,3.087569308124193,1.4660888327173045,1.7222439955916482,BASELINE_NOIZEUS_EARS_metrics.csv_ENH-BASELINE_p092_emo_disappointment_freeform_NOIZEUS_NOISE_DATASET_Street Noise_downtown_SNR[-5]dB_CLN-p092_emo_disappointment_freeform.csv,mband_py_N6_lin_AVR1_p092_emo_disappointment_freeform_Noise Recordings_Train1_SNR[-5]dB,16000,1.1103368997573853,-3.5549392700195312,0.6130775213241577,2.545872245516096,3.4669983670702584,2.16507160225203,2.386687432216543,mband_py_N6_lin_AVR1_metrics.csv_ENH-mband_py_N6_lin_AVR1_p092_emo_disappointment_freeform_Noise Recordings_Train1_SNR[-5]dB_CLN-p092_emo_disappointment_freeform.csv,mband_py_N6_lin_AVR1_p092_emo_disappointment_freeform_NOIZEUS_NOISE_DATASET_Street Noise_downtown_SNR[-5]dB,16000,1.1397597789764404,-0.607554018497467,0.5522070527076721,2.346926586968558,3.140455116056191,1.835571996185584,1.8861834722407484,mband_py_N6_lin_AVR1_metrics.csv_ENH-mband_py_N6_lin_AVR1_p092_emo_disappointment_freeform_NOIZEUS_NOISE_DATASET_Street Noise_downtown_SNR[-5]dB_CLN-p092_emo_disappointment_freeform.csv,mband_py_N6_lin_AVR1_p092_emo_disappointment_freeform_NOIZEUS_NOISE_DATASET_Street Noise_downtown_SNR[-5]dB,16000,1.134086847305298,-1.824219822883606,0.5487638115882874,2.404183728354318,3.068358615371428,1.778674993195429,1.8082453395558824,mband_py_N6_lin_AVR1_metrics.csv_ENH-mband_py_N6_lin_AVR1_p092_emo_disappointment_freeform_NOIZEUS_NOISE_DATASET_Street Noise_downtown_SNR[-5]dB_CLN-p092_emo_disappointment_freeform.csv,Street
p092_emo_disappointment_sentences,BASELINE_p092_emo_disappointment_sentences_NOIZEUS_NOISE_DATASET_Train1_SNR[-5]dB,16000,1.08449387550354,-4.998906135559082,0.5826579332351685,2.378511905670166,4.238711265629794,1.731173360020247,2.2354913633313034,BASELINE_NOIZEUS_EARS_metrics.csv_ENH-BASELINE_p092_emo_disappointment_sentences_NOIZEUS_NOISE_DATASET_Train1_SNR[-5]dB_CLN-p092_emo_disappointment_sentences.csv,mband_py_N6_lin_AVR1_p092_emo_disappointment_sentences_Noise Recordings_Train2_SNR[-5]dB,16000,1.1076048612594604,-5.349584579467773,0.5695765018463135,2.488440990447998,4.285822011132741,1.9565763360905253,2.506933877404508,mband_py_N6_lin_AVR1_metrics.csv_ENH-mband_py_N6_lin_AVR1_p092_emo_disappointment_sentences_Noise Recordings_Train2_SNR[-5]dB_CLN-p092_emo_disappointment_sentences.csv,mband_py_N6_lin_AVR1_p092_emo_disappointment_sentences_NOIZEUS_NOISE_DATASET_Train1_SNR[-5]dB,16000,1.1032698154449463,2.830057144165039,0.5839235782623291,2.571376144886017,3.9141994585749744,2.3553029728541217,2.6496356454463355,mband_py_N6_lin_AVR1_metrics.csv_ENH-mband_py_N6_lin_AVR1_p092_emo_disappointment_sentences_NOIZEUS_NOISE_DATASET_Train1_SNR[-5]dB_CLN-p092_emo_disappointment_sentences.csv,mband_py_N6_lin_AVR1_p092_emo_disappointment_sentences_NOIZEUS_NOISE_DATASET_Train1_SNR[-5]dB,16000,1.0995275974273682,2.4415416717529297,0.5829038023948669,2.61076682806015,3.879196140502509,2.16420211680644,2.485177562805622,mband_py_N6_lin_AVR1_metrics.csv_ENH-mband_py_N6_lin_AVR1_p092_emo_disappointment_sentences_NOIZEUS_NOISE_DATASET_Train1_SNR[-5]dB_CLN-p092_emo_disappointment_sentences.csv,Train
p092_emo_disgust_freeform,BASELINE_p092_emo_disgust_freeform_NOIZEUS_NOISE_DATASET_Train2_SNR[-5]dB,16000,1.0536330938339231,-4.978754997253418,0.6441189050674438,2.5158767018999373,3.078630467854222,1.410537933081761,1.6345429157767573,BASELINE_NOIZEUS_EARS_metrics.csv_ENH-BASELINE_p092_emo_disgust_freeform_NOIZEUS_NOISE_DATASET_Train2_SNR[-5]dB_CLN-p092_emo_disgust_freeform.csv,mband_py_N6_lin_AVR1_p092_emo_disgust_freeform_Noise Recordings_Water Cooler_SNR[-5]dB,16000,1.2192054986953735,2.845046043395996,0.6548013687133789,2.7563342366899763,4.0525353578476135,2.1658149814398686,2.594678248623325,mband_py_N6_lin_AVR1_metrics.csv_ENH-mband_py_N6_lin_AVR1_p092_emo_disgust_freeform_Noise Recordings_Water Cooler_SNR[-5]dB_CLN-p092_emo_disgust_freeform.csv,mband_py_N6_lin_AVR1_p092_emo_disgust_freeform_NOIZEUS_NOISE_DATASET_Train2_SNR[-5]dB,16000,1.069435954093933,-0.3829113245010376,0.6539163589477539,2.62692505972726,3.5534468801807475,1.9116962801903088,2.177399662285713,mband_py_N6_lin_AVR1_metrics.csv_ENH-mband_py_N6_lin_AVR1_p092_emo_disgust_freeform_NOIZEUS_NOISE_DATASET_Train2_SNR[-5]dB_CLN-p092_emo_disgust_freeform.csv,mband_py_N6_lin_AVR1_p092_emo_disgust_freeform_NOIZEUS_NOISE_DATASET_Train2_SNR[-5]dB,16000,1.074763298034668,-0.1160299032926559,0.6550205945968628,2.6627113478524342,3.518911313924601,1.9038955126607904,2.1489646262725266,mband_py_N6_lin_AVR1_metrics.csv_ENH-mband_py_N6_lin_AVR1_p092_emo_disgust_freeform_NOIZEUS_NOISE_DATASET_Train2_SNR[-5]dB_CLN-p092_emo_disgust_freeform.csv,Train
p092_emo_disgust_sentences,BASELINE_p092_emo_disgust_sentences_NOIZEUS_NOISE_DATASET_Water Cooler_SNR[-5]dB,16000,1.144395112991333,-5.048757076263428,0.6084635257720947,2.548366594314575,4.056968065856824,1.8827338932625823,2.2717664041068346,BASELINE_NOIZEUS_EARS_metrics.csv_ENH-BASELINE_p092_emo_disgust_sentences_NOIZEUS_NOISE_DATASET_Water Cooler_SNR[-5]dB_CLN-p092_emo_disgust_sentences.csv,mband_py_N6_lin_AVR1_p092_emo_disgust_sentences_Noise Recordings_cafeteria_babble_SNR[-5]dB,16000,1.1420460939407349,-1.979676604270935,0.5198429822921753,2.5915478706359862,3.263105612812171,1.7962875851166489,1.918040996232098,mband_py_N6_lin_AVR1_metrics.csv_ENH-mband_py_N6_lin_AVR1_p092_emo_disgust_sentences_Noise Recordings_cafeteria_babble_SNR[-5]dB_CLN-p092_emo_disgust_sentences.csv,mband_py_N6_lin_AVR1_p092_emo_disgust_sentences_NOIZEUS_NOISE_DATASET_Water Cooler_SNR[-5]dB,16000,1.335768222808838,2.5815329551696777,0.6245570182800293,2.8529559135437013,3.867402905478981,2.363653283322685,2.636315997997955,mband_py_N6_lin_AVR1_metrics.csv_ENH-mband_py_N6_lin_AVR1_p092_emo_disgust_sentences_NOIZEUS_NOISE_DATASET_Water Cooler_SNR[-5]dB_CLN-p092_emo_disgust_sentences.csv,mband_py_N6_lin_AVR1_p092_emo_disgust_sentences_NOIZEUS_NOISE_DATASET_Water Cooler_SNR[-5]dB,16000,1.3403853178024292,2.702012062072754,0.62486332654953,2.863569736480713,4.020232548786865,2.2871313366138293,2.6674403876633743,mband_py_N6_lin_AVR1_metrics.csv_ENH-mband_py_N6_lin_AVR1_p092_emo_disgust_sentences_NOIZEUS_NOISE_DATASET_Water Cooler_SNR[-5]dB_CLN-p092_emo_disgust_sentences.csv,Stationary
