clean_file,enhanced_file,sampling_rate,PESQ_Noisy,SI_SDR_Noisy,STOI_Noisy,DNSMOS_p808_mos_Noisy,DNSMOS_mos_sig_Noisy,DNSMOS_mos_bak_Noisy,DNSMOS_mos_ovr_Noisy,source_file,enhanced_file_mband_py_mel_avr1_future_frames,sampling_rate_mband_py_mel_avr1_future_frames,PESQ_mband_py_mel_avr1_future_frames,SI_SDR_mband_py_mel_avr1_future_frames,STOI_mband_py_mel_avr1_future_frames,DNSMOS_p808_mos_mband_py_mel_avr1_future_frames,DNSMOS_mos_sig_mband_py_mel_avr1_future_frames,DNSMOS_mos_bak_mband_py_mel_avr1_future_frames,DNSMOS_mos_ovr_mband_py_mel_avr1_future_frames,source_file_mband_py_mel_avr1_future_frames,enhanced_file_mband_py_mel_stream_avr1_cons_wts_xmgasm,sampling_rate_mband_py_mel_stream_avr1_cons_wts_xmgasm,PESQ_mband_py_mel_stream_avr1_cons_wts_xmgasm,SI_SDR_mband_py_mel_stream_avr1_cons_wts_xmgasm,STOI_mband_py_mel_stream_avr1_cons_wts_xmgasm,DNSMOS_p808_mos_mband_py_mel_stream_avr1_cons_wts_xmgasm,DNSMOS_mos_sig_mband_py_mel_stream_avr1_cons_wts_xmgasm,DNSMOS_mos_bak_mband_py_mel_stream_avr1_cons_wts_xmgasm,DNSMOS_mos_ovr_mband_py_mel_stream_avr1_cons_wts_xmgasm,source_file_mband_py_mel_stream_avr1_cons_wts_xmgasm,enhanced_file_mband_py_mel_stream_avr1_og_wts_xmgasm,sampling_rate_mband_py_mel_stream_avr1_og_wts_xmgasm,PESQ_mband_py_mel_stream_avr1_og_wts_xmgasm,SI_SDR_mband_py_mel_stream_avr1_og_wts_xmgasm,STOI_mband_py_mel_stream_avr1_og_wts_xmgasm,DNSMOS_p808_mos_mband_py_mel_stream_avr1_og_wts_xmgasm,DNSMOS_mos_sig_mband_py_mel_stream_avr1_og_wts_xmgasm,DNSMOS_mos_bak_mband_py_mel_stream_avr1_og_wts_xmgasm,DNSMOS_mos_ovr_mband_py_mel_stream_avr1_og_wts_xmgasm,source_file_mband_py_mel_stream_avr1_og_wts_xmgasm,noise_category
p092_emo_adoration_freeform,BASELINE_p092_emo_adoration_freeform_NOIZEUS_NOISE_DATASET_cafeteria_babble_SNR[0]dB,16000,1.0672342777252195,-0.0616480335593223,0.6657214164733887,2.339170495669047,4.153013232777118,2.080801474717147,2.5163650343384623,BASELINE_NOIZEUS_EARS_metrics.csv_ENH-BASELINE_p092_emo_adoration_freeform_NOIZEUS_NOISE_DATASET_cafeteria_babble_SNR[0]dB_CLN-p092_emo_adoration_freeform.csv,mband_py_N6_mel_AVR1_8_p092_emo_adoration_freeform_NOIZEUS_NOISE_DATASET_cafeteria_babble_SNR[0]dB,16000,1.1526544094085691,2.4735000133514404,0.6678318381309509,2.5955820083618164,3.9248110527970153,2.26818121597308,2.579537668220436,mband_py_N6_mel_AVR1_8_metrics.csv_ENH-mband_py_N6_mel_AVR1_8_p092_emo_adoration_freeform_NOIZEUS_NOISE_DATASET_cafeteria_babble_SNR[0]dB_CLN-p092_emo_adoration_freeform.csv,mband_py_N6_mel_AVR1_p092_emo_adoration_freeform_NOIZEUS_NOISE_DATASET_cafeteria_babble_SNR[0]dB,16000,1.149097919464111,2.2715022563934326,0.6551299691200256,2.6149392127990723,3.262094316448445,1.990947343539388,2.038338238570648,mband_py_N6_mel_AVR1_metrics.csv_ENH-mband_py_N6_mel_AVR1_p092_emo_adoration_freeform_NOIZEUS_NOISE_DATASET_cafeteria_babble_SNR[0]dB_CLN-p092_emo_adoration_freeform.csv,mband_py_N6_mel_AVR1_p092_emo_adoration_freeform_NOIZEUS_NOISE_DATASET_cafeteria_babble_SNR[0]dB,16000,1.1478571891784668,2.342368125915528,0.6554495096206665,2.689340591430664,2.8900047642340385,1.9118864685981665,1.7753306541362142,mband_py_N6_mel_AVR1_metrics.csv_ENH-mband_py_N6_mel_AVR1_p092_emo_adoration_freeform_NOIZEUS_NOISE_DATASET_cafeteria_babble_SNR[0]dB_CLN-p092_emo_adoration_freeform.csv,Babble
p092_emo_adoration_sentences,BASELINE_p092_emo_adoration_sentences_NOIZEUS_NOISE_DATASET_Car Noise_60mph_SNR[0]dB,16000,1.0904881954193115,0.0255754683166742,0.6831189393997192,3.291677815573556,3.982278203567337,2.3249485526839133,2.6397158640076546,BASELINE_NOIZEUS_EARS_metrics.csv_ENH-BASELINE_p092_emo_adoration_sentences_NOIZEUS_NOISE_DATASET_Car Noise_60mph_SNR[0]dB_CLN-p092_emo_adoration_sentences.csv,mband_py_N6_mel_AVR1_8_p092_emo_adoration_sentences_NOIZEUS_NOISE_DATASET_Car Noise_60mph_SNR[0]dB,16000,1.3038488626480105,6.012223243713379,0.6760660409927368,3.2689690249306813,3.4592418617802045,2.6013740446135003,2.371489938546844,mband_py_N6_mel_AVR1_8_metrics.csv_ENH-mband_py_N6_mel_AVR1_8_p092_emo_adoration_sentences_NOIZEUS_NOISE_DATASET_Car Noise_60mph_SNR[0]dB_CLN-p092_emo_adoration_sentences.csv,mband_py_N6_mel_AVR1_p092_emo_adoration_sentences_NOIZEUS_NOISE_DATASET_Car Noise_60mph_SNR[0]dB,16000,1.2577970027923584,5.54455041885376,0.6667278409004211,3.500751393181937,2.696281573901593,2.5531775145208337,1.9488967229306589,mband_py_N6_mel_AVR1_metrics.csv_ENH-mband_py_N6_mel_AVR1_p092_emo_adoration_sentences_NOIZEUS_NOISE_DATASET_Car Noise_60mph_SNR[0]dB_CLN-p092_emo_adoration_sentences.csv,mband_py_N6_mel_AVR1_p092_emo_adoration_sentences_NOIZEUS_NOISE_DATASET_Car Noise_60mph_SNR[0]dB,16000,1.2528051137924194,5.585817337036133,0.667083740234375,3.48860662324088,2.566562713374384,2.520378614745056,1.874458068723113,mband_py_N6_mel_AVR1_metrics.csv_ENH-mband_py_N6_mel_AVR1_p092_emo_adoration_sentences_NOIZEUS_NOISE_DATASET_Car Noise_60mph_SNR[0]dB_CLN-p092_emo_adoration_sentences.csv,Car
p092_emo_amazement_freeform,BASELINE_p092_emo_amazement_freeform_NOIZEUS_NOISE_DATASET_Car Noise_Idle Noise_40mph_SNR[0]dB,16000,1.046845555305481,-0.0022661311086267,0.736253023147583,2.7483157430376326,4.077721650315152,1.8823738212561207,2.376026342813176,BASELINE_NOIZEUS_EARS_metrics.csv_ENH-BASELINE_p092_emo_amazement_freeform_NOIZEUS_NOISE_DATASET_Car Noise_Idle Noise_40mph_SNR[0]dB_CLN-p092_emo_amazement_freeform.csv,mband_py_N6_mel_AVR1_8_p092_emo_amazement_freeform_NOIZEUS_NOISE_DATASET_Car Noise_Idle Noise_40mph_SNR[0]dB,16000,1.2277408838272097,8.031713485717773,0.740799069404602,2.882878848484584,3.772539751983417,2.515514660574102,2.6871534893933995,mband_py_N6_mel_AVR1_8_metrics.csv_ENH-mband_py_N6_mel_AVR1_8_p092_emo_amazement_freeform_NOIZEUS_NOISE_DATASET_Car Noise_Idle Noise_40mph_SNR[0]dB_CLN-p092_emo_amazement_freeform.csv,mband_py_N6_mel_AVR1_p092_emo_amazement_freeform_NOIZEUS_NOISE_DATASET_Car Noise_Idle Noise_40mph_SNR[0]dB,16000,1.213998556137085,7.7682785987854,0.7315476536750793,2.967563254492624,3.348035272323275,2.454344919067029,2.409237221830723,mband_py_N6_mel_AVR1_metrics.csv_ENH-mband_py_N6_mel_AVR1_p092_emo_amazement_freeform_NOIZEUS_NOISE_DATASET_Car Noise_Idle Noise_40mph_SNR[0]dB_CLN-p092_emo_amazement_freeform.csv,mband_py_N6_mel_AVR1_p092_emo_amazement_freeform_NOIZEUS_NOISE_DATASET_Car Noise_Idle Noise_40mph_SNR[0]dB,16000,1.2142616510391235,7.925663471221924,0.7338162064552307,2.985077210835048,3.392917530217856,2.4353584293048107,2.431734828834768,mband_py_N6_mel_AVR1_metrics.csv_ENH-mband_py_N6_mel_AVR1_p092_emo_amazement_freeform_NOIZEUS_NOISE_DATASET_Car Noise_Idle Noise_40mph_SNR[0]dB_CLN-p092_emo_amazement_freeform.csv,Car
p092_emo_amazement_sentences,BASELINE_p092_emo_amazement_sentences_NOIZEUS_NOISE_DATASET_Car Noise_Idle Noise_60mph_SNR[0]dB,16000,1.0949115753173828,0.0157875958830118,0.6954527497291565,3.091194868087769,4.021723695920817,2.1745096029849966,2.5055831200872976,BASELINE_NOIZEUS_EARS_metrics.csv_ENH-BASELINE_p092_emo_amazement_sentences_NOIZEUS_NOISE_DATASET_Car Noise_Idle Noise_60mph_SNR[0]dB_CLN-p092_emo_amazement_sentences.csv,mband_py_N6_mel_AVR1_8_p092_emo_amazement_sentences_NOIZEUS_NOISE_DATASET_Car Noise_Idle Noise_60mph_SNR[0]dB,16000,1.26739764213562,7.075612545013428,0.696631669998169,2.7567057609558105,3.4613670248724646,2.749157965064123,2.5958061667989694,mband_py_N6_mel_AVR1_8_metrics.csv_ENH-mband_py_N6_mel_AVR1_8_p092_emo_amazement_sentences_NOIZEUS_NOISE_DATASET_Car Noise_Idle Noise_60mph_SNR[0]dB_CLN-p092_emo_amazement_sentences.csv,mband_py_N6_mel_AVR1_p092_emo_amazement_sentences_NOIZEUS_NOISE_DATASET_Car Noise_Idle Noise_60mph_SNR[0]dB,16000,1.2410528659820557,6.503053665161133,0.6830849647521973,2.7992498874664307,2.9385106127387672,2.6112791330254463,2.207407673541153,mband_py_N6_mel_AVR1_metrics.csv_ENH-mband_py_N6_mel_AVR1_p092_emo_amazement_sentences_NOIZEUS_NOISE_DATASET_Car Noise_Idle Noise_60mph_SNR[0]dB_CLN-p092_emo_amazement_sentences.csv,mband_py_N6_mel_AVR1_p092_emo_amazement_sentences_NOIZEUS_NOISE_DATASET_Car Noise_Idle Noise_60mph_SNR[0]dB,16000,1.2383779287338257,6.524445533752441,0.6825031042098999,2.822920322418213,2.9929741348156886,2.4909360507279508,2.1861437320080976,mband_py_N6_mel_AVR1_metrics.csv_ENH-mband_py_N6_mel_AVR1_p092_emo_amazement_sentences_NOIZEUS_NOISE_DATASET_Car Noise_Idle Noise_60mph_SNR[0]dB_CLN-p092_emo_amazement_sentences.csv,Car
p092_emo_amusement_freeform,BASELINE_p092_emo_amusement_freeform_NOIZEUS_NOISE_DATASET_Construction_Crane_Moving_SNR[0]dB,16000,1.031414270401001,-0.0358588807284832,0.6414271593093872,2.2904826402664185,3.5712718763632827,1.4094170508500428,1.6665326785880443,BASELINE_NOIZEUS_EARS_metrics.csv_ENH-BASELINE_p092_emo_amusement_freeform_NOIZEUS_NOISE_DATASET_Construction_Crane_Moving_SNR[0]dB_CLN-p092_emo_amusement_freeform.csv,mband_py_N6_mel_AVR1_8_p092_emo_amusement_freeform_NOIZEUS_NOISE_DATASET_Construction_Crane_Moving_SNR[0]dB,16000,1.054345965385437,0.8987220525741577,0.6614830493927002,2.360090494155884,3.4822989753880926,1.6539673686776168,1.9840408712543165,mband_py_N6_mel_AVR1_8_metrics.csv_ENH-mband_py_N6_mel_AVR1_8_p092_emo_amusement_freeform_NOIZEUS_NOISE_DATASET_Construction_Crane_Moving_SNR[0]dB_CLN-p092_emo_amusement_freeform.csv,mband_py_N6_mel_AVR1_p092_emo_amusement_freeform_NOIZEUS_NOISE_DATASET_Construction_Crane_Moving_SNR[0]dB,16000,1.0539202690124512,0.8676496148109436,0.6526522040367126,2.323632836341858,3.3732167227424794,1.5940574750706276,1.892516468080312,mband_py_N6_mel_AVR1_metrics.csv_ENH-mband_py_N6_mel_AVR1_p092_emo_amusement_freeform_NOIZEUS_NOISE_DATASET_Construction_Crane_Moving_SNR[0]dB_CLN-p092_emo_amusement_freeform.csv,mband_py_N6_mel_AVR1_p092_emo_amusement_freeform_NOIZEUS_NOISE_DATASET_Construction_Crane_Moving_SNR[0]dB,16000,1.053088665008545,0.9372774362564088,0.6535821557044983,2.3304039239883423,3.3135773209496984,1.5393565899829509,1.7988903019947975,mband_py_N6_mel_AVR1_metrics.csv_ENH-mband_py_N6_mel_AVR1_p092_emo_amusement_freeform_NOIZEUS_NOISE_DATASET_Construction_Crane_Moving_SNR[0]dB_CLN-p092_emo_amusement_freeform.csv,Construction
p092_emo_amusement_sentences,BASELINE_p092_emo_amusement_sentences_NOIZEUS_NOISE_DATASET_Construction_Drilling_SNR[0]dB,16000,1.0514533519744873,-0.0219533685594797,0.6786617636680603,2.6263198852539062,3.6337719950285288,1.6504708068332006,1.865346168585879,BASELINE_NOIZEUS_EARS_metrics.csv_ENH-BASELINE_p092_emo_amusement_sentences_NOIZEUS_NOISE_DATASET_Construction_Drilling_SNR[0]dB_CLN-p092_emo_amusement_sentences.csv,mband_py_N6_mel_AVR1_8_p092_emo_amusement_sentences_NOIZEUS_NOISE_DATASET_Construction_Drilling_SNR[0]dB,16000,1.1266026496887207,4.664154529571533,0.6978144645690918,2.800173123677572,3.702466565812738,2.169759455510877,2.315621038083929,mband_py_N6_mel_AVR1_8_metrics.csv_ENH-mband_py_N6_mel_AVR1_8_p092_emo_amusement_sentences_NOIZEUS_NOISE_DATASET_Construction_Drilling_SNR[0]dB_CLN-p092_emo_amusement_sentences.csv,mband_py_N6_mel_AVR1_p092_emo_amusement_sentences_NOIZEUS_NOISE_DATASET_Construction_Drilling_SNR[0]dB,16000,1.1263573169708252,4.461263656616211,0.672536313533783,2.8053351243337,3.349982848271047,2.1044312950005923,2.160537994390842,mband_py_N6_mel_AVR1_metrics.csv_ENH-mband_py_N6_mel_AVR1_p092_emo_amusement_sentences_NOIZEUS_NOISE_DATASET_Construction_Drilling_SNR[0]dB_CLN-p092_emo_amusement_sentences.csv,mband_py_N6_mel_AVR1_p092_emo_amusement_sentences_NOIZEUS_NOISE_DATASET_Construction_Drilling_SNR[0]dB,16000,1.1238726377487185,4.541348457336426,0.6696028113365173,2.8044141928354898,3.1412175987211604,2.1279697112777907,2.0742674918558817,mband_py_N6_mel_AVR1_metrics.csv_ENH-mband_py_N6_mel_AVR1_p092_emo_amusement_sentences_NOIZEUS_NOISE_DATASET_Construction_Drilling_SNR[0]dB_CLN-p092_emo_amusement_sentences.csv,Construction
p092_emo_anger_freeform,BASELINE_p092_emo_anger_freeform_NOIZEUS_NOISE_DATASET_Construction_Jackhammer1_SNR[0]dB,16000,1.0795637369155884,-0.0186902247369289,0.6950518488883972,2.215935502733504,3.967556965941901,1.3496612515425508,1.7340406732599705,BASELINE_NOIZEUS_EARS_metrics.csv_ENH-BASELINE_p092_emo_anger_freeform_NOIZEUS_NOISE_DATASET_Construction_Jackhammer1_SNR[0]dB_CLN-p092_emo_anger_freeform.csv,mband_py_N6_mel_AVR1_8_p092_emo_anger_freeform_NOIZEUS_NOISE_DATASET_Construction_Jackhammer1_SNR[0]dB,16000,1.1661653518676758,2.908698558807373,0.7114096879959106,2.6280321053096225,2.9614090537984934,1.5350944421317738,1.5614512907407934,mband_py_N6_mel_AVR1_8_metrics.csv_ENH-mband_py_N6_mel_AVR1_8_p092_emo_anger_freeform_NOIZEUS_NOISE_DATASET_Construction_Jackhammer1_SNR[0]dB_CLN-p092_emo_anger_freeform.csv,mband_py_N6_mel_AVR1_p092_emo_anger_freeform_NOIZEUS_NOISE_DATASET_Construction_Jackhammer1_SNR[0]dB,16000,1.1352789402008057,2.255808591842652,0.7010079622268677,2.348025049482073,2.96902179197456,1.405193574784947,1.4574559057471437,mband_py_N6_mel_AVR1_metrics.csv_ENH-mband_py_N6_mel_AVR1_p092_emo_anger_freeform_NOIZEUS_NOISE_DATASET_Construction_Jackhammer1_SNR[0]dB_CLN-p092_emo_anger_freeform.csv,mband_py_N6_mel_AVR1_p092_emo_anger_freeform_NOIZEUS_NOISE_DATASET_Construction_Jackhammer1_SNR[0]dB,16000,1.1297460794448853,2.280514717102051,0.7023881077766418,2.2976623603275845,2.973540317092952,1.4755227068801176,1.5171731935084427,mband_py_N6_mel_AVR1_metrics.csv_ENH-mband_py_N6_mel_AVR1_p092_emo_anger_freeform_NOIZEUS_NOISE_DATASET_Construction_Jackhammer1_SNR[0]dB_CLN-p092_emo_anger_freeform.csv,Construction
p092_emo_anger_sentences,BASELINE_p092_emo_anger_sentences_NOIZEUS_NOISE_DATASET_Construction_Jackhammer2_SNR[0]dB,16000,1.0799018144607544,-0.0100509766489267,0.6121392846107483,2.4460514272962297,3.250561075130048,1.526948585882361,1.7481148841577556,BASELINE_NOIZEUS_EARS_metrics.csv_ENH-BASELINE_p092_emo_anger_sentences_NOIZEUS_NOISE_DATASET_Construction_Jackhammer2_SNR[0]dB_CLN-p092_emo_anger_sentences.csv,mband_py_N6_mel_AVR1_8_p092_emo_anger_sentences_NOIZEUS_NOISE_DATASET_Construction_Jackhammer2_SNR[0]dB,16000,1.197744846343994,3.354165315628052,0.6457351446151733,2.5766328402927945,3.2661020787751767,1.643230621113528,1.885623711585778,mband_py_N6_mel_AVR1_8_metrics.csv_ENH-mband_py_N6_mel_AVR1_8_p092_emo_anger_sentences_NOIZEUS_NOISE_DATASET_Construction_Jackhammer2_SNR[0]dB_CLN-p092_emo_anger_sentences.csv,mband_py_N6_mel_AVR1_p092_emo_anger_sentences_NOIZEUS_NOISE_DATASET_Construction_Jackhammer2_SNR[0]dB,16000,1.1608867645263672,2.7300848960876465,0.6211103200912476,2.600557667868478,3.145115796828005,1.5958420801094075,1.7927360331634792,mband_py_N6_mel_AVR1_metrics.csv_ENH-mband_py_N6_mel_AVR1_p092_emo_anger_sentences_NOIZEUS_NOISE_DATASET_Construction_Jackhammer2_SNR[0]dB_CLN-p092_emo_anger_sentences.csv,mband_py_N6_mel_AVR1_p092_emo_anger_sentences_NOIZEUS_NOISE_DATASET_Construction_Jackhammer2_SNR[0]dB,16000,1.158660054206848,2.738201141357422,0.6193657517433167,2.59615353175572,2.994495144046682,1.609121144417627,1.7337974280673614,mband_py_N6_mel_AVR1_metrics.csv_ENH-mband_py_N6_mel_AVR1_p092_emo_anger_sentences_NOIZEUS_NOISE_DATASET_Construction_Jackhammer2_SNR[0]dB_CLN-p092_emo_anger_sentences.csv,Construction
p092_emo_confusion_freeform,BASELINE_p092_emo_confusion_freeform_NOIZEUS_NOISE_DATASET_Construction_Trucks_Unloading_SNR[0]dB,16000,1.0653318166732788,-0.0294066499918699,0.5996916890144348,2.10508063861302,3.5185175291529207,1.6680967000642646,1.9837911049820407,BASELINE_NOIZEUS_EARS_metrics.csv_ENH-BASELINE_p092_emo_confusion_freeform_NOIZEUS_NOISE_DATASET_Construction_Trucks_Unloading_SNR[0]dB_CLN-p092_emo_confusion_freeform.csv,mband_py_N6_mel_AVR1_8_p092_emo_confusion_freeform_NOIZEUS_NOISE_DATASET_Construction_Trucks_Unloading_SNR[0]dB,16000,1.108529806137085,2.059185266494751,0.5759081840515137,2.462411437715803,4.0148385700456455,2.3196090672523506,2.605127130359908,mband_py_N6_mel_AVR1_8_metrics.csv_ENH-mband_py_N6_mel_AVR1_8_p092_emo_confusion_freeform_NOIZEUS_NOISE_DATASET_Construction_Trucks_Unloading_SNR[0]dB_CLN-p092_emo_confusion_freeform.csv,mband_py_N6_mel_AVR1_p092_emo_confusion_freeform_NOIZEUS_NOISE_DATASET_Construction_Trucks_Unloading_SNR[0]dB,16000,1.1376092433929443,4.161242485046387,0.5696985125541687,2.5386460508619035,3.751745172235303,2.1256443560509903,2.3816607254530733,mband_py_N6_mel_AVR1_metrics.csv_ENH-mband_py_N6_mel_AVR1_p092_emo_confusion_freeform_NOIZEUS_NOISE_DATASET_Construction_Trucks_Unloading_SNR[0]dB_CLN-p092_emo_confusion_freeform.csv,mband_py_N6_mel_AVR1_p092_emo_confusion_freeform_NOIZEUS_NOISE_DATASET_Construction_Trucks_Unloading_SNR[0]dB,16000,1.142707109451294,4.607663631439209,0.5695192813873291,2.456989662987845,3.631213946593692,2.023118846399787,2.245409148024607,mband_py_N6_mel_AVR1_metrics.csv_ENH-mband_py_N6_mel_AVR1_p092_emo_confusion_freeform_NOIZEUS_NOISE_DATASET_Construction_Trucks_Unloading_SNR[0]dB_CLN-p092_emo_confusion_freeform.csv,Construction
p092_emo_confusion_sentences,BASELINE_p092_emo_confusion_sentences_NOIZEUS_NOISE_DATASET_Inside Flight_SNR[0]dB,16000,1.26453959941864,-0.0184003598988056,0.4649150669574737,2.576535940170288,3.884979279231613,2.066306258257333,2.325490793186937,BASELINE_NOIZEUS_EARS_metrics.csv_ENH-BASELINE_p092_emo_confusion_sentences_NOIZEUS_NOISE_DATASET_Inside Flight_SNR[0]dB_CLN-p092_emo_confusion_sentences.csv,mband_py_N6_mel_AVR1_8_p092_emo_confusion_sentences_NOIZEUS_NOISE_DATASET_Inside Flight_SNR[0]dB,16000,1.4581509828567505,5.598323345184326,0.495745986700058,2.6258108615875244,3.975644525293528,3.017473114512654,3.01545331534706,mband_py_N6_mel_AVR1_8_metrics.csv_ENH-mband_py_N6_mel_AVR1_8_p092_emo_confusion_sentences_NOIZEUS_NOISE_DATASET_Inside Flight_SNR[0]dB_CLN-p092_emo_confusion_sentences.csv,mband_py_N6_mel_AVR1_p092_emo_confusion_sentences_NOIZEUS_NOISE_DATASET_Inside Flight_SNR[0]dB,16000,1.4342644214630127,4.776936054229736,0.4880626499652862,2.580729484558105,3.84874505087555,2.8925565760667595,2.883144890077844,mband_py_N6_mel_AVR1_metrics.csv_ENH-mband_py_N6_mel_AVR1_p092_emo_confusion_sentences_NOIZEUS_NOISE_DATASET_Inside Flight_SNR[0]dB_CLN-p092_emo_confusion_sentences.csv,mband_py_N6_mel_AVR1_p092_emo_confusion_sentences_NOIZEUS_NOISE_DATASET_Inside Flight_SNR[0]dB,16000,1.4275482892990112,4.971333026885986,0.4885776042938232,2.584367275238037,3.896398875640724,2.851210164011332,2.91923749928069,mband_py_N6_mel_AVR1_metrics.csv_ENH-mband_py_N6_mel_AVR1_p092_emo_confusion_sentences_NOIZEUS_NOISE_DATASET_Inside Flight_SNR[0]dB_CLN-p092_emo_confusion_sentences.csv,Flight
p092_emo_contentment_freeform,BASELINE_p092_emo_contentment_freeform_NOIZEUS_NOISE_DATASET_Inside Train_1_SNR[0]dB,16000,1.083949327468872,-0.0416160449385643,0.6818225979804993,2.519503286906651,4.020534196579666,2.239842060822542,2.6254075973701885,BASELINE_NOIZEUS_EARS_metrics.csv_ENH-BASELINE_p092_emo_contentment_freeform_NOIZEUS_NOISE_DATASET_Inside Train_1_SNR[0]dB_CLN-p092_emo_contentment_freeform.csv,mband_py_N6_mel_AVR1_8_p092_emo_contentment_freeform_NOIZEUS_NOISE_DATASET_Inside Train_1_SNR[0]dB,16000,1.0970573425292969,0.9477025270462036,0.6613174080848694,2.785104921885899,3.6846520382515258,2.2362158466038897,2.412337159088101,mband_py_N6_mel_AVR1_8_metrics.csv_ENH-mband_py_N6_mel_AVR1_8_p092_emo_contentment_freeform_NOIZEUS_NOISE_DATASET_Inside Train_1_SNR[0]dB_CLN-p092_emo_contentment_freeform.csv,mband_py_N6_mel_AVR1_p092_emo_contentment_freeform_NOIZEUS_NOISE_DATASET_Inside Train_1_SNR[0]dB,16000,1.1104707717895508,0.719459056854248,0.670568585395813,2.772912468229021,3.685122981913037,2.0502275223315136,2.2927517268584845,mband_py_N6_mel_AVR1_metrics.csv_ENH-mband_py_N6_mel_AVR1_p092_emo_contentment_freeform_NOIZEUS_NOISE_DATASET_Inside Train_1_SNR[0]dB_CLN-p092_emo_contentment_freeform.csv,mband_py_N6_mel_AVR1_p092_emo_contentment_freeform_NOIZEUS_NOISE_DATASET_Inside Train_1_SNR[0]dB,16000,1.1086097955703735,0.7435685992240906,0.6727839708328247,2.809035880225045,3.6384024889847386,1.9747953960499425,2.242949598198171,mband_py_N6_mel_AVR1_metrics.csv_ENH-mband_py_N6_mel_AVR1_p092_emo_contentment_freeform_NOIZEUS_NOISE_DATASET_Inside Train_1_SNR[0]dB_CLN-p092_emo_contentment_freeform.csv,Train
p092_emo_contentment_sentences,BASELINE_p092_emo_contentment_sentences_NOIZEUS_NOISE_DATASET_Inside Train_2_SNR[0]dB,16000,1.1317602396011353,-0.0816923975944519,0.6974455118179321,2.8097381591796875,3.714573842708342,2.05258896800956,2.35759690814615,BASELINE_NOIZEUS_EARS_metrics.csv_ENH-BASELINE_p092_emo_contentment_sentences_NOIZEUS_NOISE_DATASET_Inside Train_2_SNR[0]dB_CLN-p092_emo_contentment_sentences.csv,mband_py_N6_mel_AVR1_8_p092_emo_contentment_sentences_NOIZEUS_NOISE_DATASET_Inside Train_2_SNR[0]dB,16000,1.3249059915542605,5.847984313964844,0.696048378944397,2.7932705879211426,3.346950835743051,2.4137039523402413,2.35203419344461,mband_py_N6_mel_AVR1_8_metrics.csv_ENH-mband_py_N6_mel_AVR1_8_p092_emo_contentment_sentences_NOIZEUS_NOISE_DATASET_Inside Train_2_SNR[0]dB_CLN-p092_emo_contentment_sentences.csv,mband_py_N6_mel_AVR1_p092_emo_contentment_sentences_NOIZEUS_NOISE_DATASET_Inside Train_2_SNR[0]dB,16000,1.3060729503631592,5.4874138832092285,0.6874837279319763,2.8752498626708984,2.6033309543828262,2.518184433883686,2.028834302876308,mband_py_N6_mel_AVR1_metrics.csv_ENH-mband_py_N6_mel_AVR1_p092_emo_contentment_sentences_NOIZEUS_NOISE_DATASET_Inside Train_2_SNR[0]dB_CLN-p092_emo_contentment_sentences.csv,mband_py_N6_mel_AVR1_p092_emo_contentment_sentences_NOIZEUS_NOISE_DATASET_Inside Train_2_SNR[0]dB,16000,1.3056174516677856,5.496899604797363,0.6886569261550903,2.9426794052124023,2.657155252402952,2.424500166286937,2.02595359268398,mband_py_N6_mel_AVR1_metrics.csv_ENH-mband_py_N6_mel_AVR1_p092_emo_contentment_sentences_NOIZEUS_NOISE_DATASET_Inside Train_2_SNR[0]dB_CLN-p092_emo_contentment_sentences.csv,Train
p092_emo_cuteness_freeform,BASELINE_p092_emo_cuteness_freeform_NOIZEUS_NOISE_DATASET_Inside Train_3_SNR[0]dB,16000,1.0543919801712036,-0.0065979063510894,0.6098783016204834,2.4675365447998048,4.035038257002379,1.824938917516616,2.2104295847633675,BASELINE_NOIZEUS_EARS_metrics.csv_ENH-BASELINE_p092_emo_cuteness_freeform_NOIZEUS_NOISE_DATASET_Inside Train_3_SNR[0]dB_CLN-p092_emo_cuteness_freeform.csv,mband_py_N6_mel_AVR1_8_p092_emo_cuteness_freeform_NOIZEUS_NOISE_DATASET_Inside Train_3_SNR[0]dB,16000,1.1575356721878052,4.8413615226745605,0.5749906897544861,2.4980061531066893,3.6153272547379496,2.163011802533995,2.30197382365698,mband_py_N6_mel_AVR1_8_metrics.csv_ENH-mband_py_N6_mel_AVR1_8_p092_emo_cuteness_freeform_NOIZEUS_NOISE_DATASET_Inside Train_3_SNR[0]dB_CLN-p092_emo_cuteness_freeform.csv,mband_py_N6_mel_AVR1_p092_emo_cuteness_freeform_NOIZEUS_NOISE_DATASET_Inside Train_3_SNR[0]dB,16000,1.1423349380493164,3.808192014694214,0.5687088966369629,2.483250045776367,3.543938812666691,2.0544964135533315,2.127616494013096,mband_py_N6_mel_AVR1_metrics.csv_ENH-mband_py_N6_mel_AVR1_p092_emo_cuteness_freeform_NOIZEUS_NOISE_DATASET_Inside Train_3_SNR[0]dB_CLN-p092_emo_cuteness_freeform.csv,mband_py_N6_mel_AVR1_p092_emo_cuteness_freeform_NOIZEUS_NOISE_DATASET_Inside Train_3_SNR[0]dB,16000,1.1296812295913696,3.6497411727905273,0.5693681240081787,2.5185017585754395,3.3187718464029508,1.9596669956994976,2.10110926549414,mband_py_N6_mel_AVR1_metrics.csv_ENH-mband_py_N6_mel_AVR1_p092_emo_cuteness_freeform_NOIZEUS_NOISE_DATASET_Inside Train_3_SNR[0]dB_CLN-p092_emo_cuteness_freeform.csv,Train
p092_emo_cuteness_sentences,BASELINE_p092_emo_cuteness_sentences_NOIZEUS_NOISE_DATASET_PC Fan Noise_SNR[0]dB,16000,1.0537874698638916,-0.0115127582103014,0.7150991559028625,2.63236927986145,4.207776179769511,2.126841317852291,2.6785633483590443,BASELINE_NOIZEUS_EARS_metrics.csv_ENH-BASELINE_p092_emo_cuteness_sentences_NOIZEUS_NOISE_DATASET_PC Fan Noise_SNR[0]dB_CLN-p092_emo_cuteness_sentences.csv,mband_py_N6_mel_AVR1_8_p092_emo_cuteness_sentences_NOIZEUS_NOISE_DATASET_PC Fan Noise_SNR[0]dB,16000,1.3271193504333496,10.166658401489258,0.7183156609535217,2.6995447874069214,4.070733828624976,2.5133272425400857,2.756880105212605,mband_py_N6_mel_AVR1_8_metrics.csv_ENH-mband_py_N6_mel_AVR1_8_p092_emo_cuteness_sentences_NOIZEUS_NOISE_DATASET_PC Fan Noise_SNR[0]dB_CLN-p092_emo_cuteness_sentences.csv,mband_py_N6_mel_AVR1_p092_emo_cuteness_sentences_NOIZEUS_NOISE_DATASET_PC Fan Noise_SNR[0]dB,16000,1.2939503192901611,9.59445571899414,0.7153958082199097,2.629812479019165,4.19113534408959,2.5908193629007026,2.9062605215217547,mband_py_N6_mel_AVR1_metrics.csv_ENH-mband_py_N6_mel_AVR1_p092_emo_cuteness_sentences_NOIZEUS_NOISE_DATASET_PC Fan Noise_SNR[0]dB_CLN-p092_emo_cuteness_sentences.csv,mband_py_N6_mel_AVR1_p092_emo_cuteness_sentences_NOIZEUS_NOISE_DATASET_PC Fan Noise_SNR[0]dB,16000,1.286864995956421,9.818687438964844,0.7176911234855652,2.6481274366378784,4.18774661009169,2.586296501042136,2.90843002382308,mband_py_N6_mel_AVR1_metrics.csv_ENH-mband_py_N6_mel_AVR1_p092_emo_cuteness_sentences_NOIZEUS_NOISE_DATASET_PC Fan Noise_SNR[0]dB_CLN-p092_emo_cuteness_sentences.csv,Stationary
p092_emo_desire_freeform,BASELINE_p092_emo_desire_freeform_NOIZEUS_NOISE_DATASET_SSN_IEEE_SNR[0]dB,16000,1.0442122220993042,-0.0063995826058089,0.6147343516349792,2.349114775657654,3.39141755687088,1.649771856695522,1.9300757897076828,BASELINE_NOIZEUS_EARS_metrics.csv_ENH-BASELINE_p092_emo_desire_freeform_NOIZEUS_NOISE_DATASET_SSN_IEEE_SNR[0]dB_CLN-p092_emo_desire_freeform.csv,mband_py_N6_mel_AVR1_8_p092_emo_desire_freeform_NOIZEUS_NOISE_DATASET_SSN_IEEE_SNR[0]dB,16000,1.1427806615829468,5.182676792144775,0.6190951466560364,2.517679572105408,3.7821159999573375,2.681237116719273,2.6984984763012743,mband_py_N6_mel_AVR1_8_metrics.csv_ENH-mband_py_N6_mel_AVR1_8_p092_emo_desire_freeform_NOIZEUS_NOISE_DATASET_SSN_IEEE_SNR[0]dB_CLN-p092_emo_desire_freeform.csv,mband_py_N6_mel_AVR1_p092_emo_desire_freeform_NOIZEUS_NOISE_DATASET_SSN_IEEE_SNR[0]dB,16000,1.143024206161499,5.172786235809326,0.6130768656730652,2.543261726697286,3.025655149599789,2.6968451494556067,2.2800354038782973,mband_py_N6_mel_AVR1_metrics.csv_ENH-mband_py_N6_mel_AVR1_p092_emo_desire_freeform_NOIZEUS_NOISE_DATASET_SSN_IEEE_SNR[0]dB_CLN-p092_emo_desire_freeform.csv,mband_py_N6_mel_AVR1_p092_emo_desire_freeform_NOIZEUS_NOISE_DATASET_SSN_IEEE_SNR[0]dB,16000,1.14383864402771,5.253796100616455,0.6123476028442383,2.5450840393702188,2.9299522458734284,2.653948636662346,2.2042479599811915,mband_py_N6_mel_AVR1_metrics.csv_ENH-mband_py_N6_mel_AVR1_p092_emo_desire_freeform_NOIZEUS_NOISE_DATASET_SSN_IEEE_SNR[0]dB_CLN-p092_emo_desire_freeform.csv,Stationary
p092_emo_desire_sentences,BASELINE_p092_emo_desire_sentences_NOIZEUS_NOISE_DATASET_Street Noise_SNR[0]dB,16000,1.0998926162719729,-0.0665782988071441,0.6159903407096863,2.641629775365194,3.771779657406916,2.185449582215382,2.3812959672927456,BASELINE_NOIZEUS_EARS_metrics.csv_ENH-BASELINE_p092_emo_desire_sentences_NOIZEUS_NOISE_DATASET_Street Noise_SNR[0]dB_CLN-p092_emo_desire_sentences.csv,mband_py_N6_mel_AVR1_8_p092_emo_desire_sentences_NOIZEUS_NOISE_DATASET_Street Noise_SNR[0]dB,16000,1.2967487573623655,5.582353591918945,0.6284013986587524,2.482313712437948,3.5290548094516754,2.8377232333053684,2.504857364900221,mband_py_N6_mel_AVR1_8_metrics.csv_ENH-mband_py_N6_mel_AVR1_8_p092_emo_desire_sentences_NOIZEUS_NOISE_DATASET_Street Noise_SNR[0]dB_CLN-p092_emo_desire_sentences.csv,mband_py_N6_mel_AVR1_p092_emo_desire_sentences_NOIZEUS_NOISE_DATASET_Street Noise_SNR[0]dB,16000,1.2796921730041504,5.33128547668457,0.618628978729248,2.6698925495147705,3.366229857542381,2.7820634039321366,2.3674202254388645,mband_py_N6_mel_AVR1_metrics.csv_ENH-mband_py_N6_mel_AVR1_p092_emo_desire_sentences_NOIZEUS_NOISE_DATASET_Street Noise_SNR[0]dB_CLN-p092_emo_desire_sentences.csv,mband_py_N6_mel_AVR1_p092_emo_desire_sentences_NOIZEUS_NOISE_DATASET_Street Noise_SNR[0]dB,16000,1.2757563591003418,5.403979301452637,0.6198853850364685,2.749727805455526,3.277919247887912,2.7818742049110994,2.331701294838993,mband_py_N6_mel_AVR1_metrics.csv_ENH-mband_py_N6_mel_AVR1_p092_emo_desire_sentences_NOIZEUS_NOISE_DATASET_Street Noise_SNR[0]dB_CLN-p092_emo_desire_sentences.csv,Street
p092_emo_disappointment_freeform,BASELINE_p092_emo_disappointment_freeform_NOIZEUS_NOISE_DATASET_Street Noise_downtown_SNR[0]dB,16000,1.131770372390747,-0.0159696452319622,0.6615259051322937,2.321887425013951,4.036687945890823,1.9342692632872296,2.403268490434048,BASELINE_NOIZEUS_EARS_metrics.csv_ENH-BASELINE_p092_emo_disappointment_freeform_NOIZEUS_NOISE_DATASET_Street Noise_downtown_SNR[0]dB_CLN-p092_emo_disappointment_freeform.csv,mband_py_N6_mel_AVR1_8_p092_emo_disappointment_freeform_NOIZEUS_NOISE_DATASET_Street Noise_downtown_SNR[0]dB,16000,1.2073955535888672,3.176835060119629,0.6512722969055176,2.748353855950492,3.830429532033638,2.223851658279301,2.500483966096458,mband_py_N6_mel_AVR1_8_metrics.csv_ENH-mband_py_N6_mel_AVR1_8_p092_emo_disappointment_freeform_NOIZEUS_NOISE_DATASET_Street Noise_downtown_SNR[0]dB_CLN-p092_emo_disappointment_freeform.csv,mband_py_N6_mel_AVR1_p092_emo_disappointment_freeform_NOIZEUS_NOISE_DATASET_Street Noise_downtown_SNR[0]dB,16000,1.2223107814788818,3.3873353004455566,0.646273136138916,2.7615531172071184,3.62422421837205,2.041604530677852,2.310498794141936,mband_py_N6_mel_AVR1_metrics.csv_ENH-mband_py_N6_mel_AVR1_p092_emo_disappointment_freeform_NOIZEUS_NOISE_DATASET_Street Noise_downtown_SNR[0]dB_CLN-p092_emo_disappointment_freeform.csv,mband_py_N6_mel_AVR1_p092_emo_disappointment_freeform_NOIZEUS_NOISE_DATASET_Street Noise_downtown_SNR[0]dB,16000,1.2276254892349243,3.480153083801269,0.6465393304824829,2.7148644583565846,3.6163569893550696,1.976802692918848,2.25476581437163,mband_py_N6_mel_AVR1_metrics.csv_ENH-mband_py_N6_mel_AVR1_p092_emo_disappointment_freeform_NOIZEUS_NOISE_DATASET_Street Noise_downtown_SNR[0]dB_CLN-p092_emo_disappointment_freeform.csv,Street
p092_emo_disappointment_sentences,BASELINE_p092_emo_disappointment_sentences_NOIZEUS_NOISE_DATASET_Train1_SNR[0]dB,16000,1.0822149515151978,-0.0950387939810752,0.6358175873756409,2.4674671292305,4.2271621898282365,2.031043036595238,2.609186069936635,BASELINE_NOIZEUS_EARS_metrics.csv_ENH-BASELINE_p092_emo_disappointment_sentences_NOIZEUS_NOISE_DATASET_Train1_SNR[0]dB_CLN-p092_emo_disappointment_sentences.csv,mband_py_N6_mel_AVR1_8_p092_emo_disappointment_sentences_NOIZEUS_NOISE_DATASET_Train1_SNR[0]dB,16000,1.17152738571167,4.094151020050049,0.6282578110694885,2.5142958760261536,3.971459530146931,2.376252959635042,2.589892443446023,mband_py_N6_mel_AVR1_8_metrics.csv_ENH-mband_py_N6_mel_AVR1_8_p092_emo_disappointment_sentences_NOIZEUS_NOISE_DATASET_Train1_SNR[0]dB_CLN-p092_emo_disappointment_sentences.csv,mband_py_N6_mel_AVR1_p092_emo_disappointment_sentences_NOIZEUS_NOISE_DATASET_Train1_SNR[0]dB,16000,1.153862476348877,3.721323013305664,0.6188869476318359,2.551039457321167,3.670227527493374,2.193608995616091,2.3157326943211656,mband_py_N6_mel_AVR1_metrics.csv_ENH-mband_py_N6_mel_AVR1_p092_emo_disappointment_sentences_NOIZEUS_NOISE_DATASET_Train1_SNR[0]dB_CLN-p092_emo_disappointment_sentences.csv,mband_py_N6_mel_AVR1_p092_emo_disappointment_sentences_NOIZEUS_NOISE_DATASET_Train1_SNR[0]dB,16000,1.1521315574645996,3.746500015258789,0.6204798221588135,2.6097257137298584,3.6473378359968014,2.171634801163824,2.293775841935995,mband_py_N6_mel_AVR1_metrics.csv_ENH-mband_py_N6_mel_AVR1_p092_emo_disappointment_sentences_NOIZEUS_NOISE_DATASET_Train1_SNR[0]dB_CLN-p092_emo_disappointment_sentences.csv,Train
p092_emo_disgust_freeform,BASELINE_p092_emo_disgust_freeform_NOIZEUS_NOISE_DATASET_Train2_SNR[0]dB,16000,1.0775192975997925,-0.0093299988657236,0.7417424917221069,2.632834264210292,3.997656323192025,1.6531202744980045,2.0273809765911595,BASELINE_NOIZEUS_EARS_metrics.csv_ENH-BASELINE_p092_emo_disgust_freeform_NOIZEUS_NOISE_DATASET_Train2_SNR[0]dB_CLN-p092_emo_disgust_freeform.csv,mband_py_N6_mel_AVR1_8_p092_emo_disgust_freeform_NOIZEUS_NOISE_DATASET_Train2_SNR[0]dB,16000,1.1331909894943235,-0.2832681238651275,0.7193636298179626,2.7696096215929304,4.21165442912977,1.8905757328783488,2.379546816073215,mband_py_N6_mel_AVR1_8_metrics.csv_ENH-mband_py_N6_mel_AVR1_8_p092_emo_disgust_freeform_NOIZEUS_NOISE_DATASET_Train2_SNR[0]dB_CLN-p092_emo_disgust_freeform.csv,mband_py_N6_mel_AVR1_p092_emo_disgust_freeform_NOIZEUS_NOISE_DATASET_Train2_SNR[0]dB,16000,1.1326720714569092,-0.1327167451381683,0.7171533703804016,2.735642603465489,4.201224939419596,1.8405251706066192,2.291504474036288,mband_py_N6_mel_AVR1_metrics.csv_ENH-mband_py_N6_mel_AVR1_p092_emo_disgust_freeform_NOIZEUS_NOISE_DATASET_Train2_SNR[0]dB_CLN-p092_emo_disgust_freeform.csv,mband_py_N6_mel_AVR1_p092_emo_disgust_freeform_NOIZEUS_NOISE_DATASET_Train2_SNR[0]dB,16000,1.1308525800704956,-0.0198269858956336,0.7246547341346741,2.755301577704293,4.2628241673721545,1.8195086870138355,2.302962819544154,mband_py_N6_mel_AVR1_metrics.csv_ENH-mband_py_N6_mel_AVR1_p092_emo_disgust_freeform_NOIZEUS_NOISE_DATASET_Train2_SNR[0]dB_CLN-p092_emo_disgust_freeform.csv,Train
p092_emo_disgust_sentences,BASELINE_p092_emo_disgust_sentences_NOIZEUS_NOISE_DATASET_Water Cooler_SNR[0]dB,16000,1.2431144714355469,-0.0335355065762996,0.6518672704696655,2.814431953430176,4.289634901656337,2.228435639764488,2.676867625426216,BASELINE_NOIZEUS_EARS_metrics.csv_ENH-BASELINE_p092_emo_disgust_sentences_NOIZEUS_NOISE_DATASET_Water Cooler_SNR[0]dB_CLN-p092_emo_disgust_sentences.csv,mband_py_N6_mel_AVR1_8_p092_emo_disgust_sentences_NOIZEUS_NOISE_DATASET_Water Cooler_SNR[0]dB,16000,1.4865820407867432,5.932112693786621,0.6776711344718933,2.822086524963379,4.060338739920167,2.424069940907208,2.773054696050879,mband_py_N6_mel_AVR1_8_metrics.csv_ENH-mband_py_N6_mel_AVR1_8_p092_emo_disgust_sentences_NOIZEUS_NOISE_DATASET_Water Cooler_SNR[0]dB_CLN-p092_emo_disgust_sentences.csv,mband_py_N6_mel_AVR1_p092_emo_disgust_sentences_NOIZEUS_NOISE_DATASET_Water Cooler_SNR[0]dB,16000,1.4888694286346436,6.001263618469238,0.6708605289459229,2.8668551445007324,3.9723668083145327,2.491493980828681,2.7921718849533974,mband_py_N6_mel_AVR1_metrics.csv_ENH-mband_py_N6_mel_AVR1_p092_emo_disgust_sentences_NOIZEUS_NOISE_DATASET_Water Cooler_SNR[0]dB_CLN-p092_emo_disgust_sentences.csv,mband_py_N6_mel_AVR1_p092_emo_disgust_sentences_NOIZEUS_NOISE_DATASET_Water Cooler_SNR[0]dB,16000,1.4922664165496826,6.195316314697266,0.6718288660049438,2.85284538269043,3.877758348525705,2.4746290425031985,2.7344863116846234,mband_py_N6_mel_AVR1_metrics.csv_ENH-mband_py_N6_mel_AVR1_p092_emo_disgust_sentences_NOIZEUS_NOISE_DATASET_Water Cooler_SNR[0]dB_CLN-p092_emo_disgust_sentences.csv,Stationary
