clean_file,enhanced_file,sampling_rate,PESQ_Noisy,SI_SDR_Noisy,STOI_Noisy,DNSMOS_p808_mos_Noisy,DNSMOS_mos_sig_Noisy,DNSMOS_mos_bak_Noisy,DNSMOS_mos_ovr_Noisy,source_file,enhanced_file_mband_py_mel_avr1_future_frames,sampling_rate_mband_py_mel_avr1_future_frames,PESQ_mband_py_mel_avr1_future_frames,SI_SDR_mband_py_mel_avr1_future_frames,STOI_mband_py_mel_avr1_future_frames,DNSMOS_p808_mos_mband_py_mel_avr1_future_frames,DNSMOS_mos_sig_mband_py_mel_avr1_future_frames,DNSMOS_mos_bak_mband_py_mel_avr1_future_frames,DNSMOS_mos_ovr_mband_py_mel_avr1_future_frames,source_file_mband_py_mel_avr1_future_frames,enhanced_file_mband_py_mel_causal_avr1_og_wts_xmgasm,sampling_rate_mband_py_mel_causal_avr1_og_wts_xmgasm,PESQ_mband_py_mel_causal_avr1_og_wts_xmgasm,SI_SDR_mband_py_mel_causal_avr1_og_wts_xmgasm,STOI_mband_py_mel_causal_avr1_og_wts_xmgasm,DNSMOS_p808_mos_mband_py_mel_causal_avr1_og_wts_xmgasm,DNSMOS_mos_sig_mband_py_mel_causal_avr1_og_wts_xmgasm,DNSMOS_mos_bak_mband_py_mel_causal_avr1_og_wts_xmgasm,DNSMOS_mos_ovr_mband_py_mel_causal_avr1_og_wts_xmgasm,source_file_mband_py_mel_causal_avr1_og_wts_xmgasm,enhanced_file_mband_py_mel_in_stream_avr1_og_wts_xmgasm,sampling_rate_mband_py_mel_in_stream_avr1_og_wts_xmgasm,PESQ_mband_py_mel_in_stream_avr1_og_wts_xmgasm,SI_SDR_mband_py_mel_in_stream_avr1_og_wts_xmgasm,STOI_mband_py_mel_in_stream_avr1_og_wts_xmgasm,DNSMOS_p808_mos_mband_py_mel_in_stream_avr1_og_wts_xmgasm,DNSMOS_mos_sig_mband_py_mel_in_stream_avr1_og_wts_xmgasm,DNSMOS_mos_bak_mband_py_mel_in_stream_avr1_og_wts_xmgasm,DNSMOS_mos_ovr_mband_py_mel_in_stream_avr1_og_wts_xmgasm,source_file_mband_py_mel_in_stream_avr1_og_wts_xmgasm,noise_category
p092_emo_adoration_freeform,BASELINE_p092_emo_adoration_freeform_NOIZEUS_NOISE_DATASET_cafeteria_babble_SNR[15]dB,16000,1.5634794235229492,15.01064109802246,0.8713018894195557,3.0689138968785605,4.155390835388579,2.787855256258137,2.8794824091814046,BASELINE_NOIZEUS_EARS_metrics.csv_ENH-BASELINE_p092_emo_adoration_freeform_NOIZEUS_NOISE_DATASET_cafeteria_babble_SNR[15]dB_CLN-p092_emo_adoration_freeform.csv,mband_py_N6_mel_AVR1_8_p092_emo_adoration_freeform_NOIZEUS_NOISE_DATASET_cafeteria_babble_SNR[15]dB,16000,2.0143487453460693,13.871636390686035,0.8742468953132629,3.0637300411860147,3.9174513480677167,3.0017299843014853,2.8408489191171977,mband_py_N6_mel_AVR1_8_metrics.csv_ENH-mband_py_N6_mel_AVR1_8_p092_emo_adoration_freeform_NOIZEUS_NOISE_DATASET_cafeteria_babble_SNR[15]dB_CLN-p092_emo_adoration_freeform.csv,mband_py_N6_mel_AVR1_p092_emo_adoration_freeform_Noise Recordings_Car Noise_60mph_SNR[15]dB,16000,2.2351179122924805,14.116663932800291,0.9063490629196168,3.869866013526917,3.9469381042203135,3.760714214830104,3.3070594655091448,mband_py_N6_mel_AVR1_metrics.csv_ENH-mband_py_N6_mel_AVR1_p092_emo_adoration_freeform_Noise Recordings_Car Noise_60mph_SNR[15]dB_CLN-p092_emo_adoration_freeform.csv,mband_py_N6_mel_AVR1_p092_emo_adoration_freeform_NOIZEUS_NOISE_DATASET_cafeteria_babble_SNR[15]dB,16000,2.0368638038635254,14.109734535217283,0.8719633221626282,3.239785472551981,4.204079125542797,2.957082176297544,3.0509862144360618,mband_py_N6_mel_AVR1_metrics.csv_ENH-mband_py_N6_mel_AVR1_p092_emo_adoration_freeform_NOIZEUS_NOISE_DATASET_cafeteria_babble_SNR[15]dB_CLN-p092_emo_adoration_freeform.csv,Babble
p092_emo_adoration_sentences,BASELINE_p092_emo_adoration_sentences_NOIZEUS_NOISE_DATASET_Car Noise_60mph_SNR[15]dB,16000,1.726207256317139,14.995942115783691,0.8138108849525452,3.7006304945264543,3.8469260742028166,3.144992603296084,2.948101386431612,BASELINE_NOIZEUS_EARS_metrics.csv_ENH-BASELINE_p092_emo_adoration_sentences_NOIZEUS_NOISE_DATASET_Car Noise_60mph_SNR[15]dB_CLN-p092_emo_adoration_sentences.csv,mband_py_N6_mel_AVR1_8_p092_emo_adoration_sentences_NOIZEUS_NOISE_DATASET_Car Noise_60mph_SNR[15]dB,16000,2.171135187149048,13.211954116821287,0.8182303309440613,3.5914570604051863,3.906299300333448,3.5600295654142435,3.192490182949368,mband_py_N6_mel_AVR1_8_metrics.csv_ENH-mband_py_N6_mel_AVR1_8_p092_emo_adoration_sentences_NOIZEUS_NOISE_DATASET_Car Noise_60mph_SNR[15]dB_CLN-p092_emo_adoration_sentences.csv,mband_py_N6_mel_AVR1_p092_emo_adoration_sentences_Noise Recordings_Car Noise_Idle Noise_40mph_SNR[15]dB,16000,2.2951033115386963,13.16001796722412,0.8029166460037231,3.680163553782872,4.107583719742999,3.6904269739728015,3.445403896432775,mband_py_N6_mel_AVR1_metrics.csv_ENH-mband_py_N6_mel_AVR1_p092_emo_adoration_sentences_Noise Recordings_Car Noise_Idle Noise_40mph_SNR[15]dB_CLN-p092_emo_adoration_sentences.csv,mband_py_N6_mel_AVR1_p092_emo_adoration_sentences_NOIZEUS_NOISE_DATASET_Car Noise_60mph_SNR[15]dB,16000,2.1302638053894043,13.659767150878906,0.8168971538543701,3.770897626876831,4.057242450618178,3.826519843742312,3.461510748621027,mband_py_N6_mel_AVR1_metrics.csv_ENH-mband_py_N6_mel_AVR1_p092_emo_adoration_sentences_NOIZEUS_NOISE_DATASET_Car Noise_60mph_SNR[15]dB_CLN-p092_emo_adoration_sentences.csv,Car
p092_emo_amazement_freeform,BASELINE_p092_emo_amazement_freeform_NOIZEUS_NOISE_DATASET_Car Noise_Idle Noise_40mph_SNR[15]dB,16000,1.4986295700073242,14.999223709106444,0.8583069443702698,3.116313968385969,4.180243864205887,2.638625284868428,3.00139920051105,BASELINE_NOIZEUS_EARS_metrics.csv_ENH-BASELINE_p092_emo_amazement_freeform_NOIZEUS_NOISE_DATASET_Car Noise_Idle Noise_40mph_SNR[15]dB_CLN-p092_emo_amazement_freeform.csv,mband_py_N6_mel_AVR1_8_p092_emo_amazement_freeform_NOIZEUS_NOISE_DATASET_Car Noise_Idle Noise_40mph_SNR[15]dB,16000,2.089282512664795,15.408876419067385,0.8729081749916077,3.105394193104335,3.9133253130525856,3.323989635381771,3.1566777119336966,mband_py_N6_mel_AVR1_8_metrics.csv_ENH-mband_py_N6_mel_AVR1_8_p092_emo_amazement_freeform_NOIZEUS_NOISE_DATASET_Car Noise_Idle Noise_40mph_SNR[15]dB_CLN-p092_emo_amazement_freeform.csv,mband_py_N6_mel_AVR1_p092_emo_amazement_freeform_Noise Recordings_Car Noise_Idle Noise_60mph_SNR[15]dB,16000,1.8903610706329343,15.96833038330078,0.8692188262939453,3.136837039675032,3.612073109916573,3.370954611250474,3.0115774070799595,mband_py_N6_mel_AVR1_metrics.csv_ENH-mband_py_N6_mel_AVR1_p092_emo_amazement_freeform_Noise Recordings_Car Noise_Idle Noise_60mph_SNR[15]dB_CLN-p092_emo_amazement_freeform.csv,mband_py_N6_mel_AVR1_p092_emo_amazement_freeform_NOIZEUS_NOISE_DATASET_Car Noise_Idle Noise_40mph_SNR[15]dB,16000,2.065582036972046,16.143157958984375,0.8718065619468689,3.1580307143075124,3.8519809581833,3.2738261974540595,3.1191142259753453,mband_py_N6_mel_AVR1_metrics.csv_ENH-mband_py_N6_mel_AVR1_p092_emo_amazement_freeform_NOIZEUS_NOISE_DATASET_Car Noise_Idle Noise_40mph_SNR[15]dB_CLN-p092_emo_amazement_freeform.csv,Car
p092_emo_amazement_sentences,BASELINE_p092_emo_amazement_sentences_NOIZEUS_NOISE_DATASET_Car Noise_Idle Noise_60mph_SNR[15]dB,16000,1.678844690322876,14.994951248168944,0.8192914128303528,3.3719873428344727,3.932460247650793,2.6499314575843536,2.7888387515637496,BASELINE_NOIZEUS_EARS_metrics.csv_ENH-BASELINE_p092_emo_amazement_sentences_NOIZEUS_NOISE_DATASET_Car Noise_Idle Noise_60mph_SNR[15]dB_CLN-p092_emo_amazement_sentences.csv,mband_py_N6_mel_AVR1_8_p092_emo_amazement_sentences_NOIZEUS_NOISE_DATASET_Car Noise_Idle Noise_60mph_SNR[15]dB,16000,2.2257838249206543,14.887728691101074,0.8178843855857849,3.2978627681732178,3.884223761617446,4.2670046542142686,3.5914405033644736,mband_py_N6_mel_AVR1_8_metrics.csv_ENH-mband_py_N6_mel_AVR1_8_p092_emo_amazement_sentences_NOIZEUS_NOISE_DATASET_Car Noise_Idle Noise_60mph_SNR[15]dB_CLN-p092_emo_amazement_sentences.csv,mband_py_N6_mel_AVR1_p092_emo_amazement_sentences_Noise Recordings_Construction_Crane_Moving_SNR[15]dB,16000,1.866283178329468,13.300252914428713,0.7719759941101074,2.932781934738159,4.254679577216098,2.876624063510139,3.170792710564864,mband_py_N6_mel_AVR1_metrics.csv_ENH-mband_py_N6_mel_AVR1_p092_emo_amazement_sentences_Noise Recordings_Construction_Crane_Moving_SNR[15]dB_CLN-p092_emo_amazement_sentences.csv,mband_py_N6_mel_AVR1_p092_emo_amazement_sentences_NOIZEUS_NOISE_DATASET_Car Noise_Idle Noise_60mph_SNR[15]dB,16000,2.1574151515960693,15.143233299255373,0.8152669072151184,3.3439862728118896,3.852355656643964,3.966672808683016,3.4289126558228955,mband_py_N6_mel_AVR1_metrics.csv_ENH-mband_py_N6_mel_AVR1_p092_emo_amazement_sentences_NOIZEUS_NOISE_DATASET_Car Noise_Idle Noise_60mph_SNR[15]dB_CLN-p092_emo_amazement_sentences.csv,Car
p092_emo_amusement_freeform,BASELINE_p092_emo_amusement_freeform_NOIZEUS_NOISE_DATASET_Construction_Crane_Moving_SNR[15]dB,16000,1.3370215892791748,14.99629020690918,0.8249378204345703,2.880611181259156,3.8791449627845735,2.396861012190337,2.6567593961761133,BASELINE_NOIZEUS_EARS_metrics.csv_ENH-BASELINE_p092_emo_amusement_freeform_NOIZEUS_NOISE_DATASET_Construction_Crane_Moving_SNR[15]dB_CLN-p092_emo_amusement_freeform.csv,mband_py_N6_mel_AVR1_8_p092_emo_amusement_freeform_NOIZEUS_NOISE_DATASET_Construction_Crane_Moving_SNR[15]dB,16000,1.4248862266540527,12.942510604858398,0.8132601976394653,2.7426013946533203,4.009441176772205,2.393908104061325,2.62110503920766,mband_py_N6_mel_AVR1_8_metrics.csv_ENH-mband_py_N6_mel_AVR1_8_p092_emo_amusement_freeform_NOIZEUS_NOISE_DATASET_Construction_Crane_Moving_SNR[15]dB_CLN-p092_emo_amusement_freeform.csv,mband_py_N6_mel_AVR1_p092_emo_amusement_freeform_Noise Recordings_Construction_Drilling_SNR[15]dB,16000,1.6845495700836182,15.287923812866213,0.7975748181343079,2.834755778312683,2.9801273588187414,2.601742750736939,2.25106931445614,mband_py_N6_mel_AVR1_metrics.csv_ENH-mband_py_N6_mel_AVR1_p092_emo_amusement_freeform_Noise Recordings_Construction_Drilling_SNR[15]dB_CLN-p092_emo_amusement_freeform.csv,mband_py_N6_mel_AVR1_p092_emo_amusement_freeform_NOIZEUS_NOISE_DATASET_Construction_Crane_Moving_SNR[15]dB,16000,1.4624205827713013,13.470819473266602,0.8123443126678467,2.8238625526428223,3.9547086074564337,2.3429462679871054,2.5564561204951795,mband_py_N6_mel_AVR1_metrics.csv_ENH-mband_py_N6_mel_AVR1_p092_emo_amusement_freeform_NOIZEUS_NOISE_DATASET_Construction_Crane_Moving_SNR[15]dB_CLN-p092_emo_amusement_freeform.csv,Construction
p092_emo_amusement_sentences,BASELINE_p092_emo_amusement_sentences_NOIZEUS_NOISE_DATASET_Construction_Drilling_SNR[15]dB,16000,1.4479658603668213,14.996183395385742,0.8554961085319519,3.097969929377238,4.100521266624121,1.9927479644820345,2.4512737449250106,BASELINE_NOIZEUS_EARS_metrics.csv_ENH-BASELINE_p092_emo_amusement_sentences_NOIZEUS_NOISE_DATASET_Construction_Drilling_SNR[15]dB_CLN-p092_emo_amusement_sentences.csv,mband_py_N6_mel_AVR1_8_p092_emo_amusement_sentences_NOIZEUS_NOISE_DATASET_Construction_Drilling_SNR[15]dB,16000,1.9747107028961184,12.917672157287598,0.8691110014915466,3.140762726465861,3.523545213226557,2.7168587580493955,2.5682171119002954,mband_py_N6_mel_AVR1_8_metrics.csv_ENH-mband_py_N6_mel_AVR1_8_p092_emo_amusement_sentences_NOIZEUS_NOISE_DATASET_Construction_Drilling_SNR[15]dB_CLN-p092_emo_amusement_sentences.csv,mband_py_N6_mel_AVR1_p092_emo_amusement_sentences_Noise Recordings_Construction_Jackhammer1_SNR[15]dB,16000,1.860339522361756,13.604641914367676,0.8708683252334595,2.975186745325724,3.967639987230495,2.206287983953545,2.567379578345244,mband_py_N6_mel_AVR1_metrics.csv_ENH-mband_py_N6_mel_AVR1_p092_emo_amusement_sentences_Noise Recordings_Construction_Jackhammer1_SNR[15]dB_CLN-p092_emo_amusement_sentences.csv,mband_py_N6_mel_AVR1_p092_emo_amusement_sentences_NOIZEUS_NOISE_DATASET_Construction_Drilling_SNR[15]dB,16000,1.9276295900344849,13.811875343322754,0.8581005930900574,3.252638896306356,3.5802499944264308,2.535255691931199,2.572123274736297,mband_py_N6_mel_AVR1_metrics.csv_ENH-mband_py_N6_mel_AVR1_p092_emo_amusement_sentences_NOIZEUS_NOISE_DATASET_Construction_Drilling_SNR[15]dB_CLN-p092_emo_amusement_sentences.csv,Construction
p092_emo_anger_freeform,BASELINE_p092_emo_anger_freeform_NOIZEUS_NOISE_DATASET_Construction_Jackhammer1_SNR[15]dB,16000,1.4828202724456787,15.00484561920166,0.9082394242286682,2.9644319329942976,3.992015242486993,1.8530137026609308,2.4323811049468387,BASELINE_NOIZEUS_EARS_metrics.csv_ENH-BASELINE_p092_emo_anger_freeform_NOIZEUS_NOISE_DATASET_Construction_Jackhammer1_SNR[15]dB_CLN-p092_emo_anger_freeform.csv,mband_py_N6_mel_AVR1_8_p092_emo_anger_freeform_NOIZEUS_NOISE_DATASET_Construction_Jackhammer1_SNR[15]dB,16000,1.869234085083008,13.165818214416504,0.9040850400924684,3.005737372807094,3.616536608819559,2.038506104051566,2.294103062132474,mband_py_N6_mel_AVR1_8_metrics.csv_ENH-mband_py_N6_mel_AVR1_8_p092_emo_anger_freeform_NOIZEUS_NOISE_DATASET_Construction_Jackhammer1_SNR[15]dB_CLN-p092_emo_anger_freeform.csv,mband_py_N6_mel_AVR1_p092_emo_anger_freeform_Noise Recordings_Construction_Jackhammer2_SNR[15]dB,16000,1.5403804779052734,13.71160125732422,0.8706943392753601,2.8064102104731967,3.2180195411915804,1.941030881995621,2.0305536375072712,mband_py_N6_mel_AVR1_metrics.csv_ENH-mband_py_N6_mel_AVR1_p092_emo_anger_freeform_Noise Recordings_Construction_Jackhammer2_SNR[15]dB_CLN-p092_emo_anger_freeform.csv,mband_py_N6_mel_AVR1_p092_emo_anger_freeform_NOIZEUS_NOISE_DATASET_Construction_Jackhammer1_SNR[15]dB,16000,1.71775484085083,14.004268646240234,0.9027566313743592,2.8840854167938232,3.663136328956944,1.8709754341479068,2.1972500373472275,mband_py_N6_mel_AVR1_metrics.csv_ENH-mband_py_N6_mel_AVR1_p092_emo_anger_freeform_NOIZEUS_NOISE_DATASET_Construction_Jackhammer1_SNR[15]dB_CLN-p092_emo_anger_freeform.csv,Construction
p092_emo_anger_sentences,BASELINE_p092_emo_anger_sentences_NOIZEUS_NOISE_DATASET_Construction_Jackhammer2_SNR[15]dB,16000,1.5804822444915771,14.99578857421875,0.8423253297805786,2.9314517634255544,3.933149681912652,1.7835295962569568,2.2410442400783657,BASELINE_NOIZEUS_EARS_metrics.csv_ENH-BASELINE_p092_emo_anger_sentences_NOIZEUS_NOISE_DATASET_Construction_Jackhammer2_SNR[15]dB_CLN-p092_emo_anger_sentences.csv,mband_py_N6_mel_AVR1_8_p092_emo_anger_sentences_NOIZEUS_NOISE_DATASET_Construction_Jackhammer2_SNR[15]dB,16000,1.9336897134780884,13.395750045776367,0.8689492344856262,2.728203194481986,3.015715681437914,1.99505027738466,1.9179021853537408,mband_py_N6_mel_AVR1_8_metrics.csv_ENH-mband_py_N6_mel_AVR1_8_p092_emo_anger_sentences_NOIZEUS_NOISE_DATASET_Construction_Jackhammer2_SNR[15]dB_CLN-p092_emo_anger_sentences.csv,mband_py_N6_mel_AVR1_p092_emo_anger_sentences_Noise Recordings_Construction_Trucks_Unloading_SNR[15]dB,16000,2.23865818977356,14.839899063110352,0.868131160736084,2.9520504474639893,3.740443003414808,2.4164881478542664,2.586260425104526,mband_py_N6_mel_AVR1_metrics.csv_ENH-mband_py_N6_mel_AVR1_p092_emo_anger_sentences_Noise Recordings_Construction_Trucks_Unloading_SNR[15]dB_CLN-p092_emo_anger_sentences.csv,mband_py_N6_mel_AVR1_p092_emo_anger_sentences_NOIZEUS_NOISE_DATASET_Construction_Jackhammer2_SNR[15]dB,16000,1.809970140457153,14.318140029907228,0.8643247485160828,2.578401633671352,3.2302876645362977,1.6967658832724808,1.8974486731682136,mband_py_N6_mel_AVR1_metrics.csv_ENH-mband_py_N6_mel_AVR1_p092_emo_anger_sentences_NOIZEUS_NOISE_DATASET_Construction_Jackhammer2_SNR[15]dB_CLN-p092_emo_anger_sentences.csv,Construction
p092_emo_confusion_freeform,BASELINE_p092_emo_confusion_freeform_NOIZEUS_NOISE_DATASET_Construction_Trucks_Unloading_SNR[15]dB,16000,1.6090238094329834,15.002815246582031,0.778795599937439,2.8831193106515065,4.262286540632302,2.237526789176855,2.697783717192152,BASELINE_NOIZEUS_EARS_metrics.csv_ENH-BASELINE_p092_emo_confusion_freeform_NOIZEUS_NOISE_DATASET_Construction_Trucks_Unloading_SNR[15]dB_CLN-p092_emo_confusion_freeform.csv,mband_py_N6_mel_AVR1_8_p092_emo_confusion_freeform_NOIZEUS_NOISE_DATASET_Construction_Trucks_Unloading_SNR[15]dB,16000,2.287339448928833,14.605329513549805,0.7676798105239868,2.890498331614903,4.2734092336234415,2.997439805643531,3.174161456390625,mband_py_N6_mel_AVR1_8_metrics.csv_ENH-mband_py_N6_mel_AVR1_8_p092_emo_confusion_freeform_NOIZEUS_NOISE_DATASET_Construction_Trucks_Unloading_SNR[15]dB_CLN-p092_emo_confusion_freeform.csv,mband_py_N6_mel_AVR1_p092_emo_confusion_freeform_Noise Recordings_Inside Flight_SNR[15]dB,16000,2.0006556510925293,14.999578475952148,0.7659717202186584,2.9213503088269914,4.386552971177333,2.9232385245002166,3.143190878130984,mband_py_N6_mel_AVR1_metrics.csv_ENH-mband_py_N6_mel_AVR1_p092_emo_confusion_freeform_Noise Recordings_Inside Flight_SNR[15]dB_CLN-p092_emo_confusion_freeform.csv,mband_py_N6_mel_AVR1_p092_emo_confusion_freeform_NOIZEUS_NOISE_DATASET_Construction_Trucks_Unloading_SNR[15]dB,16000,2.3144450187683105,15.20513153076172,0.7688336372375488,3.0186969212123325,4.252194141744086,2.6839324231376414,2.985813930313224,mband_py_N6_mel_AVR1_metrics.csv_ENH-mband_py_N6_mel_AVR1_p092_emo_confusion_freeform_NOIZEUS_NOISE_DATASET_Construction_Trucks_Unloading_SNR[15]dB_CLN-p092_emo_confusion_freeform.csv,Construction
p092_emo_confusion_sentences,BASELINE_p092_emo_confusion_sentences_NOIZEUS_NOISE_DATASET_Inside Flight_SNR[15]dB,16000,2.166724443435669,14.99530029296875,0.5553584694862366,3.020897626876831,3.758494894315275,2.895932734858884,2.8392521347649224,BASELINE_NOIZEUS_EARS_metrics.csv_ENH-BASELINE_p092_emo_confusion_sentences_NOIZEUS_NOISE_DATASET_Inside Flight_SNR[15]dB_CLN-p092_emo_confusion_sentences.csv,mband_py_N6_mel_AVR1_8_p092_emo_confusion_sentences_NOIZEUS_NOISE_DATASET_Inside Flight_SNR[15]dB,16000,2.2263317108154297,14.244528770446776,0.5820996165275574,2.863122940063477,4.192382153947944,4.294620808014782,3.786688831519144,mband_py_N6_mel_AVR1_8_metrics.csv_ENH-mband_py_N6_mel_AVR1_8_p092_emo_confusion_sentences_NOIZEUS_NOISE_DATASET_Inside Flight_SNR[15]dB_CLN-p092_emo_confusion_sentences.csv,mband_py_N6_mel_AVR1_p092_emo_confusion_sentences_Noise Recordings_Inside Train_1_SNR[15]dB,16000,2.5840957164764404,13.906293869018556,0.5813048481941223,3.041374921798706,3.523988249032548,3.225235855532096,2.815891202985787,mband_py_N6_mel_AVR1_metrics.csv_ENH-mband_py_N6_mel_AVR1_p092_emo_confusion_sentences_Noise Recordings_Inside Train_1_SNR[15]dB_CLN-p092_emo_confusion_sentences.csv,mband_py_N6_mel_AVR1_p092_emo_confusion_sentences_NOIZEUS_NOISE_DATASET_Inside Flight_SNR[15]dB,16000,2.205672025680542,15.056591033935549,0.580654501914978,2.9367215633392334,3.976713667098541,4.079184033274366,3.5005811480627296,mband_py_N6_mel_AVR1_metrics.csv_ENH-mband_py_N6_mel_AVR1_p092_emo_confusion_sentences_NOIZEUS_NOISE_DATASET_Inside Flight_SNR[15]dB_CLN-p092_emo_confusion_sentences.csv,Flight
p092_emo_contentment_freeform,BASELINE_p092_emo_contentment_freeform_NOIZEUS_NOISE_DATASET_Inside Train_1_SNR[15]dB,16000,1.6118969917297363,14.998607635498049,0.850761353969574,3.186445883342198,3.9291170741231056,2.8480977422867872,2.8010241205895654,BASELINE_NOIZEUS_EARS_metrics.csv_ENH-BASELINE_p092_emo_contentment_freeform_NOIZEUS_NOISE_DATASET_Inside Train_1_SNR[15]dB_CLN-p092_emo_contentment_freeform.csv,mband_py_N6_mel_AVR1_8_p092_emo_contentment_freeform_NOIZEUS_NOISE_DATASET_Inside Train_1_SNR[15]dB,16000,1.787944793701172,12.196718215942385,0.8542041182518005,3.2914633069719588,3.946310137862554,3.2298949350836588,3.007403581297408,mband_py_N6_mel_AVR1_8_metrics.csv_ENH-mband_py_N6_mel_AVR1_8_p092_emo_contentment_freeform_NOIZEUS_NOISE_DATASET_Inside Train_1_SNR[15]dB_CLN-p092_emo_contentment_freeform.csv,mband_py_N6_mel_AVR1_p092_emo_contentment_freeform_Noise Recordings_Inside Train_2_SNR[15]dB,16000,2.480623722076416,13.008814811706545,0.8698774576187134,3.6677302292415073,4.1170183070377,4.112206066024651,3.623279800934159,mband_py_N6_mel_AVR1_metrics.csv_ENH-mband_py_N6_mel_AVR1_p092_emo_contentment_freeform_Noise Recordings_Inside Train_2_SNR[15]dB_CLN-p092_emo_contentment_freeform.csv,mband_py_N6_mel_AVR1_p092_emo_contentment_freeform_NOIZEUS_NOISE_DATASET_Inside Train_1_SNR[15]dB,16000,1.8248271942138672,12.216826438903809,0.8517125844955444,3.482825381415231,4.151115443525929,3.259847999934027,3.2231911278155243,mband_py_N6_mel_AVR1_metrics.csv_ENH-mband_py_N6_mel_AVR1_p092_emo_contentment_freeform_NOIZEUS_NOISE_DATASET_Inside Train_1_SNR[15]dB_CLN-p092_emo_contentment_freeform.csv,Train
p092_emo_contentment_sentences,BASELINE_p092_emo_contentment_sentences_NOIZEUS_NOISE_DATASET_Inside Train_2_SNR[15]dB,16000,1.91922926902771,14.995361328125,0.8223432302474976,2.989617109298706,3.7201782839987128,2.700106017181745,2.633620565529766,BASELINE_NOIZEUS_EARS_metrics.csv_ENH-BASELINE_p092_emo_contentment_sentences_NOIZEUS_NOISE_DATASET_Inside Train_2_SNR[15]dB_CLN-p092_emo_contentment_sentences.csv,mband_py_N6_mel_AVR1_8_p092_emo_contentment_sentences_NOIZEUS_NOISE_DATASET_Inside Train_2_SNR[15]dB,16000,2.3817970752716064,13.322006225585938,0.822999119758606,3.164422512054444,3.9966316921127145,3.1811972453699155,2.978283331878228,mband_py_N6_mel_AVR1_8_metrics.csv_ENH-mband_py_N6_mel_AVR1_8_p092_emo_contentment_sentences_NOIZEUS_NOISE_DATASET_Inside Train_2_SNR[15]dB_CLN-p092_emo_contentment_sentences.csv,mband_py_N6_mel_AVR1_p092_emo_contentment_sentences_Noise Recordings_Inside Train_3_SNR[15]dB,16000,2.2363739013671875,13.823379516601562,0.8067212104797363,3.2701547145843506,3.8518431172411898,3.0273485489488725,2.880327992862481,mband_py_N6_mel_AVR1_metrics.csv_ENH-mband_py_N6_mel_AVR1_p092_emo_contentment_sentences_Noise Recordings_Inside Train_3_SNR[15]dB_CLN-p092_emo_contentment_sentences.csv,mband_py_N6_mel_AVR1_p092_emo_contentment_sentences_NOIZEUS_NOISE_DATASET_Inside Train_2_SNR[15]dB,16000,2.338526964187622,14.135541915893556,0.8228981494903564,3.223910331726074,3.864194885701101,3.5027320905098644,3.107232700730489,mband_py_N6_mel_AVR1_metrics.csv_ENH-mband_py_N6_mel_AVR1_p092_emo_contentment_sentences_NOIZEUS_NOISE_DATASET_Inside Train_2_SNR[15]dB_CLN-p092_emo_contentment_sentences.csv,Train
p092_emo_cuteness_freeform,BASELINE_p092_emo_cuteness_freeform_NOIZEUS_NOISE_DATASET_Inside Train_3_SNR[15]dB,16000,1.4237099885940552,14.986577987670898,0.7157115936279297,2.6657097339630127,3.760087042974115,2.0377174329424297,2.3469513876004,BASELINE_NOIZEUS_EARS_metrics.csv_ENH-BASELINE_p092_emo_cuteness_freeform_NOIZEUS_NOISE_DATASET_Inside Train_3_SNR[15]dB_CLN-p092_emo_cuteness_freeform.csv,mband_py_N6_mel_AVR1_8_p092_emo_cuteness_freeform_NOIZEUS_NOISE_DATASET_Inside Train_3_SNR[15]dB,16000,1.7393068075180054,15.555777549743652,0.7023146152496338,2.568381977081299,3.1713510684998494,2.151751868943584,2.142164888015077,mband_py_N6_mel_AVR1_8_metrics.csv_ENH-mband_py_N6_mel_AVR1_8_p092_emo_cuteness_freeform_NOIZEUS_NOISE_DATASET_Inside Train_3_SNR[15]dB_CLN-p092_emo_cuteness_freeform.csv,mband_py_N6_mel_AVR1_p092_emo_cuteness_freeform_Noise Recordings_PC Fan Noise_SNR[15]dB,16000,2.245701551437378,17.272165298461914,0.7426295280456543,2.7423728942871093,4.011720131094573,2.523944651855069,2.766864111740136,mband_py_N6_mel_AVR1_metrics.csv_ENH-mband_py_N6_mel_AVR1_p092_emo_cuteness_freeform_Noise Recordings_PC Fan Noise_SNR[15]dB_CLN-p092_emo_cuteness_freeform.csv,mband_py_N6_mel_AVR1_p092_emo_cuteness_freeform_NOIZEUS_NOISE_DATASET_Inside Train_3_SNR[15]dB,16000,1.7061177492141724,15.435977935791016,0.7061927914619446,2.6082640647888184,3.0799245917541764,2.0662555400763187,2.0793424838109527,mband_py_N6_mel_AVR1_metrics.csv_ENH-mband_py_N6_mel_AVR1_p092_emo_cuteness_freeform_NOIZEUS_NOISE_DATASET_Inside Train_3_SNR[15]dB_CLN-p092_emo_cuteness_freeform.csv,Train
p092_emo_cuteness_sentences,BASELINE_p092_emo_cuteness_sentences_NOIZEUS_NOISE_DATASET_PC Fan Noise_SNR[15]dB,16000,1.583691954612732,15.000551223754885,0.7812941074371338,2.763999581336975,4.167171450775175,2.4058314614232623,2.76866143017955,BASELINE_NOIZEUS_EARS_metrics.csv_ENH-BASELINE_p092_emo_cuteness_sentences_NOIZEUS_NOISE_DATASET_PC Fan Noise_SNR[15]dB_CLN-p092_emo_cuteness_sentences.csv,mband_py_N6_mel_AVR1_8_p092_emo_cuteness_sentences_NOIZEUS_NOISE_DATASET_PC Fan Noise_SNR[15]dB,16000,2.3024115562438965,15.20411491394043,0.7796092629432678,2.8200043439865112,4.345869586910873,2.738366842573284,3.0364451717344387,mband_py_N6_mel_AVR1_8_metrics.csv_ENH-mband_py_N6_mel_AVR1_8_p092_emo_cuteness_sentences_NOIZEUS_NOISE_DATASET_PC Fan Noise_SNR[15]dB_CLN-p092_emo_cuteness_sentences.csv,mband_py_N6_mel_AVR1_p092_emo_cuteness_sentences_Noise Recordings_SSN_IEEE_SNR[15]dB,16000,2.1281938552856445,14.765132904052734,0.743442714214325,2.644373297691345,4.165252308381175,2.718453778268919,2.913402279093212,mband_py_N6_mel_AVR1_metrics.csv_ENH-mband_py_N6_mel_AVR1_p092_emo_cuteness_sentences_Noise Recordings_SSN_IEEE_SNR[15]dB_CLN-p092_emo_cuteness_sentences.csv,mband_py_N6_mel_AVR1_p092_emo_cuteness_sentences_NOIZEUS_NOISE_DATASET_PC Fan Noise_SNR[15]dB,16000,2.277105569839477,15.505009651184082,0.7820218801498413,2.761884093284607,4.331369298861031,2.982773293970684,3.148952261462548,mband_py_N6_mel_AVR1_metrics.csv_ENH-mband_py_N6_mel_AVR1_p092_emo_cuteness_sentences_NOIZEUS_NOISE_DATASET_PC Fan Noise_SNR[15]dB_CLN-p092_emo_cuteness_sentences.csv,Stationary
p092_emo_desire_freeform,BASELINE_p092_emo_desire_freeform_NOIZEUS_NOISE_DATASET_SSN_IEEE_SNR[15]dB,16000,1.4590659141540527,14.998567581176758,0.8472295999526978,3.08150053024292,4.007888335649656,2.568912764513015,2.772774700935873,BASELINE_NOIZEUS_EARS_metrics.csv_ENH-BASELINE_p092_emo_desire_freeform_NOIZEUS_NOISE_DATASET_SSN_IEEE_SNR[15]dB_CLN-p092_emo_desire_freeform.csv,mband_py_N6_mel_AVR1_8_p092_emo_desire_freeform_NOIZEUS_NOISE_DATASET_SSN_IEEE_SNR[15]dB,16000,2.087124347686768,12.920036315917969,0.8396860361099243,3.096467693646749,3.655798691163134,3.529089424601505,2.961277105512301,mband_py_N6_mel_AVR1_8_metrics.csv_ENH-mband_py_N6_mel_AVR1_8_p092_emo_desire_freeform_NOIZEUS_NOISE_DATASET_SSN_IEEE_SNR[15]dB_CLN-p092_emo_desire_freeform.csv,mband_py_N6_mel_AVR1_p092_emo_desire_freeform_Noise Recordings_Street Noise_SNR[15]dB,16000,2.126946926116944,13.888583183288574,0.8436505198478699,3.237642765045166,3.266500399747228,2.6407753720805256,2.3151245551668254,mband_py_N6_mel_AVR1_metrics.csv_ENH-mband_py_N6_mel_AVR1_p092_emo_desire_freeform_Noise Recordings_Street Noise_SNR[15]dB_CLN-p092_emo_desire_freeform.csv,mband_py_N6_mel_AVR1_p092_emo_desire_freeform_NOIZEUS_NOISE_DATASET_SSN_IEEE_SNR[15]dB,16000,2.106782913208008,14.393712043762209,0.8479040861129761,3.31396214167277,3.5953517026490425,3.1497900303176043,2.7462016199783315,mband_py_N6_mel_AVR1_metrics.csv_ENH-mband_py_N6_mel_AVR1_p092_emo_desire_freeform_NOIZEUS_NOISE_DATASET_SSN_IEEE_SNR[15]dB_CLN-p092_emo_desire_freeform.csv,Stationary
p092_emo_desire_sentences,BASELINE_p092_emo_desire_sentences_NOIZEUS_NOISE_DATASET_Street Noise_SNR[15]dB,16000,1.6906306743621826,15.001672744750977,0.804117739200592,3.086693525314331,3.995655217678213,2.92826857841669,2.878012307380088,BASELINE_NOIZEUS_EARS_metrics.csv_ENH-BASELINE_p092_emo_desire_sentences_NOIZEUS_NOISE_DATASET_Street Noise_SNR[15]dB_CLN-p092_emo_desire_sentences.csv,mband_py_N6_mel_AVR1_8_p092_emo_desire_sentences_NOIZEUS_NOISE_DATASET_Street Noise_SNR[15]dB,16000,2.331197738647461,12.247037887573242,0.8239874839782715,3.268399635950724,3.901462657983956,3.70866392284394,3.251794838677997,mband_py_N6_mel_AVR1_8_metrics.csv_ENH-mband_py_N6_mel_AVR1_8_p092_emo_desire_sentences_NOIZEUS_NOISE_DATASET_Street Noise_SNR[15]dB_CLN-p092_emo_desire_sentences.csv,mband_py_N6_mel_AVR1_p092_emo_desire_sentences_Noise Recordings_Street Noise_downtown_SNR[15]dB,16000,2.367063045501709,12.654947280883787,0.8018494248390198,3.0792324542999268,4.192259675988343,3.0827650118669685,3.198535032746077,mband_py_N6_mel_AVR1_metrics.csv_ENH-mband_py_N6_mel_AVR1_p092_emo_desire_sentences_Noise Recordings_Street Noise_downtown_SNR[15]dB_CLN-p092_emo_desire_sentences.csv,mband_py_N6_mel_AVR1_p092_emo_desire_sentences_NOIZEUS_NOISE_DATASET_Street Noise_SNR[15]dB,16000,2.3547184467315674,12.383170127868652,0.8230922222137451,3.391554673512777,4.058205905700104,3.321795888100075,3.2195073933979383,mband_py_N6_mel_AVR1_metrics.csv_ENH-mband_py_N6_mel_AVR1_p092_emo_desire_sentences_NOIZEUS_NOISE_DATASET_Street Noise_SNR[15]dB_CLN-p092_emo_desire_sentences.csv,Street
p092_emo_disappointment_freeform,BASELINE_p092_emo_disappointment_freeform_NOIZEUS_NOISE_DATASET_Street Noise_downtown_SNR[15]dB,16000,1.7090764045715332,14.999765396118164,0.8607499599456787,3.030472823551723,4.461859639786782,2.8093575718503234,3.182732566349735,BASELINE_NOIZEUS_EARS_metrics.csv_ENH-BASELINE_p092_emo_disappointment_freeform_NOIZEUS_NOISE_DATASET_Street Noise_downtown_SNR[15]dB_CLN-p092_emo_disappointment_freeform.csv,mband_py_N6_mel_AVR1_8_p092_emo_disappointment_freeform_NOIZEUS_NOISE_DATASET_Street Noise_downtown_SNR[15]dB,16000,2.2671866416931152,15.03550624847412,0.859703540802002,3.2597199848720004,4.448070639331991,3.482633813299549,3.5411496726258034,mband_py_N6_mel_AVR1_8_metrics.csv_ENH-mband_py_N6_mel_AVR1_8_p092_emo_disappointment_freeform_NOIZEUS_NOISE_DATASET_Street Noise_downtown_SNR[15]dB_CLN-p092_emo_disappointment_freeform.csv,mband_py_N6_mel_AVR1_p092_emo_disappointment_freeform_Noise Recordings_Train1_SNR[15]dB,16000,1.9496006965637207,14.123250007629396,0.8483999371528625,3.1642024517059326,4.075696012967361,3.0500180668773766,3.0565823136057486,mband_py_N6_mel_AVR1_metrics.csv_ENH-mband_py_N6_mel_AVR1_p092_emo_disappointment_freeform_Noise Recordings_Train1_SNR[15]dB_CLN-p092_emo_disappointment_freeform.csv,mband_py_N6_mel_AVR1_p092_emo_disappointment_freeform_NOIZEUS_NOISE_DATASET_Street Noise_downtown_SNR[15]dB,16000,2.3004918098449707,15.149632453918455,0.8557271361351013,3.318489415305001,4.464059430907534,3.338363217400292,3.5259438152914413,mband_py_N6_mel_AVR1_metrics.csv_ENH-mband_py_N6_mel_AVR1_p092_emo_disappointment_freeform_NOIZEUS_NOISE_DATASET_Street Noise_downtown_SNR[15]dB_CLN-p092_emo_disappointment_freeform.csv,Street
p092_emo_disappointment_sentences,BASELINE_p092_emo_disappointment_sentences_NOIZEUS_NOISE_DATASET_Train1_SNR[15]dB,16000,1.6810927391052246,15.003969192504885,0.7785725593566895,3.165635406970978,4.276771837410685,3.0091926492144867,3.159946573333008,BASELINE_NOIZEUS_EARS_metrics.csv_ENH-BASELINE_p092_emo_disappointment_sentences_NOIZEUS_NOISE_DATASET_Train1_SNR[15]dB_CLN-p092_emo_disappointment_sentences.csv,mband_py_N6_mel_AVR1_8_p092_emo_disappointment_sentences_NOIZEUS_NOISE_DATASET_Train1_SNR[15]dB,16000,1.8677695989608765,11.540319442749023,0.7718093991279602,3.4440834522247314,4.340001733659987,2.8836850198764234,3.1046450765794047,mband_py_N6_mel_AVR1_8_metrics.csv_ENH-mband_py_N6_mel_AVR1_8_p092_emo_disappointment_sentences_NOIZEUS_NOISE_DATASET_Train1_SNR[15]dB_CLN-p092_emo_disappointment_sentences.csv,mband_py_N6_mel_AVR1_p092_emo_disappointment_sentences_Noise Recordings_Train2_SNR[15]dB,16000,2.100581884384156,11.237386703491213,0.8017237782478333,3.280965387821197,4.421174107558765,3.178082684058124,3.358533029403524,mband_py_N6_mel_AVR1_metrics.csv_ENH-mband_py_N6_mel_AVR1_p092_emo_disappointment_sentences_Noise Recordings_Train2_SNR[15]dB_CLN-p092_emo_disappointment_sentences.csv,mband_py_N6_mel_AVR1_p092_emo_disappointment_sentences_NOIZEUS_NOISE_DATASET_Train1_SNR[15]dB,16000,1.9308996200561523,11.782970428466797,0.7727620601654053,3.5030691027641296,4.403086267638367,2.9380157921750767,3.2239337976301847,mband_py_N6_mel_AVR1_metrics.csv_ENH-mband_py_N6_mel_AVR1_p092_emo_disappointment_sentences_NOIZEUS_NOISE_DATASET_Train1_SNR[15]dB_CLN-p092_emo_disappointment_sentences.csv,Train
p092_emo_disgust_freeform,BASELINE_p092_emo_disgust_freeform_NOIZEUS_NOISE_DATASET_Train2_SNR[15]dB,16000,1.5136545896530151,15.003352165222168,0.9007716774940492,2.801066602979388,4.144371056427543,1.8327672274773903,2.312298223045636,BASELINE_NOIZEUS_EARS_metrics.csv_ENH-BASELINE_p092_emo_disgust_freeform_NOIZEUS_NOISE_DATASET_Train2_SNR[15]dB_CLN-p092_emo_disgust_freeform.csv,mband_py_N6_mel_AVR1_8_p092_emo_disgust_freeform_NOIZEUS_NOISE_DATASET_Train2_SNR[15]dB,16000,1.945626974105835,14.239062309265137,0.9092690944671632,2.8645399638584683,4.003932405221707,2.60534650406256,2.8484683830519613,mband_py_N6_mel_AVR1_8_metrics.csv_ENH-mband_py_N6_mel_AVR1_8_p092_emo_disgust_freeform_NOIZEUS_NOISE_DATASET_Train2_SNR[15]dB_CLN-p092_emo_disgust_freeform.csv,mband_py_N6_mel_AVR1_p092_emo_disgust_freeform_Noise Recordings_Water Cooler_SNR[15]dB,16000,2.385336399078369,15.697592735290527,0.9078589677810668,3.154137747628348,4.097281742109618,2.481163015126105,2.829243698084338,mband_py_N6_mel_AVR1_metrics.csv_ENH-mband_py_N6_mel_AVR1_p092_emo_disgust_freeform_Noise Recordings_Water Cooler_SNR[15]dB_CLN-p092_emo_disgust_freeform.csv,mband_py_N6_mel_AVR1_p092_emo_disgust_freeform_NOIZEUS_NOISE_DATASET_Train2_SNR[15]dB,16000,1.963766098022461,15.45921230316162,0.9068703651428224,2.870450496673584,3.811445511398332,2.191067994390028,2.506353149575005,mband_py_N6_mel_AVR1_metrics.csv_ENH-mband_py_N6_mel_AVR1_p092_emo_disgust_freeform_NOIZEUS_NOISE_DATASET_Train2_SNR[15]dB_CLN-p092_emo_disgust_freeform.csv,Train
p092_emo_disgust_sentences,BASELINE_p092_emo_disgust_sentences_NOIZEUS_NOISE_DATASET_Water Cooler_SNR[15]dB,16000,2.253568410873413,14.997377395629885,0.7854261994361877,3.1552552700042726,4.403472120801264,2.8383695120957904,3.171597842302486,BASELINE_NOIZEUS_EARS_metrics.csv_ENH-BASELINE_p092_emo_disgust_sentences_NOIZEUS_NOISE_DATASET_Water Cooler_SNR[15]dB_CLN-p092_emo_disgust_sentences.csv,mband_py_N6_mel_AVR1_8_p092_emo_disgust_sentences_NOIZEUS_NOISE_DATASET_Water Cooler_SNR[15]dB,16000,2.74511194229126,13.275157928466797,0.7913365960121155,3.15124716758728,4.310552987289313,2.9070566770434887,3.14005346890528,mband_py_N6_mel_AVR1_8_metrics.csv_ENH-mband_py_N6_mel_AVR1_8_p092_emo_disgust_sentences_NOIZEUS_NOISE_DATASET_Water Cooler_SNR[15]dB_CLN-p092_emo_disgust_sentences.csv,mband_py_N6_mel_AVR1_p092_emo_disgust_sentences_Noise Recordings_cafeteria_babble_SNR[15]dB,16000,2.423602104187012,13.360892295837402,0.7479816675186157,3.120774888992309,4.074292626647063,2.9441245196171337,3.0685166034202225,mband_py_N6_mel_AVR1_metrics.csv_ENH-mband_py_N6_mel_AVR1_p092_emo_disgust_sentences_Noise Recordings_cafeteria_babble_SNR[15]dB_CLN-p092_emo_disgust_sentences.csv,mband_py_N6_mel_AVR1_p092_emo_disgust_sentences_NOIZEUS_NOISE_DATASET_Water Cooler_SNR[15]dB,16000,2.774159669876098,13.669061660766602,0.7885209321975708,3.252754259109497,4.330464382043181,3.3797469146399144,3.4694116283178382,mband_py_N6_mel_AVR1_metrics.csv_ENH-mband_py_N6_mel_AVR1_p092_emo_disgust_sentences_NOIZEUS_NOISE_DATASET_Water Cooler_SNR[15]dB_CLN-p092_emo_disgust_sentences.csv,Stationary
