clean_file,enhanced_file,sampling_rate,PESQ_Noisy,SI_SDR_Noisy,STOI_Noisy,DNSMOS_p808_mos_Noisy,DNSMOS_mos_sig_Noisy,DNSMOS_mos_bak_Noisy,DNSMOS_mos_ovr_Noisy,source_file,enhanced_file_mband_lin_avr0,sampling_rate_mband_lin_avr0,PESQ_mband_lin_avr0,SI_SDR_mband_lin_avr0,STOI_mband_lin_avr0,DNSMOS_p808_mos_mband_lin_avr0,DNSMOS_mos_sig_mband_lin_avr0,DNSMOS_mos_bak_mband_lin_avr0,DNSMOS_mos_ovr_mband_lin_avr0,source_file_mband_lin_avr0,enhanced_file_mband_py_lin_avr0,sampling_rate_mband_py_lin_avr0,PESQ_mband_py_lin_avr0,SI_SDR_mband_py_lin_avr0,STOI_mband_py_lin_avr0,DNSMOS_p808_mos_mband_py_lin_avr0,DNSMOS_mos_sig_mband_py_lin_avr0,DNSMOS_mos_bak_mband_py_lin_avr0,DNSMOS_mos_ovr_mband_py_lin_avr0,enhanced_file_mband_py_lin_avr0_4,sampling_rate_mband_py_lin_avr0_4,PESQ_mband_py_lin_avr0_4,SI_SDR_mband_py_lin_avr0_4,STOI_mband_py_lin_avr0_4,DNSMOS_p808_mos_mband_py_lin_avr0_4,DNSMOS_mos_sig_mband_py_lin_avr0_4,DNSMOS_mos_bak_mband_py_lin_avr0_4,DNSMOS_mos_ovr_mband_py_lin_avr0_4,source_file_mband_py_lin_avr0_4,noise_category
p092_emo_adoration_freeform,BASELINE_p092_emo_adoration_freeform_NOIZEUS_NOISE_DATASET_cafeteria_babble_SNR[10]dB,16000,1.2571046352386477,10.006136894226074,0.8183255195617676,2.9504959980646768,4.2819570604019965,2.5549878304179576,2.8716083228014333,BASELINE_NOIZEUS_EARS_metrics.csv_ENH-BASELINE_p092_emo_adoration_freeform_NOIZEUS_NOISE_DATASET_cafeteria_babble_SNR[10]dB_CLN-p092_emo_adoration_freeform.csv,mband_N6_lin_AVR0_p092_emo_adoration_freeform_NOIZEUS_NOISE_DATASET_cafeteria_babble_SNR[10]dB,16000,1.495849609375,11.520298957824709,0.8268576860427856,3.178965210914612,3.974964673320081,2.3190057610984,2.5972485058905894,mband_N6_lin_AVR0_metrics.csv_ENH-mband_N6_lin_AVR0_p092_emo_adoration_freeform_NOIZEUS_NOISE_DATASET_cafeteria_babble_SNR[10]dB_CLN-p092_emo_adoration_freeform.csv,mband_py_N6_lin_AVR0_p092_emo_adoration_freeform_NOIZEUS_NOISE_DATASET_cafeteria_babble_SNR[10]dB,16000,1.5197901725769043,10.873507499694824,0.8187596201896667,3.0306798219680786,3.668256476558968,2.276082520804166,2.3414167963449906,mband_py_N6_lin_AVR0_4_p092_emo_adoration_freeform_NOIZEUS_NOISE_DATASET_cafeteria_babble_SNR[10]dB,16000,1.5108237266540527,11.784481048583984,0.8211532831192017,2.823760151863098,3.6065717426101074,2.046288553011008,2.2197388644013123,mband_py_N6_lin_AVR0_4_metrics.csv_ENH-mband_py_N6_lin_AVR0_4_p092_emo_adoration_freeform_NOIZEUS_NOISE_DATASET_cafeteria_babble_SNR[10]dB_CLN-p092_emo_adoration_freeform.csv,Babble
p092_emo_adoration_sentences,BASELINE_p092_emo_adoration_sentences_NOIZEUS_NOISE_DATASET_Car Noise_60mph_SNR[10]dB,16000,1.3636733293533323,10.001256942749023,0.7813839912414551,3.583858387810843,3.7513525593279295,2.988928388919516,2.810381780647412,BASELINE_NOIZEUS_EARS_metrics.csv_ENH-BASELINE_p092_emo_adoration_sentences_NOIZEUS_NOISE_DATASET_Car Noise_60mph_SNR[10]dB_CLN-p092_emo_adoration_sentences.csv,mband_N6_lin_AVR0_p092_emo_adoration_sentences_NOIZEUS_NOISE_DATASET_Car Noise_60mph_SNR[10]dB,16000,1.7522855997085571,12.561546325683594,0.7818523645401001,3.52020594051906,3.5566124500632346,2.9056633626610124,2.687997023699828,mband_N6_lin_AVR0_metrics.csv_ENH-mband_N6_lin_AVR0_p092_emo_adoration_sentences_NOIZEUS_NOISE_DATASET_Car Noise_60mph_SNR[10]dB_CLN-p092_emo_adoration_sentences.csv,mband_py_N6_lin_AVR0_p092_emo_adoration_sentences_NOIZEUS_NOISE_DATASET_Car Noise_60mph_SNR[10]dB,16000,1.7110309600830078,12.35507106781006,0.7830857038497925,3.5351337705339705,3.6439976822591698,3.117137569918172,2.787003171112057,mband_py_N6_lin_AVR0_4_p092_emo_adoration_sentences_NOIZEUS_NOISE_DATASET_Car Noise_60mph_SNR[10]dB,16000,1.6418488025665283,12.514242172241213,0.7813495397567749,3.419287306921823,3.3274584895182606,2.7453496083015865,2.4560437231022645,mband_py_N6_lin_AVR0_4_metrics.csv_ENH-mband_py_N6_lin_AVR0_4_p092_emo_adoration_sentences_NOIZEUS_NOISE_DATASET_Car Noise_60mph_SNR[10]dB_CLN-p092_emo_adoration_sentences.csv,Car
p092_emo_amazement_freeform,BASELINE_p092_emo_amazement_freeform_NOIZEUS_NOISE_DATASET_Car Noise_Idle Noise_40mph_SNR[10]dB,16000,1.2401374578475952,10.001498222351074,0.826603353023529,3.0409134796687534,4.046293895684923,2.1822543034817072,2.6393700481461635,BASELINE_NOIZEUS_EARS_metrics.csv_ENH-BASELINE_p092_emo_amazement_freeform_NOIZEUS_NOISE_DATASET_Car Noise_Idle Noise_40mph_SNR[10]dB_CLN-p092_emo_amazement_freeform.csv,mband_N6_lin_AVR0_p092_emo_amazement_freeform_NOIZEUS_NOISE_DATASET_Car Noise_Idle Noise_40mph_SNR[10]dB,16000,1.6626468896865845,15.553997993469238,0.8406080007553101,2.939136368887765,2.907841360609816,2.7854755913305884,2.3648711212253155,mband_N6_lin_AVR0_metrics.csv_ENH-mband_N6_lin_AVR0_p092_emo_amazement_freeform_NOIZEUS_NOISE_DATASET_Car Noise_Idle Noise_40mph_SNR[10]dB_CLN-p092_emo_amazement_freeform.csv,mband_py_N6_lin_AVR0_p092_emo_amazement_freeform_NOIZEUS_NOISE_DATASET_Car Noise_Idle Noise_40mph_SNR[10]dB,16000,1.6634211540222168,15.754834175109863,0.8440022468566895,2.921196222305298,3.038756784585753,2.770542799196453,2.3713889991339,mband_py_N6_lin_AVR0_4_p092_emo_amazement_freeform_NOIZEUS_NOISE_DATASET_Car Noise_Idle Noise_40mph_SNR[10]dB,16000,1.6619160175323486,15.671277046203612,0.8303288221359253,2.9614335128239224,3.646530411935157,2.732843952166116,2.7614067555268087,mband_py_N6_lin_AVR0_4_metrics.csv_ENH-mband_py_N6_lin_AVR0_4_p092_emo_amazement_freeform_NOIZEUS_NOISE_DATASET_Car Noise_Idle Noise_40mph_SNR[10]dB_CLN-p092_emo_amazement_freeform.csv,Car
p092_emo_amazement_sentences,BASELINE_p092_emo_amazement_sentences_NOIZEUS_NOISE_DATASET_Car Noise_Idle Noise_60mph_SNR[10]dB,16000,1.3679763078689575,10.004655838012695,0.7819167375564575,3.239153861999512,4.002170276515763,2.6752531186356165,2.8159870437754657,BASELINE_NOIZEUS_EARS_metrics.csv_ENH-BASELINE_p092_emo_amazement_sentences_NOIZEUS_NOISE_DATASET_Car Noise_Idle Noise_60mph_SNR[10]dB_CLN-p092_emo_amazement_sentences.csv,mband_N6_lin_AVR0_p092_emo_amazement_sentences_NOIZEUS_NOISE_DATASET_Car Noise_Idle Noise_60mph_SNR[10]dB,16000,1.6316204071044922,12.975035667419434,0.7753678560256958,3.149782180786133,2.937886206730389,2.884765915358007,2.4385745028644936,mband_N6_lin_AVR0_metrics.csv_ENH-mband_N6_lin_AVR0_p092_emo_amazement_sentences_NOIZEUS_NOISE_DATASET_Car Noise_Idle Noise_60mph_SNR[10]dB_CLN-p092_emo_amazement_sentences.csv,mband_py_N6_lin_AVR0_p092_emo_amazement_sentences_NOIZEUS_NOISE_DATASET_Car Noise_Idle Noise_60mph_SNR[10]dB,16000,1.7764947414398191,14.249101638793944,0.777293860912323,3.1526901721954346,3.2651769973666083,2.659481453901032,2.3952196723475763,mband_py_N6_lin_AVR0_4_p092_emo_amazement_sentences_NOIZEUS_NOISE_DATASET_Car Noise_Idle Noise_60mph_SNR[10]dB,16000,1.749503493309021,14.159727096557615,0.783682644367218,3.2176947593688965,3.08632790808584,2.518091863420466,2.252722850812648,mband_py_N6_lin_AVR0_4_metrics.csv_ENH-mband_py_N6_lin_AVR0_4_p092_emo_amazement_sentences_NOIZEUS_NOISE_DATASET_Car Noise_Idle Noise_60mph_SNR[10]dB_CLN-p092_emo_amazement_sentences.csv,Car
p092_emo_amusement_freeform,BASELINE_p092_emo_amusement_freeform_NOIZEUS_NOISE_DATASET_Construction_Crane_Moving_SNR[10]dB,16000,1.1469866037368774,9.995140075683594,0.7797783017158508,2.602789878845215,4.180889616215557,1.7466038265418464,2.334805237782782,BASELINE_NOIZEUS_EARS_metrics.csv_ENH-BASELINE_p092_emo_amusement_freeform_NOIZEUS_NOISE_DATASET_Construction_Crane_Moving_SNR[10]dB_CLN-p092_emo_amusement_freeform.csv,mband_N6_lin_AVR0_p092_emo_amusement_freeform_NOIZEUS_NOISE_DATASET_Construction_Crane_Moving_SNR[10]dB,16000,1.249499797821045,11.938575744628906,0.7879015207290649,2.489447951316833,3.680450475874749,1.97715895784662,2.2520917015122985,mband_N6_lin_AVR0_metrics.csv_ENH-mband_N6_lin_AVR0_p092_emo_amusement_freeform_NOIZEUS_NOISE_DATASET_Construction_Crane_Moving_SNR[10]dB_CLN-p092_emo_amusement_freeform.csv,mband_py_N6_lin_AVR0_p092_emo_amusement_freeform_NOIZEUS_NOISE_DATASET_Construction_Crane_Moving_SNR[10]dB,16000,1.2365262508392334,10.835528373718262,0.762649655342102,2.6602050065994263,3.4673074255923457,2.0127575024362647,2.123835561198524,mband_py_N6_lin_AVR0_4_p092_emo_amusement_freeform_NOIZEUS_NOISE_DATASET_Construction_Crane_Moving_SNR[10]dB,16000,1.248948097229004,10.866497039794922,0.7850930094718933,2.470538973808289,3.597573196370322,1.87286717065057,2.121046386884232,mband_py_N6_lin_AVR0_4_metrics.csv_ENH-mband_py_N6_lin_AVR0_4_p092_emo_amusement_freeform_NOIZEUS_NOISE_DATASET_Construction_Crane_Moving_SNR[10]dB_CLN-p092_emo_amusement_freeform.csv,Construction
p092_emo_amusement_sentences,BASELINE_p092_emo_amusement_sentences_NOIZEUS_NOISE_DATASET_Construction_Drilling_SNR[10]dB,16000,1.190131425857544,9.986186981201172,0.8226237893104553,2.9148478507995605,4.17400989551109,2.0591351153692763,2.5909738184364994,BASELINE_NOIZEUS_EARS_metrics.csv_ENH-BASELINE_p092_emo_amusement_sentences_NOIZEUS_NOISE_DATASET_Construction_Drilling_SNR[10]dB_CLN-p092_emo_amusement_sentences.csv,mband_N6_lin_AVR0_p092_emo_amusement_sentences_NOIZEUS_NOISE_DATASET_Construction_Drilling_SNR[10]dB,16000,1.4552608728408811,12.855902671813965,0.8124315738677979,2.765693426132202,2.1571848390129524,2.12296247477146,1.5368461061695438,mband_N6_lin_AVR0_metrics.csv_ENH-mband_N6_lin_AVR0_p092_emo_amusement_sentences_NOIZEUS_NOISE_DATASET_Construction_Drilling_SNR[10]dB_CLN-p092_emo_amusement_sentences.csv,mband_py_N6_lin_AVR0_p092_emo_amusement_sentences_NOIZEUS_NOISE_DATASET_Construction_Drilling_SNR[10]dB,16000,1.4940627813339231,13.25558090209961,0.8226931691169739,2.82683539390564,2.52341601351656,2.2375982818011613,1.852615165315134,mband_py_N6_lin_AVR0_4_p092_emo_amusement_sentences_NOIZEUS_NOISE_DATASET_Construction_Drilling_SNR[10]dB,16000,1.4412413835525513,13.181075096130373,0.8251487016677856,2.9781572818756104,2.4010562056698315,2.249468064838676,1.780941146342028,mband_py_N6_lin_AVR0_4_metrics.csv_ENH-mband_py_N6_lin_AVR0_4_p092_emo_amusement_sentences_NOIZEUS_NOISE_DATASET_Construction_Drilling_SNR[10]dB_CLN-p092_emo_amusement_sentences.csv,Construction
p092_emo_anger_freeform,BASELINE_p092_emo_anger_freeform_NOIZEUS_NOISE_DATASET_Construction_Jackhammer1_SNR[10]dB,16000,1.279777765274048,9.9937105178833,0.8684242963790894,2.6609279768807546,4.129354186479318,1.602348650511887,2.189126879153644,BASELINE_NOIZEUS_EARS_metrics.csv_ENH-BASELINE_p092_emo_anger_freeform_NOIZEUS_NOISE_DATASET_Construction_Jackhammer1_SNR[10]dB_CLN-p092_emo_anger_freeform.csv,mband_N6_lin_AVR0_p092_emo_anger_freeform_NOIZEUS_NOISE_DATASET_Construction_Jackhammer1_SNR[10]dB,16000,1.3770968914031982,11.377647399902344,0.868471086025238,2.452925443649292,3.731721474727933,1.589869366551915,1.9470931773026952,mband_N6_lin_AVR0_metrics.csv_ENH-mband_N6_lin_AVR0_p092_emo_anger_freeform_NOIZEUS_NOISE_DATASET_Construction_Jackhammer1_SNR[10]dB_CLN-p092_emo_anger_freeform.csv,mband_py_N6_lin_AVR0_p092_emo_anger_freeform_NOIZEUS_NOISE_DATASET_Construction_Jackhammer1_SNR[10]dB,16000,1.3516802787780762,11.325944900512695,0.8693898916244507,2.355740989957537,3.4114220695956585,1.631862122974177,1.924156960696522,mband_py_N6_lin_AVR0_4_p092_emo_anger_freeform_NOIZEUS_NOISE_DATASET_Construction_Jackhammer1_SNR[10]dB,16000,1.348636507987976,11.046751976013184,0.8713352084159851,2.478022405079433,4.120968088030254,1.6178671548863857,2.092640585963123,mband_py_N6_lin_AVR0_4_metrics.csv_ENH-mband_py_N6_lin_AVR0_4_p092_emo_anger_freeform_NOIZEUS_NOISE_DATASET_Construction_Jackhammer1_SNR[10]dB_CLN-p092_emo_anger_freeform.csv,Construction
p092_emo_anger_sentences,BASELINE_p092_emo_anger_sentences_NOIZEUS_NOISE_DATASET_Construction_Jackhammer2_SNR[10]dB,16000,1.282923936843872,9.999710083007812,0.7816140651702881,2.755706139973232,3.9660502486584384,1.7629714484854435,2.183239011302744,BASELINE_NOIZEUS_EARS_metrics.csv_ENH-BASELINE_p092_emo_anger_sentences_NOIZEUS_NOISE_DATASET_Construction_Jackhammer2_SNR[10]dB_CLN-p092_emo_anger_sentences.csv,mband_N6_lin_AVR0_p092_emo_anger_sentences_NOIZEUS_NOISE_DATASET_Construction_Jackhammer2_SNR[10]dB,16000,1.3782057762145996,11.766313552856444,0.7800787687301636,2.2122831685202464,2.8528200028315864,1.807805140482916,1.7524186092024496,mband_N6_lin_AVR0_metrics.csv_ENH-mband_N6_lin_AVR0_p092_emo_anger_sentences_NOIZEUS_NOISE_DATASET_Construction_Jackhammer2_SNR[10]dB_CLN-p092_emo_anger_sentences.csv,mband_py_N6_lin_AVR0_p092_emo_anger_sentences_NOIZEUS_NOISE_DATASET_Construction_Jackhammer2_SNR[10]dB,16000,1.3407657146453855,11.427967071533203,0.7683995962142944,2.19681910106114,2.7540526278121864,1.919586187682724,1.7747806479771258,mband_py_N6_lin_AVR0_4_p092_emo_anger_sentences_NOIZEUS_NOISE_DATASET_Construction_Jackhammer2_SNR[10]dB,16000,1.3704235553741455,11.57834529876709,0.7756384611129761,2.303577252796718,2.868132060198654,1.7278874931695205,1.6980482420934233,mband_py_N6_lin_AVR0_4_metrics.csv_ENH-mband_py_N6_lin_AVR0_4_p092_emo_anger_sentences_NOIZEUS_NOISE_DATASET_Construction_Jackhammer2_SNR[10]dB_CLN-p092_emo_anger_sentences.csv,Construction
p092_emo_confusion_freeform,BASELINE_p092_emo_confusion_freeform_NOIZEUS_NOISE_DATASET_Construction_Trucks_Unloading_SNR[10]dB,16000,1.2665926218032837,10.00136947631836,0.7234839200973511,2.667322431291853,4.430448183459,2.1661660755807493,2.740858537799542,BASELINE_NOIZEUS_EARS_metrics.csv_ENH-BASELINE_p092_emo_confusion_freeform_NOIZEUS_NOISE_DATASET_Construction_Trucks_Unloading_SNR[10]dB_CLN-p092_emo_confusion_freeform.csv,mband_N6_lin_AVR0_p092_emo_confusion_freeform_NOIZEUS_NOISE_DATASET_Construction_Trucks_Unloading_SNR[10]dB,16000,1.7704576253890991,13.989463806152344,0.7304106950759888,2.731019973754883,4.080876222162745,2.376017753734533,2.7075938268423987,mband_N6_lin_AVR0_metrics.csv_ENH-mband_N6_lin_AVR0_p092_emo_confusion_freeform_NOIZEUS_NOISE_DATASET_Construction_Trucks_Unloading_SNR[10]dB_CLN-p092_emo_confusion_freeform.csv,mband_py_N6_lin_AVR0_p092_emo_confusion_freeform_NOIZEUS_NOISE_DATASET_Construction_Trucks_Unloading_SNR[10]dB,16000,1.5864157676696775,13.481081008911133,0.7165202498435974,2.775162867137364,4.011241064747425,2.4458113195932216,2.701770798999655,mband_py_N6_lin_AVR0_4_p092_emo_confusion_freeform_NOIZEUS_NOISE_DATASET_Construction_Trucks_Unloading_SNR[10]dB,16000,1.745510458946228,13.903234481811523,0.7332720160484314,2.814345223563058,4.015451350965391,2.2954112351389857,2.619977696849628,mband_py_N6_lin_AVR0_4_metrics.csv_ENH-mband_py_N6_lin_AVR0_4_p092_emo_confusion_freeform_NOIZEUS_NOISE_DATASET_Construction_Trucks_Unloading_SNR[10]dB_CLN-p092_emo_confusion_freeform.csv,Construction
p092_emo_confusion_sentences,BASELINE_p092_emo_confusion_sentences_NOIZEUS_NOISE_DATASET_Inside Flight_SNR[10]dB,16000,1.5674223899841309,9.998577117919922,0.5338023900985718,2.866163730621338,4.010786506507872,2.6840549493406387,2.808424258680362,BASELINE_NOIZEUS_EARS_metrics.csv_ENH-BASELINE_p092_emo_confusion_sentences_NOIZEUS_NOISE_DATASET_Inside Flight_SNR[10]dB_CLN-p092_emo_confusion_sentences.csv,mband_N6_lin_AVR0_p092_emo_confusion_sentences_NOIZEUS_NOISE_DATASET_Inside Flight_SNR[10]dB,16000,1.8083440065383911,13.533819198608398,0.5388425588607788,2.820476770401001,3.0414481059474165,3.32284366647835,2.590844963254867,mband_N6_lin_AVR0_metrics.csv_ENH-mband_N6_lin_AVR0_p092_emo_confusion_sentences_NOIZEUS_NOISE_DATASET_Inside Flight_SNR[10]dB_CLN-p092_emo_confusion_sentences.csv,mband_py_N6_lin_AVR0_p092_emo_confusion_sentences_NOIZEUS_NOISE_DATASET_Inside Flight_SNR[10]dB,16000,1.766815185546875,12.93062686920166,0.5409283638000488,2.711470603942871,2.821935051900976,3.57229203615375,2.455260403384061,mband_py_N6_lin_AVR0_4_p092_emo_confusion_sentences_NOIZEUS_NOISE_DATASET_Inside Flight_SNR[10]dB,16000,1.7092945575714111,13.32172393798828,0.5369271039962769,2.8535497188568115,3.0280766383458,3.026339357201562,2.470076209162928,mband_py_N6_lin_AVR0_4_metrics.csv_ENH-mband_py_N6_lin_AVR0_4_p092_emo_confusion_sentences_NOIZEUS_NOISE_DATASET_Inside Flight_SNR[10]dB_CLN-p092_emo_confusion_sentences.csv,Flight
p092_emo_contentment_freeform,BASELINE_p092_emo_contentment_freeform_NOIZEUS_NOISE_DATASET_Inside Train_1_SNR[10]dB,16000,1.2958248853683472,9.98646640777588,0.8147104382514954,3.061474663870676,3.977994818238481,2.634985277203743,2.6915298488553896,BASELINE_NOIZEUS_EARS_metrics.csv_ENH-BASELINE_p092_emo_contentment_freeform_NOIZEUS_NOISE_DATASET_Inside Train_1_SNR[10]dB_CLN-p092_emo_contentment_freeform.csv,mband_N6_lin_AVR0_p092_emo_contentment_freeform_NOIZEUS_NOISE_DATASET_Inside Train_1_SNR[10]dB,16000,1.3926570415496826,9.896369934082031,0.822779655456543,3.114912850516183,3.93992580100742,2.4152379668076027,2.679598517149927,mband_N6_lin_AVR0_metrics.csv_ENH-mband_N6_lin_AVR0_p092_emo_contentment_freeform_NOIZEUS_NOISE_DATASET_Inside Train_1_SNR[10]dB_CLN-p092_emo_contentment_freeform.csv,mband_py_N6_lin_AVR0_p092_emo_contentment_freeform_NOIZEUS_NOISE_DATASET_Inside Train_1_SNR[10]dB,16000,1.41171395778656,9.97978687286377,0.8198029398918152,3.144583089011056,3.969704758782785,2.4333720601115574,2.695557482093133,mband_py_N6_lin_AVR0_4_p092_emo_contentment_freeform_NOIZEUS_NOISE_DATASET_Inside Train_1_SNR[10]dB,16000,1.401203989982605,10.36172103881836,0.8249898552894592,3.157822370529175,3.937834176999453,2.71998896385885,2.832463474394825,mband_py_N6_lin_AVR0_4_metrics.csv_ENH-mband_py_N6_lin_AVR0_4_p092_emo_contentment_freeform_NOIZEUS_NOISE_DATASET_Inside Train_1_SNR[10]dB_CLN-p092_emo_contentment_freeform.csv,Train
p092_emo_contentment_sentences,BASELINE_p092_emo_contentment_sentences_NOIZEUS_NOISE_DATASET_Inside Train_2_SNR[10]dB,16000,1.5167944431304932,9.997347831726074,0.789560854434967,2.9051902294158936,3.327940641968244,2.3641442990754227,2.1931136864945464,BASELINE_NOIZEUS_EARS_metrics.csv_ENH-BASELINE_p092_emo_contentment_sentences_NOIZEUS_NOISE_DATASET_Inside Train_2_SNR[10]dB_CLN-p092_emo_contentment_sentences.csv,mband_N6_lin_AVR0_p092_emo_contentment_sentences_NOIZEUS_NOISE_DATASET_Inside Train_2_SNR[10]dB,16000,1.943030595779419,12.912224769592283,0.7943519353866577,2.98655104637146,3.253930000394325,2.733153338543893,2.383849303804841,mband_N6_lin_AVR0_metrics.csv_ENH-mband_N6_lin_AVR0_p092_emo_contentment_sentences_NOIZEUS_NOISE_DATASET_Inside Train_2_SNR[10]dB_CLN-p092_emo_contentment_sentences.csv,mband_py_N6_lin_AVR0_p092_emo_contentment_sentences_NOIZEUS_NOISE_DATASET_Inside Train_2_SNR[10]dB,16000,1.967535734176636,13.281397819519045,0.7903804779052734,2.9453272819519043,3.0112293329174173,3.1951454668803168,2.417193104578835,mband_py_N6_lin_AVR0_4_p092_emo_contentment_sentences_NOIZEUS_NOISE_DATASET_Inside Train_2_SNR[10]dB,16000,1.9605052471160889,12.855079650878906,0.7888369560241699,2.962650775909424,2.8355159613130096,3.1408815709451225,2.3200149044236102,mband_py_N6_lin_AVR0_4_metrics.csv_ENH-mband_py_N6_lin_AVR0_4_p092_emo_contentment_sentences_NOIZEUS_NOISE_DATASET_Inside Train_2_SNR[10]dB_CLN-p092_emo_contentment_sentences.csv,Train
p092_emo_cuteness_freeform,BASELINE_p092_emo_cuteness_freeform_NOIZEUS_NOISE_DATASET_Inside Train_3_SNR[10]dB,16000,1.209849834442139,9.981278419494627,0.6807807683944702,2.603095388412476,3.9026281511987255,2.287284326391682,2.619030555109424,BASELINE_NOIZEUS_EARS_metrics.csv_ENH-BASELINE_p092_emo_cuteness_freeform_NOIZEUS_NOISE_DATASET_Inside Train_3_SNR[10]dB_CLN-p092_emo_cuteness_freeform.csv,mband_N6_lin_AVR0_p092_emo_cuteness_freeform_NOIZEUS_NOISE_DATASET_Inside Train_3_SNR[10]dB,16000,1.368661880493164,13.047724723815918,0.6757320761680603,2.6474891662597657,2.714427350872131,2.1621499195173626,1.878530263347415,mband_N6_lin_AVR0_metrics.csv_ENH-mband_N6_lin_AVR0_p092_emo_cuteness_freeform_NOIZEUS_NOISE_DATASET_Inside Train_3_SNR[10]dB_CLN-p092_emo_cuteness_freeform.csv,mband_py_N6_lin_AVR0_p092_emo_cuteness_freeform_NOIZEUS_NOISE_DATASET_Inside Train_3_SNR[10]dB,16000,1.3584388494491575,12.990646362304688,0.6849230527877808,2.579359722137452,2.885848548431654,2.219035945587401,1.983419761725927,mband_py_N6_lin_AVR0_4_p092_emo_cuteness_freeform_NOIZEUS_NOISE_DATASET_Inside Train_3_SNR[10]dB,16000,1.367220163345337,13.396722793579102,0.6758679151535034,2.5556631565093992,3.2095313937027647,2.003899661886148,2.0345623159530546,mband_py_N6_lin_AVR0_4_metrics.csv_ENH-mband_py_N6_lin_AVR0_4_p092_emo_cuteness_freeform_NOIZEUS_NOISE_DATASET_Inside Train_3_SNR[10]dB_CLN-p092_emo_cuteness_freeform.csv,Train
p092_emo_cuteness_sentences,BASELINE_p092_emo_cuteness_sentences_NOIZEUS_NOISE_DATASET_PC Fan Noise_SNR[10]dB,16000,1.2817089557647705,9.998371124267578,0.7751016616821289,2.761836290359497,4.269006221774776,2.4611210839813733,2.8498613255623755,BASELINE_NOIZEUS_EARS_metrics.csv_ENH-BASELINE_p092_emo_cuteness_sentences_NOIZEUS_NOISE_DATASET_PC Fan Noise_SNR[10]dB_CLN-p092_emo_cuteness_sentences.csv,mband_N6_lin_AVR0_p092_emo_cuteness_sentences_NOIZEUS_NOISE_DATASET_PC Fan Noise_SNR[10]dB,16000,1.7869844436645508,17.076026916503906,0.7699699401855469,2.762353539466858,3.751071525788281,2.7385461108854496,2.8156873515992484,mband_N6_lin_AVR0_metrics.csv_ENH-mband_N6_lin_AVR0_p092_emo_cuteness_sentences_NOIZEUS_NOISE_DATASET_PC Fan Noise_SNR[10]dB_CLN-p092_emo_cuteness_sentences.csv,mband_py_N6_lin_AVR0_p092_emo_cuteness_sentences_NOIZEUS_NOISE_DATASET_PC Fan Noise_SNR[10]dB,16000,1.8630554676055908,17.87553596496582,0.7893034815788269,2.7513890266418457,3.925432759811023,2.5966196482480925,2.749042855193177,mband_py_N6_lin_AVR0_4_p092_emo_cuteness_sentences_NOIZEUS_NOISE_DATASET_PC Fan Noise_SNR[10]dB,16000,1.795344591140747,17.035429000854492,0.7761046290397644,2.7348912954330444,3.695141759610793,2.710848935302322,2.7045094107051506,mband_py_N6_lin_AVR0_4_metrics.csv_ENH-mband_py_N6_lin_AVR0_4_p092_emo_cuteness_sentences_NOIZEUS_NOISE_DATASET_PC Fan Noise_SNR[10]dB_CLN-p092_emo_cuteness_sentences.csv,Stationary
p092_emo_desire_freeform,BASELINE_p092_emo_desire_freeform_NOIZEUS_NOISE_DATASET_SSN_IEEE_SNR[10]dB,16000,1.2145620584487915,10.013667106628418,0.7838144898414612,2.893488089243571,4.143377276930316,2.392649755516853,2.7382702402108112,BASELINE_NOIZEUS_EARS_metrics.csv_ENH-BASELINE_p092_emo_desire_freeform_NOIZEUS_NOISE_DATASET_SSN_IEEE_SNR[10]dB_CLN-p092_emo_desire_freeform.csv,mband_N6_lin_AVR0_p092_emo_desire_freeform_NOIZEUS_NOISE_DATASET_SSN_IEEE_SNR[10]dB,16000,1.559311866760254,12.23857307434082,0.7896708846092224,3.027073303858439,2.659641269109148,2.475393984357962,1.9473923914806512,mband_N6_lin_AVR0_metrics.csv_ENH-mband_N6_lin_AVR0_p092_emo_desire_freeform_NOIZEUS_NOISE_DATASET_SSN_IEEE_SNR[10]dB_CLN-p092_emo_desire_freeform.csv,mband_py_N6_lin_AVR0_p092_emo_desire_freeform_NOIZEUS_NOISE_DATASET_SSN_IEEE_SNR[10]dB,16000,1.5832617282867432,12.253726959228516,0.7869166135787964,2.9972368478775024,2.633444505181661,2.9259352623509325,2.1540649141623724,mband_py_N6_lin_AVR0_4_p092_emo_desire_freeform_NOIZEUS_NOISE_DATASET_SSN_IEEE_SNR[10]dB,16000,1.5712534189224243,12.412071228027344,0.7916015386581421,3.08096706867218,2.414999524638541,2.601829708245349,1.900592250147952,mband_py_N6_lin_AVR0_4_metrics.csv_ENH-mband_py_N6_lin_AVR0_4_p092_emo_desire_freeform_NOIZEUS_NOISE_DATASET_SSN_IEEE_SNR[10]dB_CLN-p092_emo_desire_freeform.csv,Stationary
p092_emo_desire_sentences,BASELINE_p092_emo_desire_sentences_NOIZEUS_NOISE_DATASET_Street Noise_SNR[10]dB,16000,1.3881707191467283,10.014333724975586,0.75400310754776,2.907525936762492,3.875489614962664,2.6859272818492266,2.603288675802089,BASELINE_NOIZEUS_EARS_metrics.csv_ENH-BASELINE_p092_emo_desire_sentences_NOIZEUS_NOISE_DATASET_Street Noise_SNR[10]dB_CLN-p092_emo_desire_sentences.csv,mband_N6_lin_AVR0_p092_emo_desire_sentences_NOIZEUS_NOISE_DATASET_Street Noise_SNR[10]dB,16000,1.8029162883758545,11.46963882446289,0.7688833475112915,3.276233196258545,3.5553796140889085,2.490856673854468,2.465073707696822,mband_N6_lin_AVR0_metrics.csv_ENH-mband_N6_lin_AVR0_p092_emo_desire_sentences_NOIZEUS_NOISE_DATASET_Street Noise_SNR[10]dB_CLN-p092_emo_desire_sentences.csv,mband_py_N6_lin_AVR0_p092_emo_desire_sentences_NOIZEUS_NOISE_DATASET_Street Noise_SNR[10]dB,16000,1.8645920753479004,11.640366554260254,0.755323588848114,3.159820795059204,3.4874601098686706,2.5937025857064047,2.4234226805375503,mband_py_N6_lin_AVR0_4_p092_emo_desire_sentences_NOIZEUS_NOISE_DATASET_Street Noise_SNR[10]dB,16000,1.8058273792266848,11.489409446716309,0.756943941116333,3.053297678629557,3.374758659593619,2.355797725988929,2.2929996322742654,mband_py_N6_lin_AVR0_4_metrics.csv_ENH-mband_py_N6_lin_AVR0_4_p092_emo_desire_sentences_NOIZEUS_NOISE_DATASET_Street Noise_SNR[10]dB_CLN-p092_emo_desire_sentences.csv,Street
p092_emo_disappointment_freeform,BASELINE_p092_emo_disappointment_freeform_NOIZEUS_NOISE_DATASET_Street Noise_downtown_SNR[10]dB,16000,1.409592866897583,10.000487327575684,0.811381995677948,2.860039268221174,4.3633342031925775,2.215947639948346,2.7820344978680724,BASELINE_NOIZEUS_EARS_metrics.csv_ENH-BASELINE_p092_emo_disappointment_freeform_NOIZEUS_NOISE_DATASET_Street Noise_downtown_SNR[10]dB_CLN-p092_emo_disappointment_freeform.csv,mband_N6_lin_AVR0_p092_emo_disappointment_freeform_NOIZEUS_NOISE_DATASET_Street Noise_downtown_SNR[10]dB,16000,1.7275662422180176,12.21039581298828,0.8110502362251282,2.863440752029419,4.155548511358528,2.414581517845434,2.828096445369132,mband_N6_lin_AVR0_metrics.csv_ENH-mband_N6_lin_AVR0_p092_emo_disappointment_freeform_NOIZEUS_NOISE_DATASET_Street Noise_downtown_SNR[10]dB_CLN-p092_emo_disappointment_freeform.csv,mband_py_N6_lin_AVR0_p092_emo_disappointment_freeform_NOIZEUS_NOISE_DATASET_Street Noise_downtown_SNR[10]dB,16000,1.748033046722412,13.126256942749023,0.8274093270301819,2.5666022981916154,4.297010224120989,2.363308103603706,2.882489311234409,mband_py_N6_lin_AVR0_4_p092_emo_disappointment_freeform_NOIZEUS_NOISE_DATASET_Street Noise_downtown_SNR[10]dB,16000,1.7175246477127075,13.155350685119627,0.818932831287384,2.9272095475878035,4.329716680903394,2.466924667875904,2.946551459525036,mband_py_N6_lin_AVR0_4_metrics.csv_ENH-mband_py_N6_lin_AVR0_4_p092_emo_disappointment_freeform_NOIZEUS_NOISE_DATASET_Street Noise_downtown_SNR[10]dB_CLN-p092_emo_disappointment_freeform.csv,Street
p092_emo_disappointment_sentences,BASELINE_p092_emo_disappointment_sentences_NOIZEUS_NOISE_DATASET_Train1_SNR[10]dB,16000,1.316823959350586,10.003313064575195,0.731379508972168,3.0084338188171387,4.275481746642327,2.68623439685566,3.0260803468148496,BASELINE_NOIZEUS_EARS_metrics.csv_ENH-BASELINE_p092_emo_disappointment_sentences_NOIZEUS_NOISE_DATASET_Train1_SNR[10]dB_CLN-p092_emo_disappointment_sentences.csv,mband_N6_lin_AVR0_p092_emo_disappointment_sentences_NOIZEUS_NOISE_DATASET_Train1_SNR[10]dB,16000,1.5901811122894287,9.104374885559082,0.7293341159820557,3.09693443775177,4.42390500114964,2.478877530466,3.00188083520892,mband_N6_lin_AVR0_metrics.csv_ENH-mband_N6_lin_AVR0_p092_emo_disappointment_sentences_NOIZEUS_NOISE_DATASET_Train1_SNR[10]dB_CLN-p092_emo_disappointment_sentences.csv,mband_py_N6_lin_AVR0_p092_emo_disappointment_sentences_NOIZEUS_NOISE_DATASET_Train1_SNR[10]dB,16000,1.5001059770584106,9.41266918182373,0.7257528305053711,3.2050569653511047,4.379114172441664,2.8660642367396325,3.1273316134935603,mband_py_N6_lin_AVR0_4_p092_emo_disappointment_sentences_NOIZEUS_NOISE_DATASET_Train1_SNR[10]dB,16000,1.528073787689209,9.287748336791992,0.7330507040023804,3.164297938346863,4.270080843802967,2.820714627598243,3.1078822742900662,mband_py_N6_lin_AVR0_4_metrics.csv_ENH-mband_py_N6_lin_AVR0_4_p092_emo_disappointment_sentences_NOIZEUS_NOISE_DATASET_Train1_SNR[10]dB_CLN-p092_emo_disappointment_sentences.csv,Train
p092_emo_disgust_freeform,BASELINE_p092_emo_disgust_freeform_NOIZEUS_NOISE_DATASET_Train2_SNR[10]dB,16000,1.4864988327026367,10.005793571472168,0.8653387427330017,2.8971451010022844,4.112163436989386,1.9592322380061664,2.4133400515916605,BASELINE_NOIZEUS_EARS_metrics.csv_ENH-BASELINE_p092_emo_disgust_freeform_NOIZEUS_NOISE_DATASET_Train2_SNR[10]dB_CLN-p092_emo_disgust_freeform.csv,mband_N6_lin_AVR0_p092_emo_disgust_freeform_NOIZEUS_NOISE_DATASET_Train2_SNR[10]dB,16000,1.524918794631958,12.954019546508787,0.8714572787284851,2.6934233052389964,3.5666140243227624,1.7469603980402952,2.022454585300992,mband_N6_lin_AVR0_metrics.csv_ENH-mband_N6_lin_AVR0_p092_emo_disgust_freeform_NOIZEUS_NOISE_DATASET_Train2_SNR[10]dB_CLN-p092_emo_disgust_freeform.csv,mband_py_N6_lin_AVR0_p092_emo_disgust_freeform_NOIZEUS_NOISE_DATASET_Train2_SNR[10]dB,16000,1.481824278831482,10.963119506835938,0.8664273023605347,2.7246639047350203,3.746611027055285,1.883471549001659,2.2476897306542445,mband_py_N6_lin_AVR0_4_p092_emo_disgust_freeform_NOIZEUS_NOISE_DATASET_Train2_SNR[10]dB,16000,1.561049222946167,9.90176010131836,0.8663927316665649,2.913421188082014,4.047417737481091,1.942111726332127,2.378360942890972,mband_py_N6_lin_AVR0_4_metrics.csv_ENH-mband_py_N6_lin_AVR0_4_p092_emo_disgust_freeform_NOIZEUS_NOISE_DATASET_Train2_SNR[10]dB_CLN-p092_emo_disgust_freeform.csv,Train
p092_emo_disgust_sentences,BASELINE_p092_emo_disgust_sentences_NOIZEUS_NOISE_DATASET_Water Cooler_SNR[10]dB,16000,1.8104350566864007,9.99301528930664,0.7555624842643738,3.0408087253570555,4.348184897428313,2.4445644028654967,2.863029658666598,BASELINE_NOIZEUS_EARS_metrics.csv_ENH-BASELINE_p092_emo_disgust_sentences_NOIZEUS_NOISE_DATASET_Water Cooler_SNR[10]dB_CLN-p092_emo_disgust_sentences.csv,mband_N6_lin_AVR0_p092_emo_disgust_sentences_NOIZEUS_NOISE_DATASET_Water Cooler_SNR[10]dB,16000,2.3255162239074707,13.300963401794434,0.7603572010993958,2.9844898223876952,3.873261437221751,2.4291702329322566,2.7000937609536173,mband_N6_lin_AVR0_metrics.csv_ENH-mband_N6_lin_AVR0_p092_emo_disgust_sentences_NOIZEUS_NOISE_DATASET_Water Cooler_SNR[10]dB_CLN-p092_emo_disgust_sentences.csv,mband_py_N6_lin_AVR0_p092_emo_disgust_sentences_NOIZEUS_NOISE_DATASET_Water Cooler_SNR[10]dB,16000,2.340186834335327,13.474408149719238,0.7611285448074341,3.000394105911255,3.7982331357650607,2.4742840367437497,2.621760853989901,mband_py_N6_lin_AVR0_4_p092_emo_disgust_sentences_NOIZEUS_NOISE_DATASET_Water Cooler_SNR[10]dB,16000,2.321541786193848,13.28076457977295,0.7659351229667664,2.9330939292907714,3.910069369059049,2.4757394822053675,2.731057573243209,mband_py_N6_lin_AVR0_4_metrics.csv_ENH-mband_py_N6_lin_AVR0_4_p092_emo_disgust_sentences_NOIZEUS_NOISE_DATASET_Water Cooler_SNR[10]dB_CLN-p092_emo_disgust_sentences.csv,Stationary
