clean_file,enhanced_file,sampling_rate,PESQ_Noisy,SI_SDR_Noisy,STOI_Noisy,DNSMOS_p808_mos_Noisy,DNSMOS_mos_sig_Noisy,DNSMOS_mos_bak_Noisy,DNSMOS_mos_ovr_Noisy,source_file,enhanced_file_GTCRN,sampling_rate_GTCRN,PESQ_GTCRN,SI_SDR_GTCRN,STOI_GTCRN,DNSMOS_p808_mos_GTCRN,DNSMOS_mos_sig_GTCRN,DNSMOS_mos_bak_GTCRN,DNSMOS_mos_ovr_GTCRN,source_file_GTCRN,enhanced_file_GTCRN_new,sampling_rate_GTCRN_new,PESQ_GTCRN_new,SI_SDR_GTCRN_new,STOI_GTCRN_new,DNSMOS_p808_mos_GTCRN_new,DNSMOS_mos_sig_GTCRN_new,DNSMOS_mos_bak_GTCRN_new,DNSMOS_mos_ovr_GTCRN_new,source_file_GTCRN_new,enhanced_file_mband_py_lin_hanning_avr1,sampling_rate_mband_py_lin_hanning_avr1,PESQ_mband_py_lin_hanning_avr1,SI_SDR_mband_py_lin_hanning_avr1,STOI_mband_py_lin_hanning_avr1,DNSMOS_p808_mos_mband_py_lin_hanning_avr1,DNSMOS_mos_sig_mband_py_lin_hanning_avr1,DNSMOS_mos_bak_mband_py_lin_hanning_avr1,DNSMOS_mos_ovr_mband_py_lin_hanning_avr1,source_file_mband_py_lin_hanning_avr1,enhanced_file_mband_py_lin_optimized_N16_25ms_ov75_fl0p001_noisefr1,sampling_rate_mband_py_lin_optimized_N16_25ms_ov75_fl0p001_noisefr1,PESQ_mband_py_lin_optimized_N16_25ms_ov75_fl0p001_noisefr1,SI_SDR_mband_py_lin_optimized_N16_25ms_ov75_fl0p001_noisefr1,STOI_mband_py_lin_optimized_N16_25ms_ov75_fl0p001_noisefr1,DNSMOS_p808_mos_mband_py_lin_optimized_N16_25ms_ov75_fl0p001_noisefr1,DNSMOS_mos_sig_mband_py_lin_optimized_N16_25ms_ov75_fl0p001_noisefr1,DNSMOS_mos_bak_mband_py_lin_optimized_N16_25ms_ov75_fl0p001_noisefr1,DNSMOS_mos_ovr_mband_py_lin_optimized_N16_25ms_ov75_fl0p001_noisefr1,source_file_mband_py_lin_optimized_N16_25ms_ov75_fl0p001_noisefr1,enhanced_file_mband_py_log_hybrid_20ms_ov75_fl0p8_nf1_N4,sampling_rate_mband_py_log_hybrid_20ms_ov75_fl0p8_nf1_N4,PESQ_mband_py_log_hybrid_20ms_ov75_fl0p8_nf1_N4,SI_SDR_mband_py_log_hybrid_20ms_ov75_fl0p8_nf1_N4,STOI_mband_py_log_hybrid_20ms_ov75_fl0p8_nf1_N4,DNSMOS_p808_mos_mband_py_log_hybrid_20ms_ov75_fl0p8_nf1_N4,DNSMOS_mos_sig_mband_py_log_hybrid_20ms_ov75_fl0p8_nf1_N4,DNSMOS_mos_bak_mband_py_log_hybrid_20ms_ov75_fl0p8_nf1_N4,DNSMOS_mos_ovr_mband_py_log_hybrid_20ms_ov75_fl0p8_nf1_N4,source_file_mband_py_log_hybrid_20ms_ov75_fl0p8_nf1_N4,noise_category
p092_emo_anger_sentences,BASELINE_p092_emo_anger_sentences_NOIZEUS_NOISE_DATASET_Construction_Jackhammer2_SNR[10]dB,16000,1.282923936843872,9.999710083007812,0.7816140651702881,2.755706139973232,3.9660502486584384,1.7629714484854435,2.183239011302744,BASELINE_NOIZEUS_EARS_metrics.csv_ENH-BASELINE_p092_emo_anger_sentences_NOIZEUS_NOISE_DATASET_Construction_Jackhammer2_SNR[10]dB_CLN-p092_emo_anger_sentences.csv,GTCRN_p092_emo_anger_sentences_Noise Recordings_Construction_Trucks_Unloading_SNR[10]dB,16000,1.6520200967788696,8.27658462524414,0.8258680701255798,2.9600626059940884,3.3307583479048355,3.3086504098364213,2.75177728128935,GTCRN_NOIZEUS_EARS_metrics.csv_ENH-GTCRN_p092_emo_anger_sentences_Noise Recordings_Construction_Trucks_Unloading_SNR[10]dB_CLN-p092_emo_anger_sentences.csv,GTCRN_p092_emo_anger_sentences_NOIZEUS_NOISE_DATASET_Construction_Jackhammer2_SNR[10]dB.wav,16000,1.618822693824768,9.522150993347168,0.7953857183456421,3.1482884543282643,3.6630471527432498,3.1446285960549494,2.9109973076299296,GTCRN_EXP3p2a_data_ENH-GTCRN_p092_emo_anger_sentences_NOIZEUS_NOISE_DATASET_Construction_Jackhammer2_SNR[10]dB_CLN-p092_emo_anger_sentences.csv,mband_py_N6_lin_AVR1_p092_emo_anger_sentences_NOIZEUS_NOISE_DATASET_Construction_Jackhammer2_SNR[10]dB,16000,1.4388539791107178,11.077951431274414,0.7788776755332947,2.5394369534083774,2.77618735786987,1.8705057574926307,1.7524104246500667,mband_py_N6_lin_AVR1_metrics.csv_ENH-mband_py_N6_lin_AVR1_p092_emo_anger_sentences_NOIZEUS_NOISE_DATASET_Construction_Jackhammer2_SNR[10]dB_CLN-p092_emo_anger_sentences.csv,mband_py_N16_lin_AVR1_p092_emo_anger_sentences_NOIZEUS_NOISE_DATASET_Construction_Jackhammer2_SNR[10]dB,16000,1.4404929876327517,12.193313598632812,0.7832770347595215,2.2721469742911204,2.579832618991486,1.868402461747121,1.6204411448141554,mband_py_N16_lin_AVR1_metrics.csv_ENH-mband_py_N16_lin_AVR1_p092_emo_anger_sentences_NOIZEUS_NOISE_DATASET_Construction_Jackhammer2_SNR[10]dB_CLN-p092_emo_anger_sentences.csv,GTCRN+SS_p092_emo_anger_sentences_NOIZEUS_NOISE_DATASET_Construction_Jackhammer2_SNR[10]dB,16000,1.633260726928711,9.382379531860352,0.7951588034629822,3.1780589648655484,3.7425077598537695,3.34589133587541,3.059877047166031,GTCRN_SS_NOIZEUS_EARS_metrics.csv_ENH-GTCRN+SS_p092_emo_anger_sentences_NOIZEUS_NOISE_DATASET_Construction_Jackhammer2_SNR[10]dB_CLN-p092_emo_anger_sentences.csv,Construction
p092_emo_confusion_freeform,BASELINE_p092_emo_confusion_freeform_NOIZEUS_NOISE_DATASET_Construction_Trucks_Unloading_SNR[10]dB,16000,1.2665926218032837,10.00136947631836,0.7234839200973511,2.667322431291853,4.430448183459,2.1661660755807493,2.740858537799542,BASELINE_NOIZEUS_EARS_metrics.csv_ENH-BASELINE_p092_emo_confusion_freeform_NOIZEUS_NOISE_DATASET_Construction_Trucks_Unloading_SNR[10]dB_CLN-p092_emo_confusion_freeform.csv,GTCRN_p092_emo_confusion_freeform_Noise Recordings_Inside Flight_SNR[10]dB,16000,2.275510549545288,15.572134017944336,0.7727497220039368,3.0473078319004605,4.3742697191743405,4.234958850702791,3.877303138775288,GTCRN_NOIZEUS_EARS_metrics.csv_ENH-GTCRN_p092_emo_confusion_freeform_Noise Recordings_Inside Flight_SNR[10]dB_CLN-p092_emo_confusion_freeform.csv,GTCRN_p092_emo_confusion_freeform_NOIZEUS_NOISE_DATASET_Construction_Trucks_Unloading_SNR[10]dB.wav,16000,2.0705955028533936,15.142745971679688,0.7528020143508911,3.3290698528289795,4.331348564840316,4.157420496305187,3.7988662768651937,GTCRN_EXP3p2a_data_ENH-GTCRN_p092_emo_confusion_freeform_NOIZEUS_NOISE_DATASET_Construction_Trucks_Unloading_SNR[10]dB_CLN-p092_emo_confusion_freeform.csv,mband_py_N6_lin_AVR1_p092_emo_confusion_freeform_NOIZEUS_NOISE_DATASET_Construction_Trucks_Unloading_SNR[10]dB,16000,1.9024996757507324,13.688766479492188,0.7365342378616333,2.887908152171544,4.19829332855254,2.5029498313201977,2.8275478060718804,mband_py_N6_lin_AVR1_metrics.csv_ENH-mband_py_N6_lin_AVR1_p092_emo_confusion_freeform_NOIZEUS_NOISE_DATASET_Construction_Trucks_Unloading_SNR[10]dB_CLN-p092_emo_confusion_freeform.csv,mband_py_N16_lin_AVR1_p092_emo_confusion_freeform_NOIZEUS_NOISE_DATASET_Construction_Trucks_Unloading_SNR[10]dB,16000,1.768525004386902,11.413713455200195,0.7190071940422058,2.7347260202680315,4.171495630869019,2.601618520653741,2.9415841178984343,mband_py_N16_lin_AVR1_metrics.csv_ENH-mband_py_N16_lin_AVR1_p092_emo_confusion_freeform_NOIZEUS_NOISE_DATASET_Construction_Trucks_Unloading_SNR[10]dB_CLN-p092_emo_confusion_freeform.csv,GTCRN+SS_p092_emo_confusion_freeform_NOIZEUS_NOISE_DATASET_Construction_Trucks_Unloading_SNR[10]dB,16000,2.0843005180358887,14.901695251464844,0.7512303590774536,3.316628796713693,4.350120757982274,4.238605327287651,3.8619867104392704,GTCRN_SS_NOIZEUS_EARS_metrics.csv_ENH-GTCRN+SS_p092_emo_confusion_freeform_NOIZEUS_NOISE_DATASET_Construction_Trucks_Unloading_SNR[10]dB_CLN-p092_emo_confusion_freeform.csv,Construction
p092_emo_confusion_sentences,BASELINE_p092_emo_confusion_sentences_NOIZEUS_NOISE_DATASET_Inside Flight_SNR[10]dB,16000,1.5674223899841309,9.998577117919922,0.5338023900985718,2.866163730621338,4.010786506507872,2.6840549493406387,2.808424258680362,BASELINE_NOIZEUS_EARS_metrics.csv_ENH-BASELINE_p092_emo_confusion_sentences_NOIZEUS_NOISE_DATASET_Inside Flight_SNR[10]dB_CLN-p092_emo_confusion_sentences.csv,GTCRN_p092_emo_confusion_sentences_Noise Recordings_Inside Train_1_SNR[10]dB,16000,2.4478981494903564,17.266361236572266,0.5884427428245544,3.2564916610717773,3.616421858856429,4.21331279429995,3.254939498850996,GTCRN_NOIZEUS_EARS_metrics.csv_ENH-GTCRN_p092_emo_confusion_sentences_Noise Recordings_Inside Train_1_SNR[10]dB_CLN-p092_emo_confusion_sentences.csv,GTCRN_p092_emo_confusion_sentences_NOIZEUS_NOISE_DATASET_Inside Flight_SNR[10]dB.wav,16000,2.923792600631714,16.850088119506836,0.5920957922935486,3.293038845062256,3.640696929217607,4.425446478856685,3.3880695915682675,GTCRN_EXP3p2a_data_ENH-GTCRN_p092_emo_confusion_sentences_NOIZEUS_NOISE_DATASET_Inside Flight_SNR[10]dB_CLN-p092_emo_confusion_sentences.csv,mband_py_N6_lin_AVR1_p092_emo_confusion_sentences_NOIZEUS_NOISE_DATASET_Inside Flight_SNR[10]dB,16000,1.8578616380691528,12.764922142028809,0.5449777245521545,2.8467280864715576,3.96935794648114,3.68599837678818,3.292911920784611,mband_py_N6_lin_AVR1_metrics.csv_ENH-mband_py_N6_lin_AVR1_p092_emo_confusion_sentences_NOIZEUS_NOISE_DATASET_Inside Flight_SNR[10]dB_CLN-p092_emo_confusion_sentences.csv,mband_py_N16_lin_AVR1_p092_emo_confusion_sentences_NOIZEUS_NOISE_DATASET_Inside Flight_SNR[10]dB,16000,1.7138628959655762,11.89840316772461,0.5351539254188538,2.8332464694976807,3.8104294481683167,2.9925777474717945,2.854641469553852,mband_py_N16_lin_AVR1_metrics.csv_ENH-mband_py_N16_lin_AVR1_p092_emo_confusion_sentences_NOIZEUS_NOISE_DATASET_Inside Flight_SNR[10]dB_CLN-p092_emo_confusion_sentences.csv,GTCRN+SS_p092_emo_confusion_sentences_NOIZEUS_NOISE_DATASET_Inside Flight_SNR[10]dB,16000,2.959736585617065,16.31233787536621,0.5924142599105835,3.288933038711548,3.749651051043371,4.411473676551049,3.4801470004718102,GTCRN_SS_NOIZEUS_EARS_metrics.csv_ENH-GTCRN+SS_p092_emo_confusion_sentences_NOIZEUS_NOISE_DATASET_Inside Flight_SNR[10]dB_CLN-p092_emo_confusion_sentences.csv,Flight
p092_emo_contentment_freeform,BASELINE_p092_emo_contentment_freeform_NOIZEUS_NOISE_DATASET_Inside Train_1_SNR[10]dB,16000,1.2958248853683472,9.98646640777588,0.8147104382514954,3.061474663870676,3.977994818238481,2.634985277203743,2.6915298488553896,BASELINE_NOIZEUS_EARS_metrics.csv_ENH-BASELINE_p092_emo_contentment_freeform_NOIZEUS_NOISE_DATASET_Inside Train_1_SNR[10]dB_CLN-p092_emo_contentment_freeform.csv,GTCRN_p092_emo_contentment_freeform_Noise Recordings_Inside Train_2_SNR[10]dB,16000,2.235739231109619,14.51963233947754,0.8527783751487732,3.902193375996181,3.897774630041656,3.7257498756652,3.2550002160734963,GTCRN_NOIZEUS_EARS_metrics.csv_ENH-GTCRN_p092_emo_contentment_freeform_Noise Recordings_Inside Train_2_SNR[10]dB_CLN-p092_emo_contentment_freeform.csv,GTCRN_p092_emo_contentment_freeform_NOIZEUS_NOISE_DATASET_Inside Train_1_SNR[10]dB.wav,16000,2.2400567531585693,15.71030044555664,0.8457092642784119,3.81733741079058,4.169619040107671,3.804186123703597,3.493670867525389,GTCRN_EXP3p2a_data_ENH-GTCRN_p092_emo_contentment_freeform_NOIZEUS_NOISE_DATASET_Inside Train_1_SNR[10]dB_CLN-p092_emo_contentment_freeform.csv,mband_py_N6_lin_AVR1_p092_emo_contentment_freeform_NOIZEUS_NOISE_DATASET_Inside Train_1_SNR[10]dB,16000,1.4493675231933594,10.114541053771973,0.8210020065307617,3.2388374464852467,4.090949960595508,3.18821364829422,3.127246123025804,mband_py_N6_lin_AVR1_metrics.csv_ENH-mband_py_N6_lin_AVR1_p092_emo_contentment_freeform_NOIZEUS_NOISE_DATASET_Inside Train_1_SNR[10]dB_CLN-p092_emo_contentment_freeform.csv,mband_py_N16_lin_AVR1_p092_emo_contentment_freeform_NOIZEUS_NOISE_DATASET_Inside Train_1_SNR[10]dB,16000,1.446915626525879,10.950408935546877,0.8186260461807251,3.0666985171181813,3.940517561715839,2.746125003412556,2.790493214827072,mband_py_N16_lin_AVR1_metrics.csv_ENH-mband_py_N16_lin_AVR1_p092_emo_contentment_freeform_NOIZEUS_NOISE_DATASET_Inside Train_1_SNR[10]dB_CLN-p092_emo_contentment_freeform.csv,GTCRN+SS_p092_emo_contentment_freeform_NOIZEUS_NOISE_DATASET_Inside Train_1_SNR[10]dB,16000,2.2388057708740234,15.18247127532959,0.8427712321281433,3.835179192679269,4.193850046643279,3.783888857486212,3.491167336228422,GTCRN_SS_NOIZEUS_EARS_metrics.csv_ENH-GTCRN+SS_p092_emo_contentment_freeform_NOIZEUS_NOISE_DATASET_Inside Train_1_SNR[10]dB_CLN-p092_emo_contentment_freeform.csv,Train
p092_emo_contentment_sentences,BASELINE_p092_emo_contentment_sentences_NOIZEUS_NOISE_DATASET_Inside Train_2_SNR[10]dB,16000,1.5167944431304932,9.997347831726074,0.789560854434967,2.9051902294158936,3.327940641968244,2.3641442990754227,2.1931136864945464,BASELINE_NOIZEUS_EARS_metrics.csv_ENH-BASELINE_p092_emo_contentment_sentences_NOIZEUS_NOISE_DATASET_Inside Train_2_SNR[10]dB_CLN-p092_emo_contentment_sentences.csv,GTCRN_p092_emo_contentment_sentences_Noise Recordings_Inside Train_3_SNR[10]dB,16000,1.8471773862838743,15.27185344696045,0.7968456745147705,3.648453712463379,3.660681514919105,3.808812498324879,3.1522215593268883,GTCRN_NOIZEUS_EARS_metrics.csv_ENH-GTCRN_p092_emo_contentment_sentences_Noise Recordings_Inside Train_3_SNR[10]dB_CLN-p092_emo_contentment_sentences.csv,GTCRN_p092_emo_contentment_sentences_NOIZEUS_NOISE_DATASET_Inside Train_2_SNR[10]dB.wav,16000,2.181344985961914,15.529037475585938,0.8163462281227112,3.7167232036590576,4.06353911273545,4.100037802709428,3.570274214089369,GTCRN_EXP3p2a_data_ENH-GTCRN_p092_emo_contentment_sentences_NOIZEUS_NOISE_DATASET_Inside Train_2_SNR[10]dB_CLN-p092_emo_contentment_sentences.csv,mband_py_N6_lin_AVR1_p092_emo_contentment_sentences_NOIZEUS_NOISE_DATASET_Inside Train_2_SNR[10]dB,16000,2.115044593811035,12.334890365600586,0.7916982769966125,3.2569379806518555,3.605343291643565,3.177233091127908,2.835430374743813,mband_py_N6_lin_AVR1_metrics.csv_ENH-mband_py_N6_lin_AVR1_p092_emo_contentment_sentences_NOIZEUS_NOISE_DATASET_Inside Train_2_SNR[10]dB_CLN-p092_emo_contentment_sentences.csv,mband_py_N16_lin_AVR1_p092_emo_contentment_sentences_NOIZEUS_NOISE_DATASET_Inside Train_2_SNR[10]dB,16000,1.9613404273986816,11.911959648132324,0.7901806235313416,3.1029574871063232,3.1763897201906923,2.915609661892984,2.4234826271927066,mband_py_N16_lin_AVR1_metrics.csv_ENH-mband_py_N16_lin_AVR1_p092_emo_contentment_sentences_NOIZEUS_NOISE_DATASET_Inside Train_2_SNR[10]dB_CLN-p092_emo_contentment_sentences.csv,GTCRN+SS_p092_emo_contentment_sentences_NOIZEUS_NOISE_DATASET_Inside Train_2_SNR[10]dB,16000,2.202944040298462,15.134730339050291,0.8153344988822937,3.67021918296814,4.15649964010878,4.022393388492964,3.609981515932814,GTCRN_SS_NOIZEUS_EARS_metrics.csv_ENH-GTCRN+SS_p092_emo_contentment_sentences_NOIZEUS_NOISE_DATASET_Inside Train_2_SNR[10]dB_CLN-p092_emo_contentment_sentences.csv,Train
p092_emo_cuteness_freeform,BASELINE_p092_emo_cuteness_freeform_NOIZEUS_NOISE_DATASET_Inside Train_3_SNR[10]dB,16000,1.209849834442139,9.981278419494627,0.6807807683944702,2.603095388412476,3.9026281511987255,2.287284326391682,2.619030555109424,BASELINE_NOIZEUS_EARS_metrics.csv_ENH-BASELINE_p092_emo_cuteness_freeform_NOIZEUS_NOISE_DATASET_Inside Train_3_SNR[10]dB_CLN-p092_emo_cuteness_freeform.csv,GTCRN_p092_emo_cuteness_freeform_Noise Recordings_PC Fan Noise_SNR[10]dB,16000,1.938525438308716,15.060317993164062,0.6907485723495483,2.639592695236206,3.831056759945909,4.125513677616998,3.346552786029206,GTCRN_NOIZEUS_EARS_metrics.csv_ENH-GTCRN_p092_emo_cuteness_freeform_Noise Recordings_PC Fan Noise_SNR[10]dB_CLN-p092_emo_cuteness_freeform.csv,GTCRN_p092_emo_cuteness_freeform_NOIZEUS_NOISE_DATASET_Inside Train_3_SNR[10]dB.wav,16000,1.4933887720108032,11.42521858215332,0.633882999420166,2.594390201568604,3.047983287174368,3.169283174276861,2.469369048955365,GTCRN_EXP3p2a_data_ENH-GTCRN_p092_emo_cuteness_freeform_NOIZEUS_NOISE_DATASET_Inside Train_3_SNR[10]dB_CLN-p092_emo_cuteness_freeform.csv,mband_py_N6_lin_AVR1_p092_emo_cuteness_freeform_NOIZEUS_NOISE_DATASET_Inside Train_3_SNR[10]dB,16000,1.4791669845581057,13.895329475402832,0.6752122640609741,2.592599296569824,3.590102100526599,2.1349216434752853,2.3052601261021493,mband_py_N6_lin_AVR1_metrics.csv_ENH-mband_py_N6_lin_AVR1_p092_emo_cuteness_freeform_NOIZEUS_NOISE_DATASET_Inside Train_3_SNR[10]dB_CLN-p092_emo_cuteness_freeform.csv,mband_py_N16_lin_AVR1_p092_emo_cuteness_freeform_NOIZEUS_NOISE_DATASET_Inside Train_3_SNR[10]dB,16000,1.46768057346344,13.737520217895508,0.6704877018928528,2.6728042125701905,2.9810334595115813,2.256273081138576,2.086171495222122,mband_py_N16_lin_AVR1_metrics.csv_ENH-mband_py_N16_lin_AVR1_p092_emo_cuteness_freeform_NOIZEUS_NOISE_DATASET_Inside Train_3_SNR[10]dB_CLN-p092_emo_cuteness_freeform.csv,GTCRN+SS_p092_emo_cuteness_freeform_NOIZEUS_NOISE_DATASET_Inside Train_3_SNR[10]dB,16000,1.5149157047271729,11.33452033996582,0.6322439908981323,2.600349903106689,3.090566414607941,3.0321561158963624,2.4609611289332123,GTCRN_SS_NOIZEUS_EARS_metrics.csv_ENH-GTCRN+SS_p092_emo_cuteness_freeform_NOIZEUS_NOISE_DATASET_Inside Train_3_SNR[10]dB_CLN-p092_emo_cuteness_freeform.csv,Train
p092_emo_cuteness_sentences,BASELINE_p092_emo_cuteness_sentences_NOIZEUS_NOISE_DATASET_PC Fan Noise_SNR[10]dB,16000,1.2817089557647705,9.998371124267578,0.7751016616821289,2.761836290359497,4.269006221774776,2.4611210839813733,2.8498613255623755,BASELINE_NOIZEUS_EARS_metrics.csv_ENH-BASELINE_p092_emo_cuteness_sentences_NOIZEUS_NOISE_DATASET_PC Fan Noise_SNR[10]dB_CLN-p092_emo_cuteness_sentences.csv,GTCRN_p092_emo_cuteness_sentences_Noise Recordings_SSN_IEEE_SNR[10]dB,16000,1.8461323976516724,13.502392768859863,0.6968808770179749,2.6384286880493164,3.900753388886297,3.5669731862772425,3.13772611108206,GTCRN_NOIZEUS_EARS_metrics.csv_ENH-GTCRN_p092_emo_cuteness_sentences_Noise Recordings_SSN_IEEE_SNR[10]dB_CLN-p092_emo_cuteness_sentences.csv,GTCRN_p092_emo_cuteness_sentences_NOIZEUS_NOISE_DATASET_PC Fan Noise_SNR[10]dB.wav,16000,2.2613461017608643,18.168331146240234,0.7572590708732605,2.69189190864563,4.156333003748485,4.1674399307571965,3.690505061719181,GTCRN_EXP3p2a_data_ENH-GTCRN_p092_emo_cuteness_sentences_NOIZEUS_NOISE_DATASET_PC Fan Noise_SNR[10]dB_CLN-p092_emo_cuteness_sentences.csv,mband_py_N6_lin_AVR1_p092_emo_cuteness_sentences_NOIZEUS_NOISE_DATASET_PC Fan Noise_SNR[10]dB,16000,1.94009792804718,15.660476684570312,0.7816682457923889,2.8481169939041138,4.083303346948718,2.406895196038501,2.7481270489113685,mband_py_N6_lin_AVR1_metrics.csv_ENH-mband_py_N6_lin_AVR1_p092_emo_cuteness_sentences_NOIZEUS_NOISE_DATASET_PC Fan Noise_SNR[10]dB_CLN-p092_emo_cuteness_sentences.csv,mband_py_N16_lin_AVR1_p092_emo_cuteness_sentences_NOIZEUS_NOISE_DATASET_PC Fan Noise_SNR[10]dB,16000,1.671980619430542,15.226326942443848,0.7848422527313232,2.7811279296875,3.4712993501786444,2.3789867229862045,2.398120949923168,mband_py_N16_lin_AVR1_metrics.csv_ENH-mband_py_N16_lin_AVR1_p092_emo_cuteness_sentences_NOIZEUS_NOISE_DATASET_PC Fan Noise_SNR[10]dB_CLN-p092_emo_cuteness_sentences.csv,GTCRN+SS_p092_emo_cuteness_sentences_NOIZEUS_NOISE_DATASET_PC Fan Noise_SNR[10]dB,16000,2.2907192707061768,17.288053512573242,0.7563964128494263,2.646394371986389,4.3985268031090685,4.478049014628548,4.026309935240279,GTCRN_SS_NOIZEUS_EARS_metrics.csv_ENH-GTCRN+SS_p092_emo_cuteness_sentences_NOIZEUS_NOISE_DATASET_PC Fan Noise_SNR[10]dB_CLN-p092_emo_cuteness_sentences.csv,Stationary
p092_emo_desire_freeform,BASELINE_p092_emo_desire_freeform_NOIZEUS_NOISE_DATASET_SSN_IEEE_SNR[10]dB,16000,1.2145620584487915,10.013667106628418,0.7838144898414612,2.893488089243571,4.143377276930316,2.392649755516853,2.7382702402108112,BASELINE_NOIZEUS_EARS_metrics.csv_ENH-BASELINE_p092_emo_desire_freeform_NOIZEUS_NOISE_DATASET_SSN_IEEE_SNR[10]dB_CLN-p092_emo_desire_freeform.csv,GTCRN_p092_emo_desire_freeform_Noise Recordings_Street Noise_SNR[10]dB,16000,1.781299114227295,14.227776527404783,0.817567765712738,3.213882048924764,3.2979837914589347,3.38905870874016,2.682822814205059,GTCRN_NOIZEUS_EARS_metrics.csv_ENH-GTCRN_p092_emo_desire_freeform_Noise Recordings_Street Noise_SNR[10]dB_CLN-p092_emo_desire_freeform.csv,GTCRN_p092_emo_desire_freeform_NOIZEUS_NOISE_DATASET_SSN_IEEE_SNR[10]dB.wav,16000,1.776212215423584,14.694375991821287,0.8166561722755432,3.280135750770569,3.403800647573527,3.2753810836421304,2.7048344393269628,GTCRN_EXP3p2a_data_ENH-GTCRN_p092_emo_desire_freeform_NOIZEUS_NOISE_DATASET_SSN_IEEE_SNR[10]dB_CLN-p092_emo_desire_freeform.csv,mband_py_N6_lin_AVR1_p092_emo_desire_freeform_NOIZEUS_NOISE_DATASET_SSN_IEEE_SNR[10]dB,16000,1.6274577379226685,11.509743690490724,0.7869638800621033,3.132947564125061,3.0120821582853328,2.706124105730803,2.242956626833086,mband_py_N6_lin_AVR1_metrics.csv_ENH-mband_py_N6_lin_AVR1_p092_emo_desire_freeform_NOIZEUS_NOISE_DATASET_SSN_IEEE_SNR[10]dB_CLN-p092_emo_desire_freeform.csv,mband_py_N16_lin_AVR1_p092_emo_desire_freeform_NOIZEUS_NOISE_DATASET_SSN_IEEE_SNR[10]dB,16000,1.5089553594589231,11.592374801635742,0.7892639636993408,2.8863601684570312,3.747064268163859,2.3321055752700994,2.5725914984145146,mband_py_N16_lin_AVR1_metrics.csv_ENH-mband_py_N16_lin_AVR1_p092_emo_desire_freeform_NOIZEUS_NOISE_DATASET_SSN_IEEE_SNR[10]dB_CLN-p092_emo_desire_freeform.csv,GTCRN+SS_p092_emo_desire_freeform_NOIZEUS_NOISE_DATASET_SSN_IEEE_SNR[10]dB,16000,1.7861309051513672,14.354255676269531,0.8156363368034363,3.314519087473552,3.443031064338579,3.412662340565588,2.77564888000877,GTCRN_SS_NOIZEUS_EARS_metrics.csv_ENH-GTCRN+SS_p092_emo_desire_freeform_NOIZEUS_NOISE_DATASET_SSN_IEEE_SNR[10]dB_CLN-p092_emo_desire_freeform.csv,Stationary
p092_emo_desire_sentences,BASELINE_p092_emo_desire_sentences_NOIZEUS_NOISE_DATASET_Street Noise_SNR[10]dB,16000,1.3881707191467283,10.014333724975586,0.75400310754776,2.907525936762492,3.875489614962664,2.6859272818492266,2.603288675802089,BASELINE_NOIZEUS_EARS_metrics.csv_ENH-BASELINE_p092_emo_desire_sentences_NOIZEUS_NOISE_DATASET_Street Noise_SNR[10]dB_CLN-p092_emo_desire_sentences.csv,GTCRN_p092_emo_desire_sentences_Noise Recordings_Street Noise_downtown_SNR[10]dB,16000,2.0460216999053955,14.758368492126465,0.7848647236824036,3.611936012903849,3.947152777927693,3.69578912245338,3.328718042289122,GTCRN_NOIZEUS_EARS_metrics.csv_ENH-GTCRN_p092_emo_desire_sentences_Noise Recordings_Street Noise_downtown_SNR[10]dB_CLN-p092_emo_desire_sentences.csv,GTCRN_p092_emo_desire_sentences_NOIZEUS_NOISE_DATASET_Street Noise_SNR[10]dB.wav,16000,2.046478271484375,15.105012893676758,0.7850398421287537,3.477205435434977,3.893654516556536,3.263053654086878,3.04285236573738,GTCRN_EXP3p2a_data_ENH-GTCRN_p092_emo_desire_sentences_NOIZEUS_NOISE_DATASET_Street Noise_SNR[10]dB_CLN-p092_emo_desire_sentences.csv,mband_py_N6_lin_AVR1_p092_emo_desire_sentences_NOIZEUS_NOISE_DATASET_Street Noise_SNR[10]dB,16000,1.8921558856964111,10.950881004333496,0.7568923234939575,3.168365875879924,3.629352490214971,2.8781062667132744,2.650109810584446,mband_py_N6_lin_AVR1_metrics.csv_ENH-mband_py_N6_lin_AVR1_p092_emo_desire_sentences_NOIZEUS_NOISE_DATASET_Street Noise_SNR[10]dB_CLN-p092_emo_desire_sentences.csv,mband_py_N16_lin_AVR1_p092_emo_desire_sentences_NOIZEUS_NOISE_DATASET_Street Noise_SNR[10]dB,16000,1.833942532539368,13.287066459655762,0.7523676156997681,3.03912083307902,3.3815548939748434,2.594853485871296,2.3483781681885936,mband_py_N16_lin_AVR1_metrics.csv_ENH-mband_py_N16_lin_AVR1_p092_emo_desire_sentences_NOIZEUS_NOISE_DATASET_Street Noise_SNR[10]dB_CLN-p092_emo_desire_sentences.csv,GTCRN+SS_p092_emo_desire_sentences_NOIZEUS_NOISE_DATASET_Street Noise_SNR[10]dB,16000,2.0631039142608643,14.72420597076416,0.7839971780776978,3.5128751595815024,3.836189926471416,3.2206895546233323,2.981969941638758,GTCRN_SS_NOIZEUS_EARS_metrics.csv_ENH-GTCRN+SS_p092_emo_desire_sentences_NOIZEUS_NOISE_DATASET_Street Noise_SNR[10]dB_CLN-p092_emo_desire_sentences.csv,Street
p092_emo_disappointment_freeform,BASELINE_p092_emo_disappointment_freeform_NOIZEUS_NOISE_DATASET_Street Noise_downtown_SNR[10]dB,16000,1.409592866897583,10.000487327575684,0.811381995677948,2.860039268221174,4.3633342031925775,2.215947639948346,2.7820344978680724,BASELINE_NOIZEUS_EARS_metrics.csv_ENH-BASELINE_p092_emo_disappointment_freeform_NOIZEUS_NOISE_DATASET_Street Noise_downtown_SNR[10]dB_CLN-p092_emo_disappointment_freeform.csv,GTCRN_p092_emo_disappointment_freeform_Noise Recordings_Train1_SNR[10]dB,16000,1.94248116016388,14.221200942993164,0.8392050266265869,3.546770708901541,3.932945105001642,3.549940673299916,3.218143315433278,GTCRN_NOIZEUS_EARS_metrics.csv_ENH-GTCRN_p092_emo_disappointment_freeform_Noise Recordings_Train1_SNR[10]dB_CLN-p092_emo_disappointment_freeform.csv,GTCRN_p092_emo_disappointment_freeform_NOIZEUS_NOISE_DATASET_Street Noise_downtown_SNR[10]dB.wav,16000,1.978710412979126,14.345611572265623,0.8391060829162598,3.670994928904942,4.1411004332073125,3.601759178555616,3.386876821299566,GTCRN_EXP3p2a_data_ENH-GTCRN_p092_emo_disappointment_freeform_NOIZEUS_NOISE_DATASET_Street Noise_downtown_SNR[10]dB_CLN-p092_emo_disappointment_freeform.csv,mband_py_N6_lin_AVR1_p092_emo_disappointment_freeform_NOIZEUS_NOISE_DATASET_Street Noise_downtown_SNR[10]dB,16000,1.7909212112426758,12.767450332641602,0.8172895312309265,3.069470167160034,4.231405988703616,2.477934642240683,2.8889464963064184,mband_py_N6_lin_AVR1_metrics.csv_ENH-mband_py_N6_lin_AVR1_p092_emo_disappointment_freeform_NOIZEUS_NOISE_DATASET_Street Noise_downtown_SNR[10]dB_CLN-p092_emo_disappointment_freeform.csv,mband_py_N16_lin_AVR1_p092_emo_disappointment_freeform_NOIZEUS_NOISE_DATASET_Street Noise_downtown_SNR[10]dB,16000,1.78365159034729,13.1422700881958,0.8107277750968933,2.842623710632324,4.072333485509948,2.5187090447895124,2.8305196190301176,mband_py_N16_lin_AVR1_metrics.csv_ENH-mband_py_N16_lin_AVR1_p092_emo_disappointment_freeform_NOIZEUS_NOISE_DATASET_Street Noise_downtown_SNR[10]dB_CLN-p092_emo_disappointment_freeform.csv,GTCRN+SS_p092_emo_disappointment_freeform_NOIZEUS_NOISE_DATASET_Street Noise_downtown_SNR[10]dB,16000,1.982515931129456,14.120606422424316,0.8385863304138184,3.668939862932478,4.217503169734195,3.875137383946485,3.5874860331600607,GTCRN_SS_NOIZEUS_EARS_metrics.csv_ENH-GTCRN+SS_p092_emo_disappointment_freeform_NOIZEUS_NOISE_DATASET_Street Noise_downtown_SNR[10]dB_CLN-p092_emo_disappointment_freeform.csv,Street
p092_emo_disappointment_sentences,BASELINE_p092_emo_disappointment_sentences_NOIZEUS_NOISE_DATASET_Train1_SNR[10]dB,16000,1.316823959350586,10.003313064575195,0.731379508972168,3.0084338188171387,4.275481746642327,2.68623439685566,3.0260803468148496,BASELINE_NOIZEUS_EARS_metrics.csv_ENH-BASELINE_p092_emo_disappointment_sentences_NOIZEUS_NOISE_DATASET_Train1_SNR[10]dB_CLN-p092_emo_disappointment_sentences.csv,GTCRN_p092_emo_disappointment_sentences_Noise Recordings_Train2_SNR[10]dB,16000,2.093472719192505,16.236669540405273,0.7640936374664307,3.551557898521424,4.334815522661986,4.212815180360843,3.907324114506294,GTCRN_NOIZEUS_EARS_metrics.csv_ENH-GTCRN_p092_emo_disappointment_sentences_Noise Recordings_Train2_SNR[10]dB_CLN-p092_emo_disappointment_sentences.csv,GTCRN_p092_emo_disappointment_sentences_NOIZEUS_NOISE_DATASET_Train1_SNR[10]dB.wav,16000,1.580482006072998,15.52495574951172,0.7570195198059082,3.655157685279846,4.457435142169137,4.386945186851347,4.08359059937709,GTCRN_EXP3p2a_data_ENH-GTCRN_p092_emo_disappointment_sentences_NOIZEUS_NOISE_DATASET_Train1_SNR[10]dB_CLN-p092_emo_disappointment_sentences.csv,mband_py_N6_lin_AVR1_p092_emo_disappointment_sentences_NOIZEUS_NOISE_DATASET_Train1_SNR[10]dB,16000,1.6103506088256836,8.89346694946289,0.7329750061035156,3.1751365661621094,4.389713242453163,3.0446532096633137,3.296203643258744,mband_py_N6_lin_AVR1_metrics.csv_ENH-mband_py_N6_lin_AVR1_p092_emo_disappointment_sentences_NOIZEUS_NOISE_DATASET_Train1_SNR[10]dB_CLN-p092_emo_disappointment_sentences.csv,mband_py_N16_lin_AVR1_p092_emo_disappointment_sentences_NOIZEUS_NOISE_DATASET_Train1_SNR[10]dB,16000,1.485013484954834,9.04910659790039,0.7314421534538269,3.0536348819732666,4.274961554124748,3.0518505087207743,3.2179134720302054,mband_py_N16_lin_AVR1_metrics.csv_ENH-mband_py_N16_lin_AVR1_p092_emo_disappointment_sentences_NOIZEUS_NOISE_DATASET_Train1_SNR[10]dB_CLN-p092_emo_disappointment_sentences.csv,GTCRN+SS_p092_emo_disappointment_sentences_NOIZEUS_NOISE_DATASET_Train1_SNR[10]dB,16000,1.6182693243026731,14.922971725463867,0.7561323642730713,3.636959671974182,4.436847177961555,4.354996957713734,4.05358903808597,GTCRN_SS_NOIZEUS_EARS_metrics.csv_ENH-GTCRN+SS_p092_emo_disappointment_sentences_NOIZEUS_NOISE_DATASET_Train1_SNR[10]dB_CLN-p092_emo_disappointment_sentences.csv,Train
p092_emo_disgust_freeform,BASELINE_p092_emo_disgust_freeform_NOIZEUS_NOISE_DATASET_Train2_SNR[10]dB,16000,1.4864988327026367,10.005793571472168,0.8653387427330017,2.8971451010022844,4.112163436989386,1.9592322380061664,2.4133400515916605,BASELINE_NOIZEUS_EARS_metrics.csv_ENH-BASELINE_p092_emo_disgust_freeform_NOIZEUS_NOISE_DATASET_Train2_SNR[10]dB_CLN-p092_emo_disgust_freeform.csv,GTCRN_p092_emo_disgust_freeform_Noise Recordings_Water Cooler_SNR[10]dB,16000,2.291334629058838,15.95679759979248,0.8904228806495667,3.517949274608067,3.964629297835372,2.8998278768568686,2.944603138591043,GTCRN_NOIZEUS_EARS_metrics.csv_ENH-GTCRN_p092_emo_disgust_freeform_Noise Recordings_Water Cooler_SNR[10]dB_CLN-p092_emo_disgust_freeform.csv,GTCRN_p092_emo_disgust_freeform_NOIZEUS_NOISE_DATASET_Train2_SNR[10]dB.wav,16000,1.7305508852005005,13.61941909790039,0.8848252892494202,3.298272269112723,3.8832407977041705,3.4642161979767567,3.2033282754480545,GTCRN_EXP3p2a_data_ENH-GTCRN_p092_emo_disgust_freeform_NOIZEUS_NOISE_DATASET_Train2_SNR[10]dB_CLN-p092_emo_disgust_freeform.csv,mband_py_N6_lin_AVR1_p092_emo_disgust_freeform_NOIZEUS_NOISE_DATASET_Train2_SNR[10]dB,16000,1.570404052734375,9.3223876953125,0.8641841411590576,2.9801240307944163,4.11593007832744,2.250378950555432,2.622409405174245,mband_py_N6_lin_AVR1_metrics.csv_ENH-mband_py_N6_lin_AVR1_p092_emo_disgust_freeform_NOIZEUS_NOISE_DATASET_Train2_SNR[10]dB_CLN-p092_emo_disgust_freeform.csv,mband_py_N16_lin_AVR1_p092_emo_disgust_freeform_NOIZEUS_NOISE_DATASET_Train2_SNR[10]dB,16000,1.5822949409484863,9.708910942077637,0.8648771047592163,2.94246506690979,4.1369757182353215,2.098510485927403,2.550412238250491,mband_py_N16_lin_AVR1_metrics.csv_ENH-mband_py_N16_lin_AVR1_p092_emo_disgust_freeform_NOIZEUS_NOISE_DATASET_Train2_SNR[10]dB_CLN-p092_emo_disgust_freeform.csv,GTCRN+SS_p092_emo_disgust_freeform_NOIZEUS_NOISE_DATASET_Train2_SNR[10]dB,16000,1.7376704216003418,13.302397727966309,0.8842734098434448,3.29087097304208,3.8938823280488783,3.565658171945142,3.254338033639694,GTCRN_SS_NOIZEUS_EARS_metrics.csv_ENH-GTCRN+SS_p092_emo_disgust_freeform_NOIZEUS_NOISE_DATASET_Train2_SNR[10]dB_CLN-p092_emo_disgust_freeform.csv,Train
p092_emo_disgust_sentences,BASELINE_p092_emo_disgust_sentences_NOIZEUS_NOISE_DATASET_Water Cooler_SNR[10]dB,16000,1.8104350566864007,9.99301528930664,0.7555624842643738,3.0408087253570555,4.348184897428313,2.4445644028654967,2.863029658666598,BASELINE_NOIZEUS_EARS_metrics.csv_ENH-BASELINE_p092_emo_disgust_sentences_NOIZEUS_NOISE_DATASET_Water Cooler_SNR[10]dB_CLN-p092_emo_disgust_sentences.csv,GTCRN_p092_emo_disgust_sentences_Noise Recordings_cafeteria_babble_SNR[10]dB,16000,2.171837329864502,14.562599182128906,0.7602918744087219,3.542518949508667,4.164607841085977,3.512609344907659,3.404098332264187,GTCRN_NOIZEUS_EARS_metrics.csv_ENH-GTCRN_p092_emo_disgust_sentences_Noise Recordings_cafeteria_babble_SNR[10]dB_CLN-p092_emo_disgust_sentences.csv,GTCRN_p092_emo_disgust_sentences_NOIZEUS_NOISE_DATASET_Water Cooler_SNR[10]dB.wav,16000,2.616237163543701,15.60980987548828,0.8038471341133118,3.580362558364868,4.201777745152728,3.562249696990046,3.438697416164061,GTCRN_EXP3p2a_data_ENH-GTCRN_p092_emo_disgust_sentences_NOIZEUS_NOISE_DATASET_Water Cooler_SNR[10]dB_CLN-p092_emo_disgust_sentences.csv,mband_py_N6_lin_AVR1_p092_emo_disgust_sentences_NOIZEUS_NOISE_DATASET_Water Cooler_SNR[10]dB,16000,2.353309392929077,12.164283752441406,0.7588573098182678,3.064941930770874,4.017569574926911,2.802364889813571,2.943760780039931,mband_py_N6_lin_AVR1_metrics.csv_ENH-mband_py_N6_lin_AVR1_p092_emo_disgust_sentences_NOIZEUS_NOISE_DATASET_Water Cooler_SNR[10]dB_CLN-p092_emo_disgust_sentences.csv,mband_py_N16_lin_AVR1_p092_emo_disgust_sentences_NOIZEUS_NOISE_DATASET_Water Cooler_SNR[10]dB,16000,2.2884199619293213,14.416647911071776,0.7584989666938782,3.076174116134644,4.0508845116020336,2.504052907960325,2.790836097274313,mband_py_N16_lin_AVR1_metrics.csv_ENH-mband_py_N16_lin_AVR1_p092_emo_disgust_sentences_NOIZEUS_NOISE_DATASET_Water Cooler_SNR[10]dB_CLN-p092_emo_disgust_sentences.csv,GTCRN+SS_p092_emo_disgust_sentences_NOIZEUS_NOISE_DATASET_Water Cooler_SNR[10]dB,16000,2.637681007385254,15.235746383666992,0.8026763796806335,3.5758103370666503,4.2523122536847495,3.827557889208296,3.640424872265775,GTCRN_SS_NOIZEUS_EARS_metrics.csv_ENH-GTCRN+SS_p092_emo_disgust_sentences_NOIZEUS_NOISE_DATASET_Water Cooler_SNR[10]dB_CLN-p092_emo_disgust_sentences.csv,Stationary
